[03:32:59.639][INFO]: CoT: Successfully identified and loaded ContentTweaker plugin contenttweaker:vanilla
[03:32:59.642][INFO]: CoT: Successfully identified and loaded ContentTweaker plugin contenttweaker:forge
[03:32:59.694][INFO]: Successfully identified and loaded plugin contenttweaker:core
[03:32:59.696][INFO]: Successfully identified and loaded plugin jeitweaker:default
[03:32:59.703][INFO]: Successfully identified and loaded plugin crafttweaker:builtin
[03:32:59.704][INFO]: Successfully identified and loaded plugin crafttweaker:builtin_forge
[03:32:59.710][INFO]: Successfully identified and loaded plugin immersiveengineering:ct_module
[03:33:00.883][INFO]: The following mods have explicit CraftTweaker support through the default plugin:
[03:33:00.884][INFO]: - 'contenttweaker' at version '1.0.0+13'
[03:33:00.884][INFO]: - 'crafttweaker' at version '9.1.211'
[03:33:00.884][INFO]: - 'createtweaker' at version '2.0.0.20'
[03:33:00.884][INFO]: - 'farmersdelight' at version '1.18.2-1.2.3'
[03:33:00.884][INFO]: - 'immersivepetroleum' at version '4.2.0-25'
[03:33:00.884][INFO]: - 'jeitweaker' at version '3.0.0.9'
[03:33:01.728][INFO]: Started loading scripts for loader 'contenttweaker'
[03:33:02.275][INFO]: Compiling and executing scripts
[03:33:02.580][INFO]: Successfully initialized modules [crafttweaker, contenttweaker, expansions]
[03:33:02.601][INFO]: Loading file 'Generic/newitem.zs' with priority 0
[03:33:02.787][INFO]: Registering object of type minecraft:creative_tab[S]{net.minecraft.world.item.CreativeModeTab} with name minecraft:deceased_tab
[03:33:02.795][INFO]: Registering object of type minecraft:item[R]{net.minecraft.world.item.Item} with name contenttweaker:horde_beacon
[03:33:02.848][INFO]: Registering object of type minecraft:item[R]{net.minecraft.world.item.Item} with name contenttweaker:incomplete_solar_panel
[03:33:02.851][INFO]: Registering object of type minecraft:item[R]{net.minecraft.world.item.Item} with name contenttweaker:incomplete_ender_pearl
[03:33:02.852][INFO]: Registering object of type minecraft:item[R]{net.minecraft.world.item.Item} with name contenttweaker:polyethylene
[03:33:02.853][INFO]: Registering object of type minecraft:item[R]{net.minecraft.world.item.Item} with name contenttweaker:high_carbon_steel_alloy
[03:33:02.855][INFO]: Registering object of type minecraft:item[R]{net.minecraft.world.item.Item} with name contenttweaker:resistant_fiber
[03:33:02.856][INFO]: Registering object of type minecraft:item[R]{net.minecraft.world.item.Item} with name contenttweaker:resistant_fabric
[03:33:02.856][INFO]: Registering object of type minecraft:item[R]{net.minecraft.world.item.Item} with name contenttweaker:rubber
[03:33:02.856][INFO]: Registering object of type minecraft:item[R]{net.minecraft.world.item.Item} with name contenttweaker:research_paper_1
[03:33:02.857][INFO]: Registering object of type minecraft:item[R]{net.minecraft.world.item.Item} with name contenttweaker:research_paper_2
[03:33:02.858][INFO]: Registering object of type minecraft:item[R]{net.minecraft.world.item.Item} with name contenttweaker:research_paper_3
[03:33:02.858][INFO]: Registering object of type minecraft:item[R]{net.minecraft.world.item.Item} with name contenttweaker:research_paper_4
[03:33:02.859][INFO]: Registering object of type minecraft:item[R]{net.minecraft.world.item.Item} with name contenttweaker:research_paper_5
[03:33:02.859][INFO]: Registering object of type minecraft:item[R]{net.minecraft.world.item.Item} with name contenttweaker:research_book
[03:33:02.860][INFO]: Registering object of type minecraft:item[R]{net.minecraft.world.item.Item} with name contenttweaker:formula_x
[03:33:02.860][INFO]: Registering object of type minecraft:item[R]{net.minecraft.world.item.Item} with name contenttweaker:incomplete_electron_tube
[03:33:02.861][INFO]: Registering object of type minecraft:item[R]{net.minecraft.world.item.Item} with name contenttweaker:incomplete_component_electronic
[03:33:02.861][INFO]: Registering object of type minecraft:item[R]{net.minecraft.world.item.Item} with name contenttweaker:incomplete_component_electronic_adv
[03:33:02.862][INFO]: Registering object of type minecraft:item[R]{net.minecraft.world.item.Item} with name contenttweaker:silica_dust
[03:33:02.862][INFO]: Registering object of type minecraft:item[R]{net.minecraft.world.item.Item} with name contenttweaker:incomplete_basic_processor
[03:33:02.864][INFO]: Registering object of type minecraft:item[R]{net.minecraft.world.item.Item} with name contenttweaker:incomplete_improved_processor
[03:33:02.864][INFO]: Registering object of type minecraft:item[R]{net.minecraft.world.item.Item} with name contenttweaker:incomplete_advanced_processor
[03:33:02.865][INFO]: Registering object of type minecraft:item[R]{net.minecraft.world.item.Item} with name contenttweaker:incomplete_1k_storage_part
[03:33:02.866][INFO]: Registering object of type minecraft:item[R]{net.minecraft.world.item.Item} with name contenttweaker:incomplete_4k_storage_part
[03:33:02.867][INFO]: Registering object of type minecraft:item[R]{net.minecraft.world.item.Item} with name contenttweaker:incomplete_16k_storage_part
[03:33:02.868][INFO]: Registering object of type minecraft:item[R]{net.minecraft.world.item.Item} with name contenttweaker:incomplete_64k_storage_part
[03:33:02.869][INFO]: Registering object of type minecraft:item[R]{net.minecraft.world.item.Item} with name contenttweaker:incomplete_64k_fluid_storage_part
[03:33:02.870][INFO]: Registering object of type minecraft:item[R]{net.minecraft.world.item.Item} with name contenttweaker:incomplete_256k_fluid_storage_part
[03:33:02.870][INFO]: Registering object of type minecraft:item[R]{net.minecraft.world.item.Item} with name contenttweaker:incomplete_1024k_fluid_storage_part
[03:33:02.871][INFO]: Registering object of type minecraft:item[R]{net.minecraft.world.item.Item} with name contenttweaker:incomplete_4096k_fluid_storage_part
[03:33:02.872][INFO]: Registering object of type minecraft:item[R]{net.minecraft.world.item.Item} with name contenttweaker:x_factor
[03:33:02.873][INFO]: Registering object of type minecraft:item[R]{net.minecraft.world.item.Item} with name contenttweaker:mold_basic_processor
[03:33:02.874][INFO]: Registering object of type minecraft:item[R]{net.minecraft.world.item.Item} with name contenttweaker:mold_improved_processor
[03:33:02.874][INFO]: Registering object of type minecraft:item[R]{net.minecraft.world.item.Item} with name contenttweaker:mold_advanced_processor
[03:33:02.875][INFO]: Registering object of type minecraft:item[R]{net.minecraft.world.item.Item} with name contenttweaker:incomplete_bullet
[03:33:02.876][INFO]: Registering object of type minecraft:item[R]{net.minecraft.world.item.Item} with name contenttweaker:bullet_casing_9mm_round
[03:33:02.877][INFO]: Registering object of type minecraft:item[R]{net.minecraft.world.item.Item} with name contenttweaker:bullet_casing_10_gauge_round
[03:33:02.877][INFO]: Registering object of type minecraft:item[R]{net.minecraft.world.item.Item} with name contenttweaker:bullet_casing_46x30
[03:33:02.879][INFO]: Registering object of type minecraft:item[R]{net.minecraft.world.item.Item} with name contenttweaker:bullet_casing_50bmg
[03:33:02.879][INFO]: Registering object of type minecraft:item[R]{net.minecraft.world.item.Item} with name contenttweaker:bullet_casing_57x28
[03:33:02.880][INFO]: Registering object of type minecraft:item[R]{net.minecraft.world.item.Item} with name contenttweaker:bullet_casing_58x42
[03:33:02.882][INFO]: Registering object of type minecraft:item[R]{net.minecraft.world.item.Item} with name contenttweaker:bullet_casing_762x25
[03:33:02.883][INFO]: Registering object of type minecraft:item[R]{net.minecraft.world.item.Item} with name contenttweaker:bullet_casing_762x39
[03:33:02.883][INFO]: Registering object of type minecraft:item[R]{net.minecraft.world.item.Item} with name contenttweaker:bullet_casing_762x54
[03:33:02.884][INFO]: Registering object of type minecraft:item[R]{net.minecraft.world.item.Item} with name contenttweaker:bullet_casing_ae50
[03:33:02.884][INFO]: Registering object of type minecraft:item[R]{net.minecraft.world.item.Item} with name contenttweaker:bullet_casing_bmagnum
[03:33:02.885][INFO]: Registering object of type minecraft:item[R]{net.minecraft.world.item.Item} with name contenttweaker:bullet_casing_bullet68
[03:33:02.887][INFO]: Registering object of type minecraft:item[R]{net.minecraft.world.item.Item} with name contenttweaker:bullet_casing_bullet308
[03:33:02.887][INFO]: Registering object of type minecraft:item[R]{net.minecraft.world.item.Item} with name contenttweaker:bullet_casing_lapua338
[03:33:02.888][INFO]: Registering object of type minecraft:item[R]{net.minecraft.world.item.Item} with name contenttweaker:bullet_casing_nato556
[03:33:02.889][INFO]: Registering object of type minecraft:item[R]{net.minecraft.world.item.Item} with name contenttweaker:bullet_casing_round45
[03:33:02.889][INFO]: Registering object of type minecraft:item[R]{net.minecraft.world.item.Item} with name contenttweaker:bullet_casing_win3030
[03:33:02.890][INFO]: Registering object of type minecraft:item[R]{net.minecraft.world.item.Item} with name contenttweaker:mold_bullet_casing_9mm_round
[03:33:02.891][INFO]: Registering object of type minecraft:item[R]{net.minecraft.world.item.Item} with name contenttweaker:mold_bullet_casing_10_gauge_round
[03:33:02.892][INFO]: Registering object of type minecraft:item[R]{net.minecraft.world.item.Item} with name contenttweaker:mold_bullet_casing_46x30
[03:33:02.893][INFO]: Registering object of type minecraft:item[R]{net.minecraft.world.item.Item} with name contenttweaker:mold_bullet_casing_50bmg
[03:33:02.894][INFO]: Registering object of type minecraft:item[R]{net.minecraft.world.item.Item} with name contenttweaker:mold_bullet_casing_57x28
[03:33:02.896][INFO]: Registering object of type minecraft:item[R]{net.minecraft.world.item.Item} with name contenttweaker:mold_bullet_casing_58x42
[03:33:02.897][INFO]: Registering object of type minecraft:item[R]{net.minecraft.world.item.Item} with name contenttweaker:mold_bullet_casing_762x25
[03:33:02.897][INFO]: Registering object of type minecraft:item[R]{net.minecraft.world.item.Item} with name contenttweaker:mold_bullet_casing_762x39
[03:33:02.899][INFO]: Registering object of type minecraft:item[R]{net.minecraft.world.item.Item} with name contenttweaker:mold_bullet_casing_762x54
[03:33:02.899][INFO]: Registering object of type minecraft:item[R]{net.minecraft.world.item.Item} with name contenttweaker:mold_bullet_casing_ae50
[03:33:02.900][INFO]: Registering object of type minecraft:item[R]{net.minecraft.world.item.Item} with name contenttweaker:mold_bullet_casing_bmagnum
[03:33:02.901][INFO]: Registering object of type minecraft:item[R]{net.minecraft.world.item.Item} with name contenttweaker:mold_bullet_casing_bullet68
[03:33:02.904][INFO]: Registering object of type minecraft:item[R]{net.minecraft.world.item.Item} with name contenttweaker:mold_bullet_casing_bullet308
[03:33:02.905][INFO]: Registering object of type minecraft:item[R]{net.minecraft.world.item.Item} with name contenttweaker:mold_bullet_casing_lapua338
[03:33:02.905][INFO]: Registering object of type minecraft:item[R]{net.minecraft.world.item.Item} with name contenttweaker:mold_bullet_casing_nato556
[03:33:02.905][INFO]: Registering object of type minecraft:item[R]{net.minecraft.world.item.Item} with name contenttweaker:mold_bullet_casing_round45
[03:33:02.906][INFO]: Registering object of type minecraft:item[R]{net.minecraft.world.item.Item} with name contenttweaker:mold_bullet_casing_win3030
[03:33:02.907][INFO]: Registering object of type minecraft:item[R]{net.minecraft.world.item.Item} with name contenttweaker:incomplete_battery
[03:33:02.908][INFO]: Registering object of type minecraft:item[R]{net.minecraft.world.item.Item} with name contenttweaker:incomplete_engine_piston
[03:33:02.909][INFO]: Registering object of type minecraft:item[R]{net.minecraft.world.item.Item} with name contenttweaker:incomplete_engine_3_cylinder
[03:33:02.911][INFO]: Registering object of type minecraft:item[R]{net.minecraft.world.item.Item} with name contenttweaker:incomplete_engine_6_cylinder
[03:33:02.911][INFO]: Registering object of type minecraft:item[R]{net.minecraft.world.item.Item} with name contenttweaker:incomplete_engine_truck
[03:33:02.912][INFO]: Registering object of type minecraft:item[R]{net.minecraft.world.item.Item} with name contenttweaker:incomplete_wheel
[03:33:02.913][INFO]: Registering object of type minecraft:item[R]{net.minecraft.world.item.Item} with name contenttweaker:incomplete_big_wheel
[03:33:02.915][INFO]: Registering object of type minecraft:item[R]{net.minecraft.world.item.Item} with name contenttweaker:incomplete_small_tank
[03:33:02.915][INFO]: Registering object of type minecraft:item[R]{net.minecraft.world.item.Item} with name contenttweaker:incomplete_medium_tank
[03:33:02.916][INFO]: Registering object of type minecraft:item[R]{net.minecraft.world.item.Item} with name contenttweaker:incomplete_large_tank
[03:33:02.918][INFO]: Execution for loader 'contenttweaker' completed successfully
[03:33:13.669][INFO]: Started loading scripts for loader 'initialize'
[03:33:13.713][INFO]: Compiling and executing scripts
[03:33:13.715][INFO]: Successfully initialized modules [crafttweaker, expansions]
[03:33:13.744][INFO]: Execution for loader 'initialize' completed successfully
[03:33:24.323][WARN]: Two subcommands with the same ID soundevents found for dump: this it not a critical error
[03:33:24.324][WARN]: Two subcommands with the same ID materials found for dump: this it not a critical error
[03:33:27.348][INFO]: Started loading scripts for loader 'tags'
[03:33:27.376][INFO]: Compiling and executing scripts
[03:33:27.384][INFO]: Successfully initialized modules [crafttweaker, expansions]
[03:33:27.394][INFO]: Execution for loader 'tags' completed successfully
[03:33:29.882][INFO]: Started loading scripts for loader 'crafttweaker'
[03:33:29.906][INFO]: Compiling and executing scripts
[03:33:30.260][INFO]: Successfully initialized modules [mods, crafttweaker, expansions]
[03:33:30.261][INFO]: Loading file 'Generic/armorValue.zs' with priority 0
[03:33:30.298][INFO]: Loading file 'Generic/armor_recipe.zs' with priority 0
[03:33:30.423][INFO]: Loading file 'Generic/cures.zs' with priority 0
[03:33:30.425][INFO]: Loading file 'Generic/descriptions.zs' with priority 0
[03:33:30.428][INFO]: Loading file 'Generic/food.zs' with priority 0
[03:33:30.440][INFO]: Loading file 'Generic/food_xp_tag.zs' with priority 0
[03:33:30.450][INFO]: Loading file 'Generic/item.zs' with priority 0
[03:33:30.453][INFO]: Loading file 'Generic/material.zs' with priority 0
[03:33:30.458][INFO]: Loading file 'Generic/material_ore.zs' with priority 0
[03:33:30.466][INFO]: Loading file 'Generic/mre.zs' with priority 0
[03:33:30.469][INFO]: Loading file 'Generic/profession.zs' with priority 0
[03:33:30.480][INFO]: Loading file 'Generic/repair.zs' with priority 0
[03:33:30.483][INFO]: Loading file 'Generic/rightclick.zs' with priority 0
[03:33:30.483][INFO]: Loading file 'Generic/tag.zs' with priority 0
[03:33:30.504][INFO]: Loading file 'Generic/weaponValue.zs' with priority 0
[03:33:30.518][INFO]: Loading file 'Generic/weapon_recipe.zs' with priority 0
[03:33:30.538][INFO]: Loading file 'Mod/advanced_finders.zs' with priority 0
[03:33:30.538][INFO]: Loading file 'Mod/apocalypsenow.zs' with priority 0
[03:33:30.545][INFO]: Loading file 'Mod/car_components.zs' with priority 0
[03:33:30.606][INFO]: Loading file 'Mod/car_containers.zs' with priority 0
[03:33:30.620][INFO]: Loading file 'Mod/cloche.zs' with priority 0
[03:33:30.621][INFO]: Loading file 'Mod/cold_sweat.zs' with priority 0
[03:33:30.622][INFO]: Loading file 'Mod/cooler.zs' with priority 0
[03:33:30.629][INFO]: Loading file 'Mod/create_deco.zs' with priority 0
[03:33:30.629][INFO]: Loading file 'Mod/createbigcannons.zs' with priority 0
[03:33:30.632][INFO]: Loading file 'Mod/firearms.zs' with priority 0
[03:33:30.638][INFO]: Loading file 'Mod/immersive_posts.zs' with priority 0
[03:33:30.638][INFO]: Loading file 'Mod/pipez.zs' with priority 0
[03:33:30.640][INFO]: Loading file 'Mod/refinedstorage.zs' with priority 0
[03:33:30.645][INFO]: Loading file 'Mod/securitycraft.zs' with priority 0
[03:33:30.651][INFO]: Loading file 'Mod/simpleplanes.zs' with priority 0
[03:33:30.654][INFO]: Loading file 'Mod/sophisticated_backpack.zs' with priority 0
[03:33:30.654][INFO]: Loading file 'Mod/storage_drawer.zs' with priority 0
[03:33:30.654][INFO]: Loading file 'Removal/alexs_removal.zs' with priority 0
[03:33:30.655][INFO]: Loading file 'Removal/apocalypsenow_removal.zs' with priority 0
[03:33:30.660][INFO]: Loading file 'Removal/armor_removal.zs' with priority 0
[03:33:30.660][INFO]: Loading file 'Removal/car_removal.zs' with priority 0
[03:33:30.661][INFO]: Loading file 'Removal/cgm_removal.zs' with priority 0
[03:33:30.662][INFO]: Loading file 'Removal/create_removal.zs' with priority 0
[03:33:30.662][INFO]: Loading file 'Removal/easy_villager_removal.zs' with priority 0
[03:33:30.662][INFO]: Loading file 'Removal/immersive_removal.zs' with priority 0
[03:33:30.662][INFO]: Loading file 'Removal/mutationcraft_removal.zs' with priority 0
[03:33:30.662][INFO]: Loading file 'Removal/nameless_trinkets_removal.zs' with priority 0
[03:33:30.663][INFO]: Loading file 'Removal/removal.zs' with priority 0
[03:33:30.664][INFO]: Loading file 'Removal/security_craft_removal.zs' with priority 0
[03:33:30.664][INFO]: Loading file 'Removal/sophisticated_removal.zs' with priority 0
[03:33:30.664][INFO]: Loading file 'Removal/tac_removal.zs' with priority 0
[03:33:31.751][INFO]: Modifying Attributes of: <item:minecraft:leather_helmet>.anyDamage()
[03:33:31.752][INFO]: Modifying Attributes of: <item:minecraft:leather_helmet>.anyDamage()
[03:33:31.757][INFO]: Set the value of Max Damage on <item:minecraft:leather_helmet> to: '55'
[03:33:31.757][INFO]: Modifying Attributes of: <item:minecraft:leather_chestplate>.anyDamage()
[03:33:31.757][INFO]: Modifying Attributes of: <item:minecraft:leather_chestplate>.anyDamage()
[03:33:31.757][INFO]: Set the value of Max Damage on <item:minecraft:leather_chestplate> to: '80'
[03:33:31.757][INFO]: Modifying Attributes of: <item:minecraft:leather_leggings>.anyDamage()
[03:33:31.757][INFO]: Modifying Attributes of: <item:minecraft:leather_leggings>.anyDamage()
[03:33:31.757][INFO]: Set the value of Max Damage on <item:minecraft:leather_leggings> to: '75'
[03:33:31.757][INFO]: Modifying Attributes of: <item:minecraft:leather_boots>.anyDamage()
[03:33:31.757][INFO]: Modifying Attributes of: <item:minecraft:leather_boots>.anyDamage()
[03:33:31.757][INFO]: Set the value of Max Damage on <item:minecraft:leather_boots> to: '65'
[03:33:31.758][INFO]: Modifying Attributes of: <item:apocalypsenow:police_helmet>.anyDamage()
[03:33:31.758][INFO]: Modifying Attributes of: <item:apocalypsenow:police_helmet>.anyDamage()
[03:33:31.758][INFO]: Set the value of Max Damage on <item:apocalypsenow:police_helmet> to: '125'
[03:33:31.758][INFO]: Modifying Attributes of: <item:apocalypsenow:police_chestplate>.anyDamage()
[03:33:31.758][INFO]: Modifying Attributes of: <item:apocalypsenow:police_chestplate>.anyDamage()
[03:33:31.758][INFO]: Set the value of Max Damage on <item:apocalypsenow:police_chestplate> to: '200'
[03:33:31.758][INFO]: Modifying Attributes of: <item:apocalypsenow:police_leggings>.anyDamage()
[03:33:31.758][INFO]: Modifying Attributes of: <item:apocalypsenow:police_leggings>.anyDamage()
[03:33:31.758][INFO]: Set the value of Max Damage on <item:apocalypsenow:police_leggings> to: '185'
[03:33:31.758][INFO]: Modifying Attributes of: <item:apocalypsenow:police_boots>.anyDamage()
[03:33:31.758][INFO]: Modifying Attributes of: <item:apocalypsenow:police_boots>.anyDamage()
[03:33:31.758][INFO]: Set the value of Max Damage on <item:apocalypsenow:police_boots> to: '155'
[03:33:31.758][INFO]: Modifying Attributes of: <item:apocalypsenow:fire_figther_helmet>.anyDamage()
[03:33:31.759][INFO]: Modifying Attributes of: <item:apocalypsenow:fire_figther_helmet>.anyDamage()
[03:33:31.759][INFO]: Set the value of Max Damage on <item:apocalypsenow:fire_figther_helmet> to: '145'
[03:33:31.759][INFO]: Modifying Attributes of: <item:apocalypsenow:fire_figther_chestplate>.anyDamage()
[03:33:31.759][INFO]: Modifying Attributes of: <item:apocalypsenow:fire_figther_chestplate>.anyDamage()
[03:33:31.759][INFO]: Set the value of Max Damage on <item:apocalypsenow:fire_figther_chestplate> to: '220'
[03:33:31.759][INFO]: Modifying Attributes of: <item:apocalypsenow:fire_figther_leggings>.anyDamage()
[03:33:31.759][INFO]: Modifying Attributes of: <item:apocalypsenow:fire_figther_leggings>.anyDamage()
[03:33:31.759][INFO]: Set the value of Max Damage on <item:apocalypsenow:fire_figther_leggings> to: '205'
[03:33:31.759][INFO]: Modifying Attributes of: <item:apocalypsenow:fire_figther_boots>.anyDamage()
[03:33:31.759][INFO]: Modifying Attributes of: <item:apocalypsenow:fire_figther_boots>.anyDamage()
[03:33:31.759][INFO]: Set the value of Max Damage on <item:apocalypsenow:fire_figther_boots> to: '175'
[03:33:31.759][INFO]: Modifying Attributes of: <item:apocalypsenow:nurse_helmet>.anyDamage()
[03:33:31.759][INFO]: Modifying Attributes of: <item:apocalypsenow:nurse_helmet>.anyDamage()
[03:33:31.760][INFO]: Set the value of Max Damage on <item:apocalypsenow:nurse_helmet> to: '65'
[03:33:31.760][INFO]: Modifying Attributes of: <item:apocalypsenow:nurse_chestplate>.anyDamage()
[03:33:31.760][INFO]: Modifying Attributes of: <item:apocalypsenow:nurse_chestplate>.anyDamage()
[03:33:31.760][INFO]: Set the value of Max Damage on <item:apocalypsenow:nurse_chestplate> to: '90'
[03:33:31.760][INFO]: Modifying Attributes of: <item:apocalypsenow:nurse_leggings>.anyDamage()
[03:33:31.760][INFO]: Modifying Attributes of: <item:apocalypsenow:nurse_leggings>.anyDamage()
[03:33:31.760][INFO]: Set the value of Max Damage on <item:apocalypsenow:nurse_leggings> to: '85'
[03:33:31.760][INFO]: Modifying Attributes of: <item:apocalypsenow:nurse_boots>.anyDamage()
[03:33:31.760][INFO]: Modifying Attributes of: <item:apocalypsenow:nurse_boots>.anyDamage()
[03:33:31.760][INFO]: Set the value of Max Damage on <item:apocalypsenow:nurse_boots> to: '75'
[03:33:31.760][INFO]: Modifying Attributes of: <item:apocalypsenow:desertghillie_helmet>.anyDamage()
[03:33:31.760][INFO]: Modifying Attributes of: <item:apocalypsenow:desertghillie_helmet>.anyDamage()
[03:33:31.760][INFO]: Set the value of Max Damage on <item:apocalypsenow:desertghillie_helmet> to: '105'
[03:33:31.761][INFO]: Modifying Attributes of: <item:apocalypsenow:desertghillie_chestplate>.anyDamage()
[03:33:31.761][INFO]: Modifying Attributes of: <item:apocalypsenow:desertghillie_chestplate>.anyDamage()
[03:33:31.761][INFO]: Set the value of Max Damage on <item:apocalypsenow:desertghillie_chestplate> to: '180'
[03:33:31.761][INFO]: Modifying Attributes of: <item:apocalypsenow:desertghillie_leggings>.anyDamage()
[03:33:31.761][INFO]: Modifying Attributes of: <item:apocalypsenow:desertghillie_leggings>.anyDamage()
[03:33:31.761][INFO]: Set the value of Max Damage on <item:apocalypsenow:desertghillie_leggings> to: '165'
[03:33:31.761][INFO]: Modifying Attributes of: <item:apocalypsenow:desertghillie_boots>.anyDamage()
[03:33:31.761][INFO]: Modifying Attributes of: <item:apocalypsenow:desertghillie_boots>.anyDamage()
[03:33:31.761][INFO]: Set the value of Max Damage on <item:apocalypsenow:desertghillie_boots> to: '135'
[03:33:31.761][INFO]: Modifying Attributes of: <item:apocalypsenow:snowghillie_helmet>.anyDamage()
[03:33:31.761][INFO]: Modifying Attributes of: <item:apocalypsenow:snowghillie_helmet>.anyDamage()
[03:33:31.761][INFO]: Set the value of Max Damage on <item:apocalypsenow:snowghillie_helmet> to: '105'
[03:33:31.761][INFO]: Modifying Attributes of: <item:apocalypsenow:snowghillie_chestplate>.anyDamage()
[03:33:31.761][INFO]: Modifying Attributes of: <item:apocalypsenow:snowghillie_chestplate>.anyDamage()
[03:33:31.762][INFO]: Set the value of Max Damage on <item:apocalypsenow:snowghillie_chestplate> to: '180'
[03:33:31.762][INFO]: Modifying Attributes of: <item:apocalypsenow:snowghillie_leggings>.anyDamage()
[03:33:31.762][INFO]: Modifying Attributes of: <item:apocalypsenow:snowghillie_leggings>.anyDamage()
[03:33:31.762][INFO]: Set the value of Max Damage on <item:apocalypsenow:snowghillie_leggings> to: '165'
[03:33:31.762][INFO]: Modifying Attributes of: <item:apocalypsenow:snowghillie_boots>.anyDamage()
[03:33:31.762][INFO]: Modifying Attributes of: <item:apocalypsenow:snowghillie_boots>.anyDamage()
[03:33:31.762][INFO]: Set the value of Max Damage on <item:apocalypsenow:snowghillie_boots> to: '135'
[03:33:31.762][INFO]: Modifying Attributes of: <item:apocalypsenow:ghilliesuit_helmet>.anyDamage()
[03:33:31.762][INFO]: Modifying Attributes of: <item:apocalypsenow:ghilliesuit_helmet>.anyDamage()
[03:33:31.762][INFO]: Set the value of Max Damage on <item:apocalypsenow:ghilliesuit_helmet> to: '105'
[03:33:31.762][INFO]: Modifying Attributes of: <item:apocalypsenow:ghilliesuit_chestplate>.anyDamage()
[03:33:31.762][INFO]: Modifying Attributes of: <item:apocalypsenow:ghilliesuit_chestplate>.anyDamage()
[03:33:31.762][INFO]: Set the value of Max Damage on <item:apocalypsenow:ghilliesuit_chestplate> to: '180'
[03:33:31.762][INFO]: Modifying Attributes of: <item:apocalypsenow:ghilliesuit_leggings>.anyDamage()
[03:33:31.762][INFO]: Modifying Attributes of: <item:apocalypsenow:ghilliesuit_leggings>.anyDamage()
[03:33:31.763][INFO]: Set the value of Max Damage on <item:apocalypsenow:ghilliesuit_leggings> to: '165'
[03:33:31.763][INFO]: Modifying Attributes of: <item:apocalypsenow:ghilliesuit_boots>.anyDamage()
[03:33:31.763][INFO]: Modifying Attributes of: <item:apocalypsenow:ghilliesuit_boots>.anyDamage()
[03:33:31.763][INFO]: Set the value of Max Damage on <item:apocalypsenow:ghilliesuit_boots> to: '135'
[03:33:31.763][INFO]: Modifying Attributes of: <item:apocalypsenow:anarchy_helmet>.anyDamage()
[03:33:31.763][INFO]: Modifying Attributes of: <item:apocalypsenow:anarchy_helmet>.anyDamage()
[03:33:31.763][INFO]: Set the value of Max Damage on <item:apocalypsenow:anarchy_helmet> to: '55'
[03:33:31.763][INFO]: Modifying Attributes of: <item:apocalypsenow:anarchy_chestplate>.anyDamage()
[03:33:31.763][INFO]: Modifying Attributes of: <item:apocalypsenow:anarchy_chestplate>.anyDamage()
[03:33:31.763][INFO]: Set the value of Max Damage on <item:apocalypsenow:anarchy_chestplate> to: '80'
[03:33:31.763][INFO]: Modifying Attributes of: <item:apocalypsenow:anarchy_leggings>.anyDamage()
[03:33:31.763][INFO]: Modifying Attributes of: <item:apocalypsenow:anarchy_leggings>.anyDamage()
[03:33:31.763][INFO]: Set the value of Max Damage on <item:apocalypsenow:anarchy_leggings> to: '75'
[03:33:31.763][INFO]: Modifying Attributes of: <item:apocalypsenow:anarchy_boots>.anyDamage()
[03:33:31.763][INFO]: Modifying Attributes of: <item:apocalypsenow:anarchy_boots>.anyDamage()
[03:33:31.764][INFO]: Set the value of Max Damage on <item:apocalypsenow:anarchy_boots> to: '65'
[03:33:31.764][INFO]: Modifying Attributes of: <item:apocalypsenow:forestguard_helmet>.anyDamage()
[03:33:31.764][INFO]: Modifying Attributes of: <item:apocalypsenow:forestguard_helmet>.anyDamage()
[03:33:31.764][INFO]: Set the value of Max Damage on <item:apocalypsenow:forestguard_helmet> to: '125'
[03:33:31.764][INFO]: Modifying Attributes of: <item:apocalypsenow:forestguard_chestplate>.anyDamage()
[03:33:31.764][INFO]: Modifying Attributes of: <item:apocalypsenow:forestguard_chestplate>.anyDamage()
[03:33:31.764][INFO]: Set the value of Max Damage on <item:apocalypsenow:forestguard_chestplate> to: '200'
[03:33:31.764][INFO]: Modifying Attributes of: <item:apocalypsenow:forestguard_leggings>.anyDamage()
[03:33:31.764][INFO]: Modifying Attributes of: <item:apocalypsenow:forestguard_leggings>.anyDamage()
[03:33:31.764][INFO]: Set the value of Max Damage on <item:apocalypsenow:forestguard_leggings> to: '185'
[03:33:31.764][INFO]: Modifying Attributes of: <item:apocalypsenow:forestguard_boots>.anyDamage()
[03:33:31.764][INFO]: Modifying Attributes of: <item:apocalypsenow:forestguard_boots>.anyDamage()
[03:33:31.764][INFO]: Set the value of Max Damage on <item:apocalypsenow:forestguard_boots> to: '155'
[03:33:31.764][INFO]: Modifying Attributes of: <item:apocalypsenow:hunting_chestplate>.anyDamage()
[03:33:31.764][INFO]: Modifying Attributes of: <item:apocalypsenow:hunting_chestplate>.anyDamage()
[03:33:31.764][INFO]: Set the value of Max Damage on <item:apocalypsenow:hunting_chestplate> to: '235'
[03:33:31.764][INFO]: Modifying Attributes of: <item:apocalypsenow:hunting_helmet>.anyDamage()
[03:33:31.764][INFO]: Modifying Attributes of: <item:apocalypsenow:hunting_helmet>.anyDamage()
[03:33:31.765][INFO]: Set the value of Max Damage on <item:apocalypsenow:hunting_helmet> to: '120'
[03:33:31.765][INFO]: Modifying Attributes of: <item:apocalypsenow:life_jacket_bullet_helmet_chestplate>.anyDamage()
[03:33:31.765][INFO]: Modifying Attributes of: <item:apocalypsenow:life_jacket_bullet_helmet_chestplate>.anyDamage()
[03:33:31.765][INFO]: Set the value of Max Damage on <item:apocalypsenow:life_jacket_bullet_helmet_chestplate> to: '180'
[03:33:31.765][INFO]: Modifying Attributes of: <item:apocalypsenow:sheriff_helmet>.anyDamage()
[03:33:31.765][INFO]: Modifying Attributes of: <item:apocalypsenow:sheriff_helmet>.anyDamage()
[03:33:31.765][INFO]: Set the value of Max Damage on <item:apocalypsenow:sheriff_helmet> to: '120'
[03:33:31.765][INFO]: Modifying Attributes of: <item:apocalypsenow:cowboy_hat_helmet>.anyDamage()
[03:33:31.765][INFO]: Modifying Attributes of: <item:apocalypsenow:cowboy_hat_helmet>.anyDamage()
[03:33:31.765][INFO]: Set the value of Max Damage on <item:apocalypsenow:cowboy_hat_helmet> to: '120'
[03:33:31.765][INFO]: Modifying Attributes of: <item:apocalypsenow:old_west_hat_helmet>.anyDamage()
[03:33:31.765][INFO]: Modifying Attributes of: <item:apocalypsenow:old_west_hat_helmet>.anyDamage()
[03:33:31.765][INFO]: Set the value of Max Damage on <item:apocalypsenow:old_west_hat_helmet> to: '120'
[03:33:31.766][INFO]: Modifying Attributes of: <item:apocalypsenow:jasonmask_helmet>.anyDamage()
[03:33:31.766][INFO]: Modifying Attributes of: <item:apocalypsenow:jasonmask_helmet>.anyDamage()
[03:33:31.766][INFO]: Set the value of Max Damage on <item:apocalypsenow:jasonmask_helmet> to: '120'
[03:33:31.766][INFO]: Modifying Attributes of: <item:apocalypsenow:welding_mask_helmet>.anyDamage()
[03:33:31.766][INFO]: Modifying Attributes of: <item:apocalypsenow:welding_mask_helmet>.anyDamage()
[03:33:31.766][INFO]: Set the value of Max Damage on <item:apocalypsenow:welding_mask_helmet> to: '430'
[03:33:31.766][INFO]: Modifying Attributes of: <item:apocalypsenow:welding_mask_helmet>.anyDamage()
[03:33:31.766][INFO]: Modifying Attributes of: <item:apocalypsenow:welding_mask_helmet>.anyDamage()
[03:33:31.766][INFO]: Modifying Attributes of: <item:apocalypsenow:balaclava_helmet>.anyDamage()
[03:33:31.766][INFO]: Modifying Attributes of: <item:apocalypsenow:balaclava_helmet>.anyDamage()
[03:33:31.766][INFO]: Set the value of Max Damage on <item:apocalypsenow:balaclava_helmet> to: '120'
[03:33:31.766][INFO]: Modifying Attributes of: <item:apocalypsenow:white_balaclava_helmet>.anyDamage()
[03:33:31.766][INFO]: Modifying Attributes of: <item:apocalypsenow:white_balaclava_helmet>.anyDamage()
[03:33:31.767][INFO]: Set the value of Max Damage on <item:apocalypsenow:white_balaclava_helmet> to: '120'
[03:33:31.767][INFO]: Modifying Attributes of: <item:apocalypsenow:red_balaclava_helmet>.anyDamage()
[03:33:31.767][INFO]: Modifying Attributes of: <item:apocalypsenow:red_balaclava_helmet>.anyDamage()
[03:33:31.767][INFO]: Set the value of Max Damage on <item:apocalypsenow:red_balaclava_helmet> to: '120'
[03:33:31.767][INFO]: Modifying Attributes of: <item:apocalypsenow:blue_balaclava_helmet>.anyDamage()
[03:33:31.767][INFO]: Modifying Attributes of: <item:apocalypsenow:blue_balaclava_helmet>.anyDamage()
[03:33:31.767][INFO]: Set the value of Max Damage on <item:apocalypsenow:blue_balaclava_helmet> to: '120'
[03:33:31.767][INFO]: Modifying Attributes of: <item:apocalypsenow:green_balaclava_helmet>.anyDamage()
[03:33:31.767][INFO]: Modifying Attributes of: <item:apocalypsenow:green_balaclava_helmet>.anyDamage()
[03:33:31.767][INFO]: Set the value of Max Damage on <item:apocalypsenow:green_balaclava_helmet> to: '120'
[03:33:31.767][INFO]: Modifying Attributes of: <item:apocalypsenow:forest_camo_balaclava_helmet>.anyDamage()
[03:33:31.767][INFO]: Modifying Attributes of: <item:apocalypsenow:forest_camo_balaclava_helmet>.anyDamage()
[03:33:31.767][INFO]: Set the value of Max Damage on <item:apocalypsenow:forest_camo_balaclava_helmet> to: '120'
[03:33:31.768][INFO]: Modifying Attributes of: <item:apocalypsenow:snow_camo_balaclava_helmet>.anyDamage()
[03:33:31.768][INFO]: Modifying Attributes of: <item:apocalypsenow:snow_camo_balaclava_helmet>.anyDamage()
[03:33:31.768][INFO]: Set the value of Max Damage on <item:apocalypsenow:snow_camo_balaclava_helmet> to: '120'
[03:33:31.768][INFO]: Modifying Attributes of: <item:apocalypsenow:urbancamobalaclava_helmet>.anyDamage()
[03:33:31.768][INFO]: Modifying Attributes of: <item:apocalypsenow:urbancamobalaclava_helmet>.anyDamage()
[03:33:31.768][INFO]: Set the value of Max Damage on <item:apocalypsenow:urbancamobalaclava_helmet> to: '120'
[03:33:31.768][INFO]: Modifying Attributes of: <item:apocalypsenow:desert_camo_balaclava_helmet>.anyDamage()
[03:33:31.768][INFO]: Modifying Attributes of: <item:apocalypsenow:desert_camo_balaclava_helmet>.anyDamage()
[03:33:31.768][INFO]: Set the value of Max Damage on <item:apocalypsenow:desert_camo_balaclava_helmet> to: '120'
[03:33:31.768][INFO]: Modifying Attributes of: <item:apocalypsenow:pink_balaclava_helmet>.anyDamage()
[03:33:31.768][INFO]: Modifying Attributes of: <item:apocalypsenow:pink_balaclava_helmet>.anyDamage()
[03:33:31.768][INFO]: Set the value of Max Damage on <item:apocalypsenow:pink_balaclava_helmet> to: '120'
[03:33:31.768][INFO]: Modifying Attributes of: <item:apocalypsenow:visor_helmet>.anyDamage()
[03:33:31.769][INFO]: Modifying Attributes of: <item:apocalypsenow:visor_helmet>.anyDamage()
[03:33:31.769][INFO]: Set the value of Max Damage on <item:apocalypsenow:visor_helmet> to: '120'
[03:33:31.769][INFO]: Modifying Attributes of: <item:alexsmobs:frontier_cap>.anyDamage()
[03:33:31.769][INFO]: Modifying Attributes of: <item:alexsmobs:frontier_cap>.anyDamage()
[03:33:31.769][INFO]: Set the value of Max Damage on <item:alexsmobs:frontier_cap> to: '135'
[03:33:31.769][INFO]: Modifying Attributes of: <item:alexsmobs:frontier_cap>.anyDamage()
[03:33:31.769][INFO]: Modifying Attributes of: <item:alexsmobs:frontier_cap>.anyDamage()
[03:33:31.769][INFO]: Modifying Attributes of: <item:alexsmobs:fedora>.anyDamage()
[03:33:31.769][INFO]: Modifying Attributes of: <item:alexsmobs:fedora>.anyDamage()
[03:33:31.769][INFO]: Set the value of Max Damage on <item:alexsmobs:fedora> to: '110'
[03:33:31.769][INFO]: Modifying Attributes of: <item:alexsmobs:fedora>.anyDamage()
[03:33:31.769][INFO]: Modifying Attributes of: <item:alexsmobs:fedora>.anyDamage()
[03:33:31.770][INFO]: Modifying Attributes of: <item:alexsmobs:froststalker_helmet>.anyDamage()
[03:33:31.770][INFO]: Modifying Attributes of: <item:alexsmobs:froststalker_helmet>.anyDamage()
[03:33:31.770][INFO]: Set the value of Max Damage on <item:alexsmobs:froststalker_helmet> to: '99'
[03:33:31.770][INFO]: Modifying Attributes of: <item:alexsmobs:froststalker_helmet>.anyDamage()
[03:33:31.770][INFO]: Modifying Attributes of: <item:alexsmobs:froststalker_helmet>.anyDamage()
[03:33:31.770][INFO]: Modifying Attributes of: <item:alexsmobs:roadrunner_boots>.anyDamage()
[03:33:31.770][INFO]: Modifying Attributes of: <item:alexsmobs:roadrunner_boots>.anyDamage()
[03:33:31.770][INFO]: Set the value of Max Damage on <item:alexsmobs:roadrunner_boots> to: '135'
[03:33:31.770][INFO]: Modifying Attributes of: <item:alexsmobs:crocodile_chestplate>.anyDamage()
[03:33:31.770][INFO]: Modifying Attributes of: <item:alexsmobs:crocodile_chestplate>.anyDamage()
[03:33:31.770][INFO]: Set the value of Max Damage on <item:alexsmobs:crocodile_chestplate> to: '253'
[03:33:31.770][INFO]: Modifying Attributes of: <item:alexsmobs:crocodile_chestplate>.anyDamage()
[03:33:31.771][INFO]: Modifying Attributes of: <item:alexsmobs:crocodile_chestplate>.anyDamage()
[03:33:31.771][INFO]: Modifying Attributes of: <item:alexsmobs:moose_headgear>.anyDamage()
[03:33:31.771][INFO]: Modifying Attributes of: <item:alexsmobs:moose_headgear>.anyDamage()
[03:33:31.771][INFO]: Set the value of Max Damage on <item:alexsmobs:moose_headgear> to: '222'
[03:33:31.771][INFO]: Modifying Attributes of: <item:alexsmobs:moose_headgear>.anyDamage()
[03:33:31.771][INFO]: Modifying Attributes of: <item:alexsmobs:moose_headgear>.anyDamage()
[03:33:31.771][INFO]: Modifying Attributes of: <item:alexsmobs:sombrero>.anyDamage()
[03:33:31.771][INFO]: Modifying Attributes of: <item:alexsmobs:sombrero>.anyDamage()
[03:33:31.771][INFO]: Set the value of Max Damage on <item:alexsmobs:sombrero> to: '135'
[03:33:31.771][INFO]: Modifying Attributes of: <item:alexsmobs:sombrero>.anyDamage()
[03:33:31.771][INFO]: Modifying Attributes of: <item:alexsmobs:sombrero>.anyDamage()
[03:33:31.771][INFO]: Modifying Attributes of: <item:minecraft:chainmail_helmet>.anyDamage()
[03:33:31.771][INFO]: Modifying Attributes of: <item:minecraft:chainmail_helmet>.anyDamage()
[03:33:31.772][INFO]: Set the value of Max Damage on <item:minecraft:chainmail_helmet> to: '165'
[03:33:31.772][INFO]: Modifying Attributes of: <item:minecraft:chainmail_chestplate>.anyDamage()
[03:33:31.772][INFO]: Modifying Attributes of: <item:minecraft:chainmail_chestplate>.anyDamage()
[03:33:31.772][INFO]: Set the value of Max Damage on <item:minecraft:chainmail_chestplate> to: '240'
[03:33:31.772][INFO]: Modifying Attributes of: <item:minecraft:chainmail_leggings>.anyDamage()
[03:33:31.772][INFO]: Modifying Attributes of: <item:minecraft:chainmail_leggings>.anyDamage()
[03:33:31.772][INFO]: Set the value of Max Damage on <item:minecraft:chainmail_leggings> to: '225'
[03:33:31.772][INFO]: Modifying Attributes of: <item:minecraft:chainmail_boots>.anyDamage()
[03:33:31.772][INFO]: Modifying Attributes of: <item:minecraft:chainmail_boots>.anyDamage()
[03:33:31.772][INFO]: Set the value of Max Damage on <item:minecraft:chainmail_boots> to: '195'
[03:33:31.772][INFO]: Modifying Attributes of: <item:minecraft:iron_helmet>.anyDamage()
[03:33:31.772][INFO]: Modifying Attributes of: <item:minecraft:iron_helmet>.anyDamage()
[03:33:31.772][INFO]: Set the value of Max Damage on <item:minecraft:iron_helmet> to: '165'
[03:33:31.773][INFO]: Modifying Attributes of: <item:minecraft:iron_chestplate>.anyDamage()
[03:33:31.773][INFO]: Modifying Attributes of: <item:minecraft:iron_chestplate>.anyDamage()
[03:33:31.773][INFO]: Set the value of Max Damage on <item:minecraft:iron_chestplate> to: '240'
[03:33:31.773][INFO]: Modifying Attributes of: <item:minecraft:iron_leggings>.anyDamage()
[03:33:31.773][INFO]: Modifying Attributes of: <item:minecraft:iron_leggings>.anyDamage()
[03:33:31.773][INFO]: Set the value of Max Damage on <item:minecraft:iron_leggings> to: '225'
[03:33:31.773][INFO]: Modifying Attributes of: <item:minecraft:iron_boots>.anyDamage()
[03:33:31.773][INFO]: Modifying Attributes of: <item:minecraft:iron_boots>.anyDamage()
[03:33:31.773][INFO]: Set the value of Max Damage on <item:minecraft:iron_boots> to: '195'
[03:33:31.773][INFO]: Modifying Attributes of: <item:apocalypsenow:construction_helmet>.anyDamage()
[03:33:31.773][INFO]: Modifying Attributes of: <item:apocalypsenow:construction_helmet>.anyDamage()
[03:33:31.773][INFO]: Set the value of Max Damage on <item:apocalypsenow:construction_helmet> to: '180'
[03:33:31.773][INFO]: Modifying Attributes of: <item:apocalypsenow:construction_chestplate>.anyDamage()
[03:33:31.774][INFO]: Modifying Attributes of: <item:apocalypsenow:construction_chestplate>.anyDamage()
[03:33:31.774][INFO]: Set the value of Max Damage on <item:apocalypsenow:construction_chestplate> to: '255'
[03:33:31.774][INFO]: Modifying Attributes of: <item:apocalypsenow:construction_leggings>.anyDamage()
[03:33:31.774][INFO]: Modifying Attributes of: <item:apocalypsenow:construction_leggings>.anyDamage()
[03:33:31.774][INFO]: Set the value of Max Damage on <item:apocalypsenow:construction_leggings> to: '240'
[03:33:31.774][INFO]: Modifying Attributes of: <item:apocalypsenow:construction_boots>.anyDamage()
[03:33:31.774][INFO]: Modifying Attributes of: <item:apocalypsenow:construction_boots>.anyDamage()
[03:33:31.774][INFO]: Set the value of Max Damage on <item:apocalypsenow:construction_boots> to: '210'
[03:33:31.774][INFO]: Modifying Attributes of: <item:apocalypsenow:yellow_football_armor_helmet>.anyDamage()
[03:33:31.774][INFO]: Modifying Attributes of: <item:apocalypsenow:yellow_football_armor_helmet>.anyDamage()
[03:33:31.774][INFO]: Set the value of Max Damage on <item:apocalypsenow:yellow_football_armor_helmet> to: '165'
[03:33:31.774][INFO]: Modifying Attributes of: <item:apocalypsenow:yellow_football_armor_chestplate>.anyDamage()
[03:33:31.774][INFO]: Modifying Attributes of: <item:apocalypsenow:yellow_football_armor_chestplate>.anyDamage()
[03:33:31.775][INFO]: Set the value of Max Damage on <item:apocalypsenow:yellow_football_armor_chestplate> to: '240'
[03:33:31.775][INFO]: Modifying Attributes of: <item:apocalypsenow:yellow_football_armor_leggings>.anyDamage()
[03:33:31.775][INFO]: Modifying Attributes of: <item:apocalypsenow:yellow_football_armor_leggings>.anyDamage()
[03:33:31.775][INFO]: Set the value of Max Damage on <item:apocalypsenow:yellow_football_armor_leggings> to: '225'
[03:33:31.775][INFO]: Modifying Attributes of: <item:apocalypsenow:yellow_football_armor_boots>.anyDamage()
[03:33:31.775][INFO]: Modifying Attributes of: <item:apocalypsenow:yellow_football_armor_boots>.anyDamage()
[03:33:31.775][INFO]: Set the value of Max Damage on <item:apocalypsenow:yellow_football_armor_boots> to: '195'
[03:33:31.775][INFO]: Modifying Attributes of: <item:apocalypsenow:red_football_armor_helmet>.anyDamage()
[03:33:31.775][INFO]: Modifying Attributes of: <item:apocalypsenow:red_football_armor_helmet>.anyDamage()
[03:33:31.775][INFO]: Set the value of Max Damage on <item:apocalypsenow:red_football_armor_helmet> to: '165'
[03:33:31.775][INFO]: Modifying Attributes of: <item:apocalypsenow:red_football_armor_chestplate>.anyDamage()
[03:33:31.775][INFO]: Modifying Attributes of: <item:apocalypsenow:red_football_armor_chestplate>.anyDamage()
[03:33:31.775][INFO]: Set the value of Max Damage on <item:apocalypsenow:red_football_armor_chestplate> to: '240'
[03:33:31.775][INFO]: Modifying Attributes of: <item:apocalypsenow:red_football_armor_leggings>.anyDamage()
[03:33:31.776][INFO]: Modifying Attributes of: <item:apocalypsenow:red_football_armor_leggings>.anyDamage()
[03:33:31.776][INFO]: Set the value of Max Damage on <item:apocalypsenow:red_football_armor_leggings> to: '225'
[03:33:31.776][INFO]: Modifying Attributes of: <item:apocalypsenow:red_football_armor_boots>.anyDamage()
[03:33:31.776][INFO]: Modifying Attributes of: <item:apocalypsenow:red_football_armor_boots>.anyDamage()
[03:33:31.776][INFO]: Set the value of Max Damage on <item:apocalypsenow:red_football_armor_boots> to: '195'
[03:33:31.776][INFO]: Modifying Attributes of: <item:apocalypsenow:black_football_armor_helmet>.anyDamage()
[03:33:31.776][INFO]: Modifying Attributes of: <item:apocalypsenow:black_football_armor_helmet>.anyDamage()
[03:33:31.776][INFO]: Set the value of Max Damage on <item:apocalypsenow:black_football_armor_helmet> to: '165'
[03:33:31.776][INFO]: Modifying Attributes of: <item:apocalypsenow:black_football_armor_chestplate>.anyDamage()
[03:33:31.776][INFO]: Modifying Attributes of: <item:apocalypsenow:black_football_armor_chestplate>.anyDamage()
[03:33:31.776][INFO]: Set the value of Max Damage on <item:apocalypsenow:black_football_armor_chestplate> to: '240'
[03:33:31.776][INFO]: Modifying Attributes of: <item:apocalypsenow:black_football_armor_leggings>.anyDamage()
[03:33:31.776][INFO]: Modifying Attributes of: <item:apocalypsenow:black_football_armor_leggings>.anyDamage()
[03:33:31.777][INFO]: Set the value of Max Damage on <item:apocalypsenow:black_football_armor_leggings> to: '225'
[03:33:31.777][INFO]: Modifying Attributes of: <item:apocalypsenow:black_football_armor_boots>.anyDamage()
[03:33:31.777][INFO]: Modifying Attributes of: <item:apocalypsenow:black_football_armor_boots>.anyDamage()
[03:33:31.777][INFO]: Set the value of Max Damage on <item:apocalypsenow:black_football_armor_boots> to: '195'
[03:33:31.777][INFO]: Modifying Attributes of: <item:apocalypsenow:blue_football_armor_helmet>.anyDamage()
[03:33:31.777][INFO]: Modifying Attributes of: <item:apocalypsenow:blue_football_armor_helmet>.anyDamage()
[03:33:31.777][INFO]: Set the value of Max Damage on <item:apocalypsenow:blue_football_armor_helmet> to: '165'
[03:33:31.777][INFO]: Modifying Attributes of: <item:apocalypsenow:blue_football_armor_chestplate>.anyDamage()
[03:33:31.777][INFO]: Modifying Attributes of: <item:apocalypsenow:blue_football_armor_chestplate>.anyDamage()
[03:33:31.777][INFO]: Set the value of Max Damage on <item:apocalypsenow:blue_football_armor_chestplate> to: '240'
[03:33:31.777][INFO]: Modifying Attributes of: <item:apocalypsenow:blue_football_armor_leggings>.anyDamage()
[03:33:31.777][INFO]: Modifying Attributes of: <item:apocalypsenow:blue_football_armor_leggings>.anyDamage()
[03:33:31.777][INFO]: Set the value of Max Damage on <item:apocalypsenow:blue_football_armor_leggings> to: '225'
[03:33:31.778][INFO]: Modifying Attributes of: <item:apocalypsenow:blue_football_armor_boots>.anyDamage()
[03:33:31.778][INFO]: Modifying Attributes of: <item:apocalypsenow:blue_football_armor_boots>.anyDamage()
[03:33:31.778][INFO]: Set the value of Max Damage on <item:apocalypsenow:blue_football_armor_boots> to: '195'
[03:33:31.778][INFO]: Modifying Attributes of: <item:apocalypsenow:red_fighting_helmet>.anyDamage()
[03:33:31.778][INFO]: Modifying Attributes of: <item:apocalypsenow:red_fighting_helmet>.anyDamage()
[03:33:31.778][INFO]: Set the value of Max Damage on <item:apocalypsenow:red_fighting_helmet> to: '165'
[03:33:31.778][INFO]: Modifying Attributes of: <item:apocalypsenow:red_fighting_helmet>.anyDamage()
[03:33:31.778][INFO]: Modifying Attributes of: <item:apocalypsenow:red_fighting_helmet>.anyDamage()
[03:33:31.778][INFO]: Modifying Attributes of: <item:apocalypsenow:red_fighting_chestplate>.anyDamage()
[03:33:31.778][INFO]: Modifying Attributes of: <item:apocalypsenow:red_fighting_chestplate>.anyDamage()
[03:33:31.778][INFO]: Set the value of Max Damage on <item:apocalypsenow:red_fighting_chestplate> to: '240'
[03:33:31.778][INFO]: Modifying Attributes of: <item:apocalypsenow:red_fighting_chestplate>.anyDamage()
[03:33:31.778][INFO]: Modifying Attributes of: <item:apocalypsenow:red_fighting_chestplate>.anyDamage()
[03:33:31.778][INFO]: Modifying Attributes of: <item:apocalypsenow:red_fighting_leggings>.anyDamage()
[03:33:31.778][INFO]: Modifying Attributes of: <item:apocalypsenow:red_fighting_leggings>.anyDamage()
[03:33:31.779][INFO]: Set the value of Max Damage on <item:apocalypsenow:red_fighting_leggings> to: '225'
[03:33:31.779][INFO]: Modifying Attributes of: <item:apocalypsenow:red_fighting_leggings>.anyDamage()
[03:33:31.779][INFO]: Modifying Attributes of: <item:apocalypsenow:red_fighting_leggings>.anyDamage()
[03:33:31.779][INFO]: Modifying Attributes of: <item:apocalypsenow:blue_fighting_helmet>.anyDamage()
[03:33:31.779][INFO]: Modifying Attributes of: <item:apocalypsenow:blue_fighting_helmet>.anyDamage()
[03:33:31.779][INFO]: Set the value of Max Damage on <item:apocalypsenow:blue_fighting_helmet> to: '165'
[03:33:31.779][INFO]: Modifying Attributes of: <item:apocalypsenow:blue_fighting_helmet>.anyDamage()
[03:33:31.779][INFO]: Modifying Attributes of: <item:apocalypsenow:blue_fighting_helmet>.anyDamage()
[03:33:31.779][INFO]: Modifying Attributes of: <item:apocalypsenow:blue_fighting_chestplate>.anyDamage()
[03:33:31.779][INFO]: Modifying Attributes of: <item:apocalypsenow:blue_fighting_chestplate>.anyDamage()
[03:33:31.779][INFO]: Set the value of Max Damage on <item:apocalypsenow:blue_fighting_chestplate> to: '240'
[03:33:31.779][INFO]: Modifying Attributes of: <item:apocalypsenow:blue_fighting_chestplate>.anyDamage()
[03:33:31.779][INFO]: Modifying Attributes of: <item:apocalypsenow:blue_fighting_chestplate>.anyDamage()
[03:33:31.780][INFO]: Modifying Attributes of: <item:apocalypsenow:blue_fighting_leggings>.anyDamage()
[03:33:31.780][INFO]: Modifying Attributes of: <item:apocalypsenow:blue_fighting_leggings>.anyDamage()
[03:33:31.780][INFO]: Set the value of Max Damage on <item:apocalypsenow:blue_fighting_leggings> to: '225'
[03:33:31.780][INFO]: Modifying Attributes of: <item:apocalypsenow:blue_fighting_leggings>.anyDamage()
[03:33:31.780][INFO]: Modifying Attributes of: <item:apocalypsenow:blue_fighting_leggings>.anyDamage()
[03:33:31.780][INFO]: Modifying Attributes of: <item:apocalypsenow:hazmat_suit_helmet>.anyDamage()
[03:33:31.780][INFO]: Modifying Attributes of: <item:apocalypsenow:hazmat_suit_helmet>.anyDamage()
[03:33:31.780][INFO]: Set the value of Max Damage on <item:apocalypsenow:hazmat_suit_helmet> to: '250'
[03:33:31.780][INFO]: Modifying Attributes of: <item:apocalypsenow:hazmat_suit_chestplate>.anyDamage()
[03:33:31.780][INFO]: Modifying Attributes of: <item:apocalypsenow:hazmat_suit_chestplate>.anyDamage()
[03:33:31.780][INFO]: Set the value of Max Damage on <item:apocalypsenow:hazmat_suit_chestplate> to: '240'
[03:33:31.780][INFO]: Modifying Attributes of: <item:apocalypsenow:hazmat_suit_leggings>.anyDamage()
[03:33:31.780][INFO]: Modifying Attributes of: <item:apocalypsenow:hazmat_suit_leggings>.anyDamage()
[03:33:31.781][INFO]: Set the value of Max Damage on <item:apocalypsenow:hazmat_suit_leggings> to: '225'
[03:33:31.781][INFO]: Modifying Attributes of: <item:apocalypsenow:hazmat_suit_boots>.anyDamage()
[03:33:31.781][INFO]: Modifying Attributes of: <item:apocalypsenow:hazmat_suit_boots>.anyDamage()
[03:33:31.781][INFO]: Set the value of Max Damage on <item:apocalypsenow:hazmat_suit_boots> to: '195'
[03:33:31.781][INFO]: Modifying Attributes of: <item:apocalypsenow:army_helmet>.anyDamage()
[03:33:31.781][INFO]: Modifying Attributes of: <item:apocalypsenow:army_helmet>.anyDamage()
[03:33:31.781][INFO]: Set the value of Max Damage on <item:apocalypsenow:army_helmet> to: '165'
[03:33:31.781][INFO]: Modifying Attributes of: <item:apocalypsenow:army_chestplate>.anyDamage()
[03:33:31.781][INFO]: Modifying Attributes of: <item:apocalypsenow:army_chestplate>.anyDamage()
[03:33:31.781][INFO]: Set the value of Max Damage on <item:apocalypsenow:army_chestplate> to: '240'
[03:33:31.781][INFO]: Modifying Attributes of: <item:apocalypsenow:army_leggings>.anyDamage()
[03:33:31.781][INFO]: Modifying Attributes of: <item:apocalypsenow:army_leggings>.anyDamage()
[03:33:31.781][INFO]: Set the value of Max Damage on <item:apocalypsenow:army_leggings> to: '225'
[03:33:31.781][INFO]: Modifying Attributes of: <item:apocalypsenow:army_boots>.anyDamage()
[03:33:31.781][INFO]: Modifying Attributes of: <item:apocalypsenow:army_boots>.anyDamage()
[03:33:31.782][INFO]: Set the value of Max Damage on <item:apocalypsenow:army_boots> to: '195'
[03:33:31.782][INFO]: Modifying Attributes of: <item:apocalypsenow:royal_canada_police_officer_helmet>.anyDamage()
[03:33:31.782][INFO]: Modifying Attributes of: <item:apocalypsenow:royal_canada_police_officer_helmet>.anyDamage()
[03:33:31.782][INFO]: Set the value of Max Damage on <item:apocalypsenow:royal_canada_police_officer_helmet> to: '165'
[03:33:31.782][INFO]: Modifying Attributes of: <item:apocalypsenow:royal_canada_police_officer_chestplate>.anyDamage()
[03:33:31.782][INFO]: Modifying Attributes of: <item:apocalypsenow:royal_canada_police_officer_chestplate>.anyDamage()
[03:33:31.782][INFO]: Set the value of Max Damage on <item:apocalypsenow:royal_canada_police_officer_chestplate> to: '240'
[03:33:31.782][INFO]: Modifying Attributes of: <item:apocalypsenow:royal_canada_police_officer_leggings>.anyDamage()
[03:33:31.782][INFO]: Modifying Attributes of: <item:apocalypsenow:royal_canada_police_officer_leggings>.anyDamage()
[03:33:31.782][INFO]: Set the value of Max Damage on <item:apocalypsenow:royal_canada_police_officer_leggings> to: '225'
[03:33:31.782][INFO]: Modifying Attributes of: <item:apocalypsenow:royal_canada_police_officer_boots>.anyDamage()
[03:33:31.782][INFO]: Modifying Attributes of: <item:apocalypsenow:royal_canada_police_officer_boots>.anyDamage()
[03:33:31.782][INFO]: Set the value of Max Damage on <item:apocalypsenow:royal_canada_police_officer_boots> to: '195'
[03:33:31.782][INFO]: Modifying Attributes of: <item:create_sa:copper_exoskeleton_chestplate>.anyDamage()
[03:33:31.782][INFO]: Modifying Attributes of: <item:create_sa:copper_exoskeleton_chestplate>.anyDamage()
[03:33:31.783][INFO]: Set the value of Max Damage on <item:create_sa:copper_exoskeleton_chestplate> to: '280'
[03:33:31.783][INFO]: Modifying Attributes of: <item:create_sa:andesite_exoskeleton_chestplate>.anyDamage()
[03:33:31.783][INFO]: Modifying Attributes of: <item:create_sa:andesite_exoskeleton_chestplate>.anyDamage()
[03:33:31.783][INFO]: Set the value of Max Damage on <item:create_sa:andesite_exoskeleton_chestplate> to: '280'
[03:33:31.783][INFO]: Modifying Attributes of: <item:apocalypsenow:red_bikers_helmet>.anyDamage()
[03:33:31.783][INFO]: Modifying Attributes of: <item:apocalypsenow:red_bikers_helmet>.anyDamage()
[03:33:31.783][INFO]: Set the value of Max Damage on <item:apocalypsenow:red_bikers_helmet> to: '195'
[03:33:31.783][INFO]: Modifying Attributes of: <item:apocalypsenow:black_bikers_helmet>.anyDamage()
[03:33:31.783][INFO]: Modifying Attributes of: <item:apocalypsenow:black_bikers_helmet>.anyDamage()
[03:33:31.783][INFO]: Set the value of Max Damage on <item:apocalypsenow:black_bikers_helmet> to: '195'
[03:33:31.783][INFO]: Modifying Attributes of: <item:apocalypsenow:green_bikers_helmet>.anyDamage()
[03:33:31.783][INFO]: Modifying Attributes of: <item:apocalypsenow:green_bikers_helmet>.anyDamage()
[03:33:31.783][INFO]: Set the value of Max Damage on <item:apocalypsenow:green_bikers_helmet> to: '195'
[03:33:31.784][INFO]: Modifying Attributes of: <item:apocalypsenow:pink_bikers_helmet>.anyDamage()
[03:33:31.784][INFO]: Modifying Attributes of: <item:apocalypsenow:pink_bikers_helmet>.anyDamage()
[03:33:31.784][INFO]: Set the value of Max Damage on <item:apocalypsenow:pink_bikers_helmet> to: '195'
[03:33:31.784][INFO]: Modifying Attributes of: <item:apocalypsenow:bikers_helmet>.anyDamage()
[03:33:31.784][INFO]: Modifying Attributes of: <item:apocalypsenow:bikers_helmet>.anyDamage()
[03:33:31.784][INFO]: Set the value of Max Damage on <item:apocalypsenow:bikers_helmet> to: '195'
[03:33:31.784][INFO]: Modifying Attributes of: <item:apocalypsenow:baseball_helmet_helmet>.anyDamage()
[03:33:31.784][INFO]: Modifying Attributes of: <item:apocalypsenow:baseball_helmet_helmet>.anyDamage()
[03:33:31.784][INFO]: Set the value of Max Damage on <item:apocalypsenow:baseball_helmet_helmet> to: '195'
[03:33:31.784][INFO]: Modifying Attributes of: <item:apocalypsenow:hockey_helmet>.anyDamage()
[03:33:31.784][INFO]: Modifying Attributes of: <item:apocalypsenow:hockey_helmet>.anyDamage()
[03:33:31.784][INFO]: Set the value of Max Damage on <item:apocalypsenow:hockey_helmet> to: '195'
[03:33:31.784][INFO]: Modifying Attributes of: <item:apocalypsenow:black_motorcycle_helmet_helmet>.anyDamage()
[03:33:31.784][INFO]: Modifying Attributes of: <item:apocalypsenow:black_motorcycle_helmet_helmet>.anyDamage()
[03:33:31.784][INFO]: Set the value of Max Damage on <item:apocalypsenow:black_motorcycle_helmet_helmet> to: '195'
[03:33:31.785][INFO]: Modifying Attributes of: <item:apocalypsenow:red_motorcycle_helmet_helmet>.anyDamage()
[03:33:31.785][INFO]: Modifying Attributes of: <item:apocalypsenow:red_motorcycle_helmet_helmet>.anyDamage()
[03:33:31.785][INFO]: Set the value of Max Damage on <item:apocalypsenow:red_motorcycle_helmet_helmet> to: '195'
[03:33:31.785][INFO]: Modifying Attributes of: <item:apocalypsenow:bluemotorcyclehelmet_helmet>.anyDamage()
[03:33:31.785][INFO]: Modifying Attributes of: <item:apocalypsenow:bluemotorcyclehelmet_helmet>.anyDamage()
[03:33:31.785][INFO]: Set the value of Max Damage on <item:apocalypsenow:bluemotorcyclehelmet_helmet> to: '195'
[03:33:31.785][INFO]: Modifying Attributes of: <item:apocalypsenow:gasmask_helmet>.anyDamage()
[03:33:31.785][INFO]: Modifying Attributes of: <item:apocalypsenow:gasmask_helmet>.anyDamage()
[03:33:31.785][INFO]: Set the value of Max Damage on <item:apocalypsenow:gasmask_helmet> to: '150'
[03:33:31.785][INFO]: Modifying Attributes of: <item:apocalypsenow:officer_helmet>.anyDamage()
[03:33:31.785][INFO]: Modifying Attributes of: <item:apocalypsenow:officer_helmet>.anyDamage()
[03:33:31.785][INFO]: Set the value of Max Damage on <item:apocalypsenow:officer_helmet> to: '231'
[03:33:31.785][INFO]: Modifying Attributes of: <item:apocalypsenow:officer_helmet>.anyDamage()
[03:33:31.785][INFO]: Modifying Attributes of: <item:apocalypsenow:officer_helmet>.anyDamage()
[03:33:31.786][INFO]: Modifying Attributes of: <item:create_sa:copper_jetpack_chestplate>.anyDamage()
[03:33:31.786][INFO]: Modifying Attributes of: <item:create_sa:copper_jetpack_chestplate>.anyDamage()
[03:33:31.786][INFO]: Set the value of Max Damage on <item:create_sa:copper_jetpack_chestplate> to: '280'
[03:33:31.786][INFO]: Modifying Attributes of: <item:create_sa:andesite_jetpack_chestplate>.anyDamage()
[03:33:31.786][INFO]: Modifying Attributes of: <item:create_sa:andesite_jetpack_chestplate>.anyDamage()
[03:33:31.786][INFO]: Set the value of Max Damage on <item:create_sa:andesite_jetpack_chestplate> to: '280'
[03:33:31.786][INFO]: Modifying Attributes of: <item:create_sa:copper_helmet>.anyDamage()
[03:33:31.786][INFO]: Modifying Attributes of: <item:create_sa:copper_helmet>.anyDamage()
[03:33:31.786][INFO]: Set the value of Max Damage on <item:create_sa:copper_helmet> to: '165'
[03:33:31.786][INFO]: Modifying Attributes of: <item:create_sa:copper_chestplate>.anyDamage()
[03:33:31.786][INFO]: Modifying Attributes of: <item:create_sa:copper_chestplate>.anyDamage()
[03:33:31.786][INFO]: Set the value of Max Damage on <item:create_sa:copper_chestplate> to: '240'
[03:33:31.786][INFO]: Modifying Attributes of: <item:create_sa:copper_leggings>.anyDamage()
[03:33:31.786][INFO]: Modifying Attributes of: <item:create_sa:copper_leggings>.anyDamage()
[03:33:31.786][INFO]: Set the value of Max Damage on <item:create_sa:copper_leggings> to: '225'
[03:33:31.786][INFO]: Modifying Attributes of: <item:create_sa:copper_boots>.anyDamage()
[03:33:31.787][INFO]: Modifying Attributes of: <item:create_sa:copper_boots>.anyDamage()
[03:33:31.787][INFO]: Set the value of Max Damage on <item:create_sa:copper_boots> to: '195'
[03:33:31.787][INFO]: Modifying Attributes of: <item:create_sa:zinc_helmet>.anyDamage()
[03:33:31.787][INFO]: Modifying Attributes of: <item:create_sa:zinc_helmet>.anyDamage()
[03:33:31.787][INFO]: Set the value of Max Damage on <item:create_sa:zinc_helmet> to: '165'
[03:33:31.787][INFO]: Modifying Attributes of: <item:create_sa:zinc_chestplate>.anyDamage()
[03:33:31.787][INFO]: Modifying Attributes of: <item:create_sa:zinc_chestplate>.anyDamage()
[03:33:31.787][INFO]: Set the value of Max Damage on <item:create_sa:zinc_chestplate> to: '240'
[03:33:31.787][INFO]: Modifying Attributes of: <item:create_sa:zinc_leggings>.anyDamage()
[03:33:31.787][INFO]: Modifying Attributes of: <item:create_sa:zinc_leggings>.anyDamage()
[03:33:31.787][INFO]: Set the value of Max Damage on <item:create_sa:zinc_leggings> to: '225'
[03:33:31.787][INFO]: Modifying Attributes of: <item:create_sa:zinc_boots>.anyDamage()
[03:33:31.787][INFO]: Modifying Attributes of: <item:create_sa:zinc_boots>.anyDamage()
[03:33:31.787][INFO]: Set the value of Max Damage on <item:create_sa:zinc_boots> to: '195'
[03:33:31.788][INFO]: Modifying Attributes of: <item:apocalypsenow:u_sarmy_helmet>.anyDamage()
[03:33:31.788][INFO]: Modifying Attributes of: <item:apocalypsenow:u_sarmy_helmet>.anyDamage()
[03:33:31.788][INFO]: Set the value of Max Damage on <item:apocalypsenow:u_sarmy_helmet> to: '363'
[03:33:31.788][INFO]: Modifying Attributes of: <item:apocalypsenow:u_sarmy_helmet>.anyDamage()
[03:33:31.788][INFO]: Modifying Attributes of: <item:apocalypsenow:u_sarmy_helmet>.anyDamage()
[03:33:31.788][INFO]: Modifying Attributes of: <item:apocalypsenow:u_sarmy_chestplate>.anyDamage()
[03:33:31.788][INFO]: Modifying Attributes of: <item:apocalypsenow:u_sarmy_chestplate>.anyDamage()
[03:33:31.788][INFO]: Set the value of Max Damage on <item:apocalypsenow:u_sarmy_chestplate> to: '528'
[03:33:31.789][INFO]: Modifying Attributes of: <item:apocalypsenow:u_sarmy_chestplate>.anyDamage()
[03:33:31.789][INFO]: Modifying Attributes of: <item:apocalypsenow:u_sarmy_chestplate>.anyDamage()
[03:33:31.789][INFO]: Modifying Attributes of: <item:apocalypsenow:u_sarmy_leggings>.anyDamage()
[03:33:31.789][INFO]: Modifying Attributes of: <item:apocalypsenow:u_sarmy_leggings>.anyDamage()
[03:33:31.789][INFO]: Set the value of Max Damage on <item:apocalypsenow:u_sarmy_leggings> to: '495'
[03:33:31.789][INFO]: Modifying Attributes of: <item:apocalypsenow:u_sarmy_leggings>.anyDamage()
[03:33:31.789][INFO]: Modifying Attributes of: <item:apocalypsenow:u_sarmy_leggings>.anyDamage()
[03:33:31.789][INFO]: Modifying Attributes of: <item:apocalypsenow:u_sarmy_boots>.anyDamage()
[03:33:31.789][INFO]: Modifying Attributes of: <item:apocalypsenow:u_sarmy_boots>.anyDamage()
[03:33:31.789][INFO]: Set the value of Max Damage on <item:apocalypsenow:u_sarmy_boots> to: '429'
[03:33:31.789][INFO]: Modifying Attributes of: <item:apocalypsenow:u_sarmy_boots>.anyDamage()
[03:33:31.789][INFO]: Modifying Attributes of: <item:apocalypsenow:u_sarmy_boots>.anyDamage()
[03:33:31.789][INFO]: Modifying Attributes of: <item:apocalypsenow:canadian_army_helmet>.anyDamage()
[03:33:31.789][INFO]: Modifying Attributes of: <item:apocalypsenow:canadian_army_helmet>.anyDamage()
[03:33:31.790][INFO]: Set the value of Max Damage on <item:apocalypsenow:canadian_army_helmet> to: '363'
[03:33:31.790][INFO]: Modifying Attributes of: <item:apocalypsenow:canadian_army_helmet>.anyDamage()
[03:33:31.790][INFO]: Modifying Attributes of: <item:apocalypsenow:canadian_army_helmet>.anyDamage()
[03:33:31.790][INFO]: Modifying Attributes of: <item:apocalypsenow:canadian_army_chestplate>.anyDamage()
[03:33:31.790][INFO]: Modifying Attributes of: <item:apocalypsenow:canadian_army_chestplate>.anyDamage()
[03:33:31.790][INFO]: Set the value of Max Damage on <item:apocalypsenow:canadian_army_chestplate> to: '528'
[03:33:31.790][INFO]: Modifying Attributes of: <item:apocalypsenow:canadian_army_chestplate>.anyDamage()
[03:33:31.790][INFO]: Modifying Attributes of: <item:apocalypsenow:canadian_army_chestplate>.anyDamage()
[03:33:31.790][INFO]: Modifying Attributes of: <item:apocalypsenow:canadian_army_leggings>.anyDamage()
[03:33:31.790][INFO]: Modifying Attributes of: <item:apocalypsenow:canadian_army_leggings>.anyDamage()
[03:33:31.790][INFO]: Set the value of Max Damage on <item:apocalypsenow:canadian_army_leggings> to: '495'
[03:33:31.790][INFO]: Modifying Attributes of: <item:apocalypsenow:canadian_army_leggings>.anyDamage()
[03:33:31.790][INFO]: Modifying Attributes of: <item:apocalypsenow:canadian_army_leggings>.anyDamage()
[03:33:31.790][INFO]: Modifying Attributes of: <item:apocalypsenow:canadian_army_boots>.anyDamage()
[03:33:31.790][INFO]: Modifying Attributes of: <item:apocalypsenow:canadian_army_boots>.anyDamage()
[03:33:31.790][INFO]: Set the value of Max Damage on <item:apocalypsenow:canadian_army_boots> to: '429'
[03:33:31.791][INFO]: Modifying Attributes of: <item:apocalypsenow:canadian_army_boots>.anyDamage()
[03:33:31.791][INFO]: Modifying Attributes of: <item:apocalypsenow:canadian_army_boots>.anyDamage()
[03:33:31.791][INFO]: Modifying Attributes of: <item:apocalypsenow:mexican_army_helmet>.anyDamage()
[03:33:31.791][INFO]: Modifying Attributes of: <item:apocalypsenow:mexican_army_helmet>.anyDamage()
[03:33:31.791][INFO]: Set the value of Max Damage on <item:apocalypsenow:mexican_army_helmet> to: '363'
[03:33:31.791][INFO]: Modifying Attributes of: <item:apocalypsenow:mexican_army_helmet>.anyDamage()
[03:33:31.791][INFO]: Modifying Attributes of: <item:apocalypsenow:mexican_army_helmet>.anyDamage()
[03:33:31.791][INFO]: Modifying Attributes of: <item:apocalypsenow:mexican_army_chestplate>.anyDamage()
[03:33:31.791][INFO]: Modifying Attributes of: <item:apocalypsenow:mexican_army_chestplate>.anyDamage()
[03:33:31.791][INFO]: Set the value of Max Damage on <item:apocalypsenow:mexican_army_chestplate> to: '528'
[03:33:31.791][INFO]: Modifying Attributes of: <item:apocalypsenow:mexican_army_chestplate>.anyDamage()
[03:33:31.791][INFO]: Modifying Attributes of: <item:apocalypsenow:mexican_army_chestplate>.anyDamage()
[03:33:31.791][INFO]: Modifying Attributes of: <item:apocalypsenow:mexican_army_leggings>.anyDamage()
[03:33:31.791][INFO]: Modifying Attributes of: <item:apocalypsenow:mexican_army_leggings>.anyDamage()
[03:33:31.791][INFO]: Set the value of Max Damage on <item:apocalypsenow:mexican_army_leggings> to: '495'
[03:33:31.791][INFO]: Modifying Attributes of: <item:apocalypsenow:mexican_army_leggings>.anyDamage()
[03:33:31.791][INFO]: Modifying Attributes of: <item:apocalypsenow:mexican_army_leggings>.anyDamage()
[03:33:31.792][INFO]: Modifying Attributes of: <item:apocalypsenow:mexican_army_boots>.anyDamage()
[03:33:31.792][INFO]: Modifying Attributes of: <item:apocalypsenow:mexican_army_boots>.anyDamage()
[03:33:31.792][INFO]: Set the value of Max Damage on <item:apocalypsenow:mexican_army_boots> to: '429'
[03:33:31.792][INFO]: Modifying Attributes of: <item:apocalypsenow:mexican_army_boots>.anyDamage()
[03:33:31.792][INFO]: Modifying Attributes of: <item:apocalypsenow:mexican_army_boots>.anyDamage()
[03:33:31.792][INFO]: Modifying Attributes of: <item:apocalypsenow:chinese_army_helmet>.anyDamage()
[03:33:31.792][INFO]: Modifying Attributes of: <item:apocalypsenow:chinese_army_helmet>.anyDamage()
[03:33:31.792][INFO]: Set the value of Max Damage on <item:apocalypsenow:chinese_army_helmet> to: '363'
[03:33:31.792][INFO]: Modifying Attributes of: <item:apocalypsenow:chinese_army_helmet>.anyDamage()
[03:33:31.792][INFO]: Modifying Attributes of: <item:apocalypsenow:chinese_army_helmet>.anyDamage()
[03:33:31.792][INFO]: Modifying Attributes of: <item:apocalypsenow:chinese_army_chestplate>.anyDamage()
[03:33:31.792][INFO]: Modifying Attributes of: <item:apocalypsenow:chinese_army_chestplate>.anyDamage()
[03:33:31.792][INFO]: Set the value of Max Damage on <item:apocalypsenow:chinese_army_chestplate> to: '528'
[03:33:31.792][INFO]: Modifying Attributes of: <item:apocalypsenow:chinese_army_chestplate>.anyDamage()
[03:33:31.793][INFO]: Modifying Attributes of: <item:apocalypsenow:chinese_army_chestplate>.anyDamage()
[03:33:31.793][INFO]: Modifying Attributes of: <item:apocalypsenow:chinese_army_leggings>.anyDamage()
[03:33:31.793][INFO]: Modifying Attributes of: <item:apocalypsenow:chinese_army_leggings>.anyDamage()
[03:33:31.793][INFO]: Set the value of Max Damage on <item:apocalypsenow:chinese_army_leggings> to: '495'
[03:33:31.793][INFO]: Modifying Attributes of: <item:apocalypsenow:chinese_army_leggings>.anyDamage()
[03:33:31.793][INFO]: Modifying Attributes of: <item:apocalypsenow:chinese_army_leggings>.anyDamage()
[03:33:31.793][INFO]: Modifying Attributes of: <item:apocalypsenow:chinese_army_boots>.anyDamage()
[03:33:31.793][INFO]: Modifying Attributes of: <item:apocalypsenow:chinese_army_boots>.anyDamage()
[03:33:31.793][INFO]: Set the value of Max Damage on <item:apocalypsenow:chinese_army_boots> to: '429'
[03:33:31.793][INFO]: Modifying Attributes of: <item:apocalypsenow:chinese_army_boots>.anyDamage()
[03:33:31.793][INFO]: Modifying Attributes of: <item:apocalypsenow:chinese_army_boots>.anyDamage()
[03:33:31.793][INFO]: Modifying Attributes of: <item:apocalypsenow:russian_army_helmet>.anyDamage()
[03:33:31.793][INFO]: Modifying Attributes of: <item:apocalypsenow:russian_army_helmet>.anyDamage()
[03:33:31.793][INFO]: Set the value of Max Damage on <item:apocalypsenow:russian_army_helmet> to: '363'
[03:33:31.793][INFO]: Modifying Attributes of: <item:apocalypsenow:russian_army_helmet>.anyDamage()
[03:33:31.794][INFO]: Modifying Attributes of: <item:apocalypsenow:russian_army_helmet>.anyDamage()
[03:33:31.794][INFO]: Modifying Attributes of: <item:apocalypsenow:russian_army_chestplate>.anyDamage()
[03:33:31.794][INFO]: Modifying Attributes of: <item:apocalypsenow:russian_army_chestplate>.anyDamage()
[03:33:31.794][INFO]: Set the value of Max Damage on <item:apocalypsenow:russian_army_chestplate> to: '528'
[03:33:31.794][INFO]: Modifying Attributes of: <item:apocalypsenow:russian_army_chestplate>.anyDamage()
[03:33:31.794][INFO]: Modifying Attributes of: <item:apocalypsenow:russian_army_chestplate>.anyDamage()
[03:33:31.794][INFO]: Modifying Attributes of: <item:apocalypsenow:russian_army_leggings>.anyDamage()
[03:33:31.794][INFO]: Modifying Attributes of: <item:apocalypsenow:russian_army_leggings>.anyDamage()
[03:33:31.794][INFO]: Set the value of Max Damage on <item:apocalypsenow:russian_army_leggings> to: '495'
[03:33:31.794][INFO]: Modifying Attributes of: <item:apocalypsenow:russian_army_leggings>.anyDamage()
[03:33:31.794][INFO]: Modifying Attributes of: <item:apocalypsenow:russian_army_leggings>.anyDamage()
[03:33:31.794][INFO]: Modifying Attributes of: <item:apocalypsenow:russian_army_boots>.anyDamage()
[03:33:31.794][INFO]: Modifying Attributes of: <item:apocalypsenow:russian_army_boots>.anyDamage()
[03:33:31.794][INFO]: Set the value of Max Damage on <item:apocalypsenow:russian_army_boots> to: '429'
[03:33:31.794][INFO]: Modifying Attributes of: <item:apocalypsenow:russian_army_boots>.anyDamage()
[03:33:31.795][INFO]: Modifying Attributes of: <item:apocalypsenow:russian_army_boots>.anyDamage()
[03:33:31.795][INFO]: Modifying Attributes of: <item:apocalypsenow:japanese_army_helmet>.anyDamage()
[03:33:31.795][INFO]: Modifying Attributes of: <item:apocalypsenow:japanese_army_helmet>.anyDamage()
[03:33:31.795][INFO]: Set the value of Max Damage on <item:apocalypsenow:japanese_army_helmet> to: '363'
[03:33:31.795][INFO]: Modifying Attributes of: <item:apocalypsenow:japanese_army_helmet>.anyDamage()
[03:33:31.795][INFO]: Modifying Attributes of: <item:apocalypsenow:japanese_army_helmet>.anyDamage()
[03:33:31.795][INFO]: Modifying Attributes of: <item:apocalypsenow:japanese_army_chestplate>.anyDamage()
[03:33:31.795][INFO]: Modifying Attributes of: <item:apocalypsenow:japanese_army_chestplate>.anyDamage()
[03:33:31.795][INFO]: Set the value of Max Damage on <item:apocalypsenow:japanese_army_chestplate> to: '528'
[03:33:31.795][INFO]: Modifying Attributes of: <item:apocalypsenow:japanese_army_chestplate>.anyDamage()
[03:33:31.795][INFO]: Modifying Attributes of: <item:apocalypsenow:japanese_army_chestplate>.anyDamage()
[03:33:31.795][INFO]: Modifying Attributes of: <item:apocalypsenow:japanese_army_leggings>.anyDamage()
[03:33:31.795][INFO]: Modifying Attributes of: <item:apocalypsenow:japanese_army_leggings>.anyDamage()
[03:33:31.796][INFO]: Set the value of Max Damage on <item:apocalypsenow:japanese_army_leggings> to: '495'
[03:33:31.796][INFO]: Modifying Attributes of: <item:apocalypsenow:japanese_army_leggings>.anyDamage()
[03:33:31.796][INFO]: Modifying Attributes of: <item:apocalypsenow:japanese_army_leggings>.anyDamage()
[03:33:31.796][INFO]: Modifying Attributes of: <item:apocalypsenow:japanese_army_boots>.anyDamage()
[03:33:31.796][INFO]: Modifying Attributes of: <item:apocalypsenow:japanese_army_boots>.anyDamage()
[03:33:31.796][INFO]: Set the value of Max Damage on <item:apocalypsenow:japanese_army_boots> to: '429'
[03:33:31.796][INFO]: Modifying Attributes of: <item:apocalypsenow:japanese_army_boots>.anyDamage()
[03:33:31.796][INFO]: Modifying Attributes of: <item:apocalypsenow:japanese_army_boots>.anyDamage()
[03:33:31.797][INFO]: Modifying Attributes of: <item:apocalypsenow:british_army_helmet>.anyDamage()
[03:33:31.797][INFO]: Modifying Attributes of: <item:apocalypsenow:british_army_helmet>.anyDamage()
[03:33:31.797][INFO]: Set the value of Max Damage on <item:apocalypsenow:british_army_helmet> to: '363'
[03:33:31.797][INFO]: Modifying Attributes of: <item:apocalypsenow:british_army_helmet>.anyDamage()
[03:33:31.797][INFO]: Modifying Attributes of: <item:apocalypsenow:british_army_helmet>.anyDamage()
[03:33:31.797][INFO]: Modifying Attributes of: <item:apocalypsenow:british_army_chestplate>.anyDamage()
[03:33:31.797][INFO]: Modifying Attributes of: <item:apocalypsenow:british_army_chestplate>.anyDamage()
[03:33:31.797][INFO]: Set the value of Max Damage on <item:apocalypsenow:british_army_chestplate> to: '528'
[03:33:31.797][INFO]: Modifying Attributes of: <item:apocalypsenow:british_army_chestplate>.anyDamage()
[03:33:31.797][INFO]: Modifying Attributes of: <item:apocalypsenow:british_army_chestplate>.anyDamage()
[03:33:31.798][INFO]: Modifying Attributes of: <item:apocalypsenow:british_army_leggings>.anyDamage()
[03:33:31.798][INFO]: Modifying Attributes of: <item:apocalypsenow:british_army_leggings>.anyDamage()
[03:33:31.798][INFO]: Set the value of Max Damage on <item:apocalypsenow:british_army_leggings> to: '495'
[03:33:31.798][INFO]: Modifying Attributes of: <item:apocalypsenow:british_army_leggings>.anyDamage()
[03:33:31.798][INFO]: Modifying Attributes of: <item:apocalypsenow:british_army_leggings>.anyDamage()
[03:33:31.798][INFO]: Modifying Attributes of: <item:apocalypsenow:british_army_boots>.anyDamage()
[03:33:31.798][INFO]: Modifying Attributes of: <item:apocalypsenow:british_army_boots>.anyDamage()
[03:33:31.798][INFO]: Set the value of Max Damage on <item:apocalypsenow:british_army_boots> to: '429'
[03:33:31.798][INFO]: Modifying Attributes of: <item:apocalypsenow:british_army_boots>.anyDamage()
[03:33:31.798][INFO]: Modifying Attributes of: <item:apocalypsenow:british_army_boots>.anyDamage()
[03:33:31.798][INFO]: Modifying Attributes of: <item:apocalypsenow:usa_armor_helmet>.anyDamage()
[03:33:31.798][INFO]: Modifying Attributes of: <item:apocalypsenow:usa_armor_helmet>.anyDamage()
[03:33:31.798][INFO]: Set the value of Max Damage on <item:apocalypsenow:usa_armor_helmet> to: '363'
[03:33:31.798][INFO]: Modifying Attributes of: <item:apocalypsenow:usa_armor_helmet>.anyDamage()
[03:33:31.799][INFO]: Modifying Attributes of: <item:apocalypsenow:usa_armor_helmet>.anyDamage()
[03:33:31.799][INFO]: Modifying Attributes of: <item:apocalypsenow:usa_armor_chestplate>.anyDamage()
[03:33:31.799][INFO]: Modifying Attributes of: <item:apocalypsenow:usa_armor_chestplate>.anyDamage()
[03:33:31.799][INFO]: Set the value of Max Damage on <item:apocalypsenow:usa_armor_chestplate> to: '528'
[03:33:31.799][INFO]: Modifying Attributes of: <item:apocalypsenow:usa_armor_chestplate>.anyDamage()
[03:33:31.799][INFO]: Modifying Attributes of: <item:apocalypsenow:usa_armor_chestplate>.anyDamage()
[03:33:31.799][INFO]: Modifying Attributes of: <item:apocalypsenow:usa_armor_leggings>.anyDamage()
[03:33:31.799][INFO]: Modifying Attributes of: <item:apocalypsenow:usa_armor_leggings>.anyDamage()
[03:33:31.799][INFO]: Set the value of Max Damage on <item:apocalypsenow:usa_armor_leggings> to: '495'
[03:33:31.799][INFO]: Modifying Attributes of: <item:apocalypsenow:usa_armor_leggings>.anyDamage()
[03:33:31.799][INFO]: Modifying Attributes of: <item:apocalypsenow:usa_armor_leggings>.anyDamage()
[03:33:31.799][INFO]: Modifying Attributes of: <item:apocalypsenow:usa_armor_boots>.anyDamage()
[03:33:31.799][INFO]: Modifying Attributes of: <item:apocalypsenow:usa_armor_boots>.anyDamage()
[03:33:31.800][INFO]: Set the value of Max Damage on <item:apocalypsenow:usa_armor_boots> to: '429'
[03:33:31.800][INFO]: Modifying Attributes of: <item:apocalypsenow:usa_armor_boots>.anyDamage()
[03:33:31.800][INFO]: Modifying Attributes of: <item:apocalypsenow:usa_armor_boots>.anyDamage()
[03:33:31.800][INFO]: Modifying Attributes of: <item:apocalypsenow:italian_bersaglieri_army_helmet>.anyDamage()
[03:33:31.800][INFO]: Modifying Attributes of: <item:apocalypsenow:italian_bersaglieri_army_helmet>.anyDamage()
[03:33:31.800][INFO]: Set the value of Max Damage on <item:apocalypsenow:italian_bersaglieri_army_helmet> to: '363'
[03:33:31.800][INFO]: Modifying Attributes of: <item:apocalypsenow:italian_bersaglieri_army_helmet>.anyDamage()
[03:33:31.800][INFO]: Modifying Attributes of: <item:apocalypsenow:italian_bersaglieri_army_helmet>.anyDamage()
[03:33:31.800][INFO]: Modifying Attributes of: <item:apocalypsenow:italian_bersaglieri_army_chestplate>.anyDamage()
[03:33:31.800][INFO]: Modifying Attributes of: <item:apocalypsenow:italian_bersaglieri_army_chestplate>.anyDamage()
[03:33:31.800][INFO]: Set the value of Max Damage on <item:apocalypsenow:italian_bersaglieri_army_chestplate> to: '528'
[03:33:31.800][INFO]: Modifying Attributes of: <item:apocalypsenow:italian_bersaglieri_army_chestplate>.anyDamage()
[03:33:31.800][INFO]: Modifying Attributes of: <item:apocalypsenow:italian_bersaglieri_army_chestplate>.anyDamage()
[03:33:31.800][INFO]: Modifying Attributes of: <item:apocalypsenow:italian_bersaglieri_army_leggings>.anyDamage()
[03:33:31.801][INFO]: Modifying Attributes of: <item:apocalypsenow:italian_bersaglieri_army_leggings>.anyDamage()
[03:33:31.801][INFO]: Set the value of Max Damage on <item:apocalypsenow:italian_bersaglieri_army_leggings> to: '495'
[03:33:31.801][INFO]: Modifying Attributes of: <item:apocalypsenow:italian_bersaglieri_army_leggings>.anyDamage()
[03:33:31.801][INFO]: Modifying Attributes of: <item:apocalypsenow:italian_bersaglieri_army_leggings>.anyDamage()
[03:33:31.801][INFO]: Modifying Attributes of: <item:apocalypsenow:italian_bersaglieri_army_boots>.anyDamage()
[03:33:31.801][INFO]: Modifying Attributes of: <item:apocalypsenow:italian_bersaglieri_army_boots>.anyDamage()
[03:33:31.801][INFO]: Set the value of Max Damage on <item:apocalypsenow:italian_bersaglieri_army_boots> to: '429'
[03:33:31.801][INFO]: Modifying Attributes of: <item:apocalypsenow:italian_bersaglieri_army_boots>.anyDamage()
[03:33:31.801][INFO]: Modifying Attributes of: <item:apocalypsenow:italian_bersaglieri_army_boots>.anyDamage()
[03:33:31.801][INFO]: Modifying Attributes of: <item:apocalypsenow:brazilian_army_helmet>.anyDamage()
[03:33:31.801][INFO]: Modifying Attributes of: <item:apocalypsenow:brazilian_army_helmet>.anyDamage()
[03:33:31.801][INFO]: Set the value of Max Damage on <item:apocalypsenow:brazilian_army_helmet> to: '363'
[03:33:31.801][INFO]: Modifying Attributes of: <item:apocalypsenow:brazilian_army_helmet>.anyDamage()
[03:33:31.802][INFO]: Modifying Attributes of: <item:apocalypsenow:brazilian_army_helmet>.anyDamage()
[03:33:31.802][INFO]: Modifying Attributes of: <item:apocalypsenow:brazilian_army_chestplate>.anyDamage()
[03:33:31.802][INFO]: Modifying Attributes of: <item:apocalypsenow:brazilian_army_chestplate>.anyDamage()
[03:33:31.802][INFO]: Set the value of Max Damage on <item:apocalypsenow:brazilian_army_chestplate> to: '528'
[03:33:31.802][INFO]: Modifying Attributes of: <item:apocalypsenow:brazilian_army_chestplate>.anyDamage()
[03:33:31.802][INFO]: Modifying Attributes of: <item:apocalypsenow:brazilian_army_chestplate>.anyDamage()
[03:33:31.802][INFO]: Modifying Attributes of: <item:apocalypsenow:brazilian_army_leggings>.anyDamage()
[03:33:31.802][INFO]: Modifying Attributes of: <item:apocalypsenow:brazilian_army_leggings>.anyDamage()
[03:33:31.802][INFO]: Set the value of Max Damage on <item:apocalypsenow:brazilian_army_leggings> to: '495'
[03:33:31.802][INFO]: Modifying Attributes of: <item:apocalypsenow:brazilian_army_leggings>.anyDamage()
[03:33:31.802][INFO]: Modifying Attributes of: <item:apocalypsenow:brazilian_army_leggings>.anyDamage()
[03:33:31.802][INFO]: Modifying Attributes of: <item:apocalypsenow:brazilian_army_boots>.anyDamage()
[03:33:31.802][INFO]: Modifying Attributes of: <item:apocalypsenow:brazilian_army_boots>.anyDamage()
[03:33:31.802][INFO]: Set the value of Max Damage on <item:apocalypsenow:brazilian_army_boots> to: '429'
[03:33:31.802][INFO]: Modifying Attributes of: <item:apocalypsenow:brazilian_army_boots>.anyDamage()
[03:33:31.803][INFO]: Modifying Attributes of: <item:apocalypsenow:brazilian_army_boots>.anyDamage()
[03:33:31.803][INFO]: Modifying Attributes of: <item:apocalypsenow:un_armor_helmet>.anyDamage()
[03:33:31.803][INFO]: Modifying Attributes of: <item:apocalypsenow:un_armor_helmet>.anyDamage()
[03:33:31.803][INFO]: Set the value of Max Damage on <item:apocalypsenow:un_armor_helmet> to: '231'
[03:33:31.803][INFO]: Modifying Attributes of: <item:apocalypsenow:un_armor_helmet>.anyDamage()
[03:33:31.803][INFO]: Modifying Attributes of: <item:apocalypsenow:un_armor_helmet>.anyDamage()
[03:33:31.803][INFO]: Modifying Attributes of: <item:apocalypsenow:un_armor_chestplate>.anyDamage()
[03:33:31.803][INFO]: Modifying Attributes of: <item:apocalypsenow:un_armor_chestplate>.anyDamage()
[03:33:31.803][INFO]: Set the value of Max Damage on <item:apocalypsenow:un_armor_chestplate> to: '336'
[03:33:31.803][INFO]: Modifying Attributes of: <item:apocalypsenow:un_armor_chestplate>.anyDamage()
[03:33:31.803][INFO]: Modifying Attributes of: <item:apocalypsenow:un_armor_chestplate>.anyDamage()
[03:33:31.803][INFO]: Modifying Attributes of: <item:apocalypsenow:un_armor_leggings>.anyDamage()
[03:33:31.803][INFO]: Modifying Attributes of: <item:apocalypsenow:un_armor_leggings>.anyDamage()
[03:33:31.803][INFO]: Set the value of Max Damage on <item:apocalypsenow:un_armor_leggings> to: '315'
[03:33:31.803][INFO]: Modifying Attributes of: <item:apocalypsenow:un_armor_leggings>.anyDamage()
[03:33:31.804][INFO]: Modifying Attributes of: <item:apocalypsenow:un_armor_leggings>.anyDamage()
[03:33:31.804][INFO]: Modifying Attributes of: <item:apocalypsenow:un_armor_boots>.anyDamage()
[03:33:31.804][INFO]: Modifying Attributes of: <item:apocalypsenow:un_armor_boots>.anyDamage()
[03:33:31.804][INFO]: Set the value of Max Damage on <item:apocalypsenow:un_armor_boots> to: '273'
[03:33:31.804][INFO]: Modifying Attributes of: <item:apocalypsenow:un_armor_boots>.anyDamage()
[03:33:31.804][INFO]: Modifying Attributes of: <item:apocalypsenow:un_armor_boots>.anyDamage()
[03:33:31.804][INFO]: Modifying Attributes of: <item:apocalypsenow:military_riot_armor_helmet>.anyDamage()
[03:33:31.804][INFO]: Modifying Attributes of: <item:apocalypsenow:military_riot_armor_helmet>.anyDamage()
[03:33:31.804][INFO]: Set the value of Max Damage on <item:apocalypsenow:military_riot_armor_helmet> to: '393'
[03:33:31.804][INFO]: Modifying Attributes of: <item:apocalypsenow:military_riot_armor_helmet>.anyDamage()
[03:33:31.804][INFO]: Modifying Attributes of: <item:apocalypsenow:military_riot_armor_helmet>.anyDamage()
[03:33:31.804][INFO]: Modifying Attributes of: <item:apocalypsenow:military_riot_armor_chestplate>.anyDamage()
[03:33:31.804][INFO]: Modifying Attributes of: <item:apocalypsenow:military_riot_armor_chestplate>.anyDamage()
[03:33:31.804][INFO]: Set the value of Max Damage on <item:apocalypsenow:military_riot_armor_chestplate> to: '558'
[03:33:31.804][INFO]: Modifying Attributes of: <item:apocalypsenow:military_riot_armor_chestplate>.anyDamage()
[03:33:31.805][INFO]: Modifying Attributes of: <item:apocalypsenow:military_riot_armor_chestplate>.anyDamage()
[03:33:31.805][INFO]: Modifying Attributes of: <item:apocalypsenow:military_riot_armor_leggings>.anyDamage()
[03:33:31.805][INFO]: Modifying Attributes of: <item:apocalypsenow:military_riot_armor_leggings>.anyDamage()
[03:33:31.805][INFO]: Set the value of Max Damage on <item:apocalypsenow:military_riot_armor_leggings> to: '515'
[03:33:31.805][INFO]: Modifying Attributes of: <item:apocalypsenow:military_riot_armor_leggings>.anyDamage()
[03:33:31.805][INFO]: Modifying Attributes of: <item:apocalypsenow:military_riot_armor_leggings>.anyDamage()
[03:33:31.805][INFO]: Modifying Attributes of: <item:apocalypsenow:military_riot_armor_boots>.anyDamage()
[03:33:31.805][INFO]: Modifying Attributes of: <item:apocalypsenow:military_riot_armor_boots>.anyDamage()
[03:33:31.805][INFO]: Set the value of Max Damage on <item:apocalypsenow:military_riot_armor_boots> to: '459'
[03:33:31.805][INFO]: Modifying Attributes of: <item:apocalypsenow:military_riot_armor_boots>.anyDamage()
[03:33:31.805][INFO]: Modifying Attributes of: <item:apocalypsenow:military_riot_armor_boots>.anyDamage()
[03:33:31.805][INFO]: Modifying Attributes of: <item:apocalypsenow:military_urban_helmet>.anyDamage()
[03:33:31.805][INFO]: Modifying Attributes of: <item:apocalypsenow:military_urban_helmet>.anyDamage()
[03:33:31.805][INFO]: Set the value of Max Damage on <item:apocalypsenow:military_urban_helmet> to: '393'
[03:33:31.805][INFO]: Modifying Attributes of: <item:apocalypsenow:military_urban_helmet>.anyDamage()
[03:33:31.806][INFO]: Modifying Attributes of: <item:apocalypsenow:military_urban_helmet>.anyDamage()
[03:33:31.806][INFO]: Modifying Attributes of: <item:apocalypsenow:military_urban_chestplate>.anyDamage()
[03:33:31.806][INFO]: Modifying Attributes of: <item:apocalypsenow:military_urban_chestplate>.anyDamage()
[03:33:31.806][INFO]: Set the value of Max Damage on <item:apocalypsenow:military_urban_chestplate> to: '558'
[03:33:31.806][INFO]: Modifying Attributes of: <item:apocalypsenow:military_urban_chestplate>.anyDamage()
[03:33:31.806][INFO]: Modifying Attributes of: <item:apocalypsenow:military_urban_chestplate>.anyDamage()
[03:33:31.806][INFO]: Modifying Attributes of: <item:apocalypsenow:military_urban_leggings>.anyDamage()
[03:33:31.806][INFO]: Modifying Attributes of: <item:apocalypsenow:military_urban_leggings>.anyDamage()
[03:33:31.806][INFO]: Set the value of Max Damage on <item:apocalypsenow:military_urban_leggings> to: '515'
[03:33:31.806][INFO]: Modifying Attributes of: <item:apocalypsenow:military_urban_leggings>.anyDamage()
[03:33:31.806][INFO]: Modifying Attributes of: <item:apocalypsenow:military_urban_leggings>.anyDamage()
[03:33:31.806][INFO]: Modifying Attributes of: <item:apocalypsenow:military_urban_boots>.anyDamage()
[03:33:31.806][INFO]: Modifying Attributes of: <item:apocalypsenow:military_urban_boots>.anyDamage()
[03:33:31.806][INFO]: Set the value of Max Damage on <item:apocalypsenow:military_urban_boots> to: '459'
[03:33:31.807][INFO]: Modifying Attributes of: <item:apocalypsenow:military_urban_boots>.anyDamage()
[03:33:31.807][INFO]: Modifying Attributes of: <item:apocalypsenow:military_urban_boots>.anyDamage()
[03:33:31.807][INFO]: Modifying Attributes of: <item:apocalypsenow:biohazard_helmet>.anyDamage()
[03:33:31.807][INFO]: Modifying Attributes of: <item:apocalypsenow:biohazard_helmet>.anyDamage()
[03:33:31.807][INFO]: Set the value of Max Damage on <item:apocalypsenow:biohazard_helmet> to: '500'
[03:33:31.807][INFO]: Modifying Attributes of: <item:apocalypsenow:biohazard_helmet>.anyDamage()
[03:33:31.807][INFO]: Modifying Attributes of: <item:apocalypsenow:biohazard_helmet>.anyDamage()
[03:33:31.807][INFO]: Modifying Attributes of: <item:apocalypsenow:biohazard_chestplate>.anyDamage()
[03:33:31.807][INFO]: Modifying Attributes of: <item:apocalypsenow:biohazard_chestplate>.anyDamage()
[03:33:31.807][INFO]: Set the value of Max Damage on <item:apocalypsenow:biohazard_chestplate> to: '336'
[03:33:31.807][INFO]: Modifying Attributes of: <item:apocalypsenow:biohazard_chestplate>.anyDamage()
[03:33:31.807][INFO]: Modifying Attributes of: <item:apocalypsenow:biohazard_chestplate>.anyDamage()
[03:33:31.807][INFO]: Modifying Attributes of: <item:apocalypsenow:biohazard_leggings>.anyDamage()
[03:33:31.807][INFO]: Modifying Attributes of: <item:apocalypsenow:biohazard_leggings>.anyDamage()
[03:33:31.808][INFO]: Set the value of Max Damage on <item:apocalypsenow:biohazard_leggings> to: '315'
[03:33:31.808][INFO]: Modifying Attributes of: <item:apocalypsenow:biohazard_leggings>.anyDamage()
[03:33:31.808][INFO]: Modifying Attributes of: <item:apocalypsenow:biohazard_leggings>.anyDamage()
[03:33:31.808][INFO]: Modifying Attributes of: <item:apocalypsenow:biohazard_boots>.anyDamage()
[03:33:31.808][INFO]: Modifying Attributes of: <item:apocalypsenow:biohazard_boots>.anyDamage()
[03:33:31.808][INFO]: Set the value of Max Damage on <item:apocalypsenow:biohazard_boots> to: '273'
[03:33:31.808][INFO]: Modifying Attributes of: <item:apocalypsenow:biohazard_boots>.anyDamage()
[03:33:31.808][INFO]: Modifying Attributes of: <item:apocalypsenow:biohazard_boots>.anyDamage()
[03:33:31.808][INFO]: Modifying Attributes of: <item:apocalypsenow:contamination_suit_white_helmet>.anyDamage()
[03:33:31.808][INFO]: Modifying Attributes of: <item:apocalypsenow:contamination_suit_white_helmet>.anyDamage()
[03:33:31.808][INFO]: Set the value of Max Damage on <item:apocalypsenow:contamination_suit_white_helmet> to: '500'
[03:33:31.808][INFO]: Modifying Attributes of: <item:apocalypsenow:contamination_suit_white_helmet>.anyDamage()
[03:33:31.809][INFO]: Modifying Attributes of: <item:apocalypsenow:contamination_suit_white_helmet>.anyDamage()
[03:33:31.809][INFO]: Modifying Attributes of: <item:apocalypsenow:contamination_suit_white_chestplate>.anyDamage()
[03:33:31.809][INFO]: Modifying Attributes of: <item:apocalypsenow:contamination_suit_white_chestplate>.anyDamage()
[03:33:31.809][INFO]: Set the value of Max Damage on <item:apocalypsenow:contamination_suit_white_chestplate> to: '336'
[03:33:31.809][INFO]: Modifying Attributes of: <item:apocalypsenow:contamination_suit_white_chestplate>.anyDamage()
[03:33:31.809][INFO]: Modifying Attributes of: <item:apocalypsenow:contamination_suit_white_chestplate>.anyDamage()
[03:33:31.809][INFO]: Modifying Attributes of: <item:apocalypsenow:contamination_suit_white_leggings>.anyDamage()
[03:33:31.809][INFO]: Modifying Attributes of: <item:apocalypsenow:contamination_suit_white_leggings>.anyDamage()
[03:33:31.809][INFO]: Set the value of Max Damage on <item:apocalypsenow:contamination_suit_white_leggings> to: '315'
[03:33:31.809][INFO]: Modifying Attributes of: <item:apocalypsenow:contamination_suit_white_leggings>.anyDamage()
[03:33:31.809][INFO]: Modifying Attributes of: <item:apocalypsenow:contamination_suit_white_leggings>.anyDamage()
[03:33:31.809][INFO]: Modifying Attributes of: <item:apocalypsenow:contamination_suit_white_boots>.anyDamage()
[03:33:31.809][INFO]: Modifying Attributes of: <item:apocalypsenow:contamination_suit_white_boots>.anyDamage()
[03:33:31.809][INFO]: Set the value of Max Damage on <item:apocalypsenow:contamination_suit_white_boots> to: '273'
[03:33:31.810][INFO]: Modifying Attributes of: <item:apocalypsenow:contamination_suit_white_boots>.anyDamage()
[03:33:31.810][INFO]: Modifying Attributes of: <item:apocalypsenow:contamination_suit_white_boots>.anyDamage()
[03:33:31.810][INFO]: Modifying Attributes of: <item:apocalypsenow:contamination_suit_blue_helmet>.anyDamage()
[03:33:31.810][INFO]: Modifying Attributes of: <item:apocalypsenow:contamination_suit_blue_helmet>.anyDamage()
[03:33:31.810][INFO]: Set the value of Max Damage on <item:apocalypsenow:contamination_suit_blue_helmet> to: '500'
[03:33:31.810][INFO]: Modifying Attributes of: <item:apocalypsenow:contamination_suit_blue_helmet>.anyDamage()
[03:33:31.810][INFO]: Modifying Attributes of: <item:apocalypsenow:contamination_suit_blue_helmet>.anyDamage()
[03:33:31.810][INFO]: Modifying Attributes of: <item:apocalypsenow:contamination_suit_blue_chestplate>.anyDamage()
[03:33:31.810][INFO]: Modifying Attributes of: <item:apocalypsenow:contamination_suit_blue_chestplate>.anyDamage()
[03:33:31.810][INFO]: Set the value of Max Damage on <item:apocalypsenow:contamination_suit_blue_chestplate> to: '336'
[03:33:31.810][INFO]: Modifying Attributes of: <item:apocalypsenow:contamination_suit_blue_chestplate>.anyDamage()
[03:33:31.810][INFO]: Modifying Attributes of: <item:apocalypsenow:contamination_suit_blue_chestplate>.anyDamage()
[03:33:31.810][INFO]: Modifying Attributes of: <item:apocalypsenow:contamination_suit_blue_leggings>.anyDamage()
[03:33:31.810][INFO]: Modifying Attributes of: <item:apocalypsenow:contamination_suit_blue_leggings>.anyDamage()
[03:33:31.811][INFO]: Set the value of Max Damage on <item:apocalypsenow:contamination_suit_blue_leggings> to: '315'
[03:33:31.811][INFO]: Modifying Attributes of: <item:apocalypsenow:contamination_suit_blue_leggings>.anyDamage()
[03:33:31.811][INFO]: Modifying Attributes of: <item:apocalypsenow:contamination_suit_blue_leggings>.anyDamage()
[03:33:31.811][INFO]: Modifying Attributes of: <item:apocalypsenow:contamination_suit_green_helmet>.anyDamage()
[03:33:31.811][INFO]: Modifying Attributes of: <item:apocalypsenow:contamination_suit_green_helmet>.anyDamage()
[03:33:31.811][INFO]: Set the value of Max Damage on <item:apocalypsenow:contamination_suit_green_helmet> to: '500'
[03:33:31.811][INFO]: Modifying Attributes of: <item:apocalypsenow:contamination_suit_green_helmet>.anyDamage()
[03:33:31.811][INFO]: Modifying Attributes of: <item:apocalypsenow:contamination_suit_green_helmet>.anyDamage()
[03:33:31.811][INFO]: Modifying Attributes of: <item:apocalypsenow:contamination_suit_green_chestplate>.anyDamage()
[03:33:31.811][INFO]: Modifying Attributes of: <item:apocalypsenow:contamination_suit_green_chestplate>.anyDamage()
[03:33:31.811][INFO]: Set the value of Max Damage on <item:apocalypsenow:contamination_suit_green_chestplate> to: '336'
[03:33:31.811][INFO]: Modifying Attributes of: <item:apocalypsenow:contamination_suit_green_chestplate>.anyDamage()
[03:33:31.811][INFO]: Modifying Attributes of: <item:apocalypsenow:contamination_suit_green_chestplate>.anyDamage()
[03:33:31.811][INFO]: Modifying Attributes of: <item:apocalypsenow:contamination_suit_green_leggings>.anyDamage()
[03:33:31.811][INFO]: Modifying Attributes of: <item:apocalypsenow:contamination_suit_green_leggings>.anyDamage()
[03:33:31.811][INFO]: Set the value of Max Damage on <item:apocalypsenow:contamination_suit_green_leggings> to: '315'
[03:33:31.811][INFO]: Modifying Attributes of: <item:apocalypsenow:contamination_suit_green_leggings>.anyDamage()
[03:33:31.811][INFO]: Modifying Attributes of: <item:apocalypsenow:contamination_suit_green_leggings>.anyDamage()
[03:33:31.811][INFO]: Modifying Attributes of: <item:create_sa:brass_exoskeleton_chestplate>.anyDamage()
[03:33:31.812][INFO]: Modifying Attributes of: <item:create_sa:brass_exoskeleton_chestplate>.anyDamage()
[03:33:31.812][INFO]: Set the value of Max Damage on <item:create_sa:brass_exoskeleton_chestplate> to: '460'
[03:33:31.812][INFO]: Modifying Attributes of: <item:create_sa:brass_exoskeleton_chestplate>.anyDamage()
[03:33:31.812][INFO]: Modifying Attributes of: <item:create_sa:brass_exoskeleton_chestplate>.anyDamage()
[03:33:31.812][INFO]: Modifying Attributes of: <item:apocalypsenow:officer_beret_chestplate>.anyDamage()
[03:33:31.812][INFO]: Modifying Attributes of: <item:apocalypsenow:officer_beret_chestplate>.anyDamage()
[03:33:31.812][INFO]: Set the value of Max Damage on <item:apocalypsenow:officer_beret_chestplate> to: '580'
[03:33:31.812][INFO]: Modifying Attributes of: <item:apocalypsenow:officer_beret_helmet>.anyDamage()
[03:33:31.812][INFO]: Modifying Attributes of: <item:apocalypsenow:officer_beret_helmet>.anyDamage()
[03:33:31.812][INFO]: Set the value of Max Damage on <item:apocalypsenow:officer_beret_helmet> to: '231'
[03:33:31.812][INFO]: Modifying Attributes of: <item:apocalypsenow:officer_beret_helmet>.anyDamage()
[03:33:31.812][INFO]: Modifying Attributes of: <item:apocalypsenow:officer_beret_helmet>.anyDamage()
[03:33:31.812][INFO]: Modifying Attributes of: <item:apocalypsenow:military_beret_chestplate>.anyDamage()
[03:33:31.812][INFO]: Modifying Attributes of: <item:apocalypsenow:military_beret_chestplate>.anyDamage()
[03:33:31.812][INFO]: Set the value of Max Damage on <item:apocalypsenow:military_beret_chestplate> to: '580'
[03:33:31.812][INFO]: Modifying Attributes of: <item:apocalypsenow:military_beret_chestplate>.anyDamage()
[03:33:31.812][INFO]: Modifying Attributes of: <item:apocalypsenow:military_beret_chestplate>.anyDamage()
[03:33:31.812][INFO]: Modifying Attributes of: <item:apocalypsenow:military_beret_helmet>.anyDamage()
[03:33:31.812][INFO]: Modifying Attributes of: <item:apocalypsenow:military_beret_helmet>.anyDamage()
[03:33:31.812][INFO]: Set the value of Max Damage on <item:apocalypsenow:military_beret_helmet> to: '231'
[03:33:31.812][INFO]: Modifying Attributes of: <item:apocalypsenow:military_beret_helmet>.anyDamage()
[03:33:31.812][INFO]: Modifying Attributes of: <item:apocalypsenow:military_beret_helmet>.anyDamage()
[03:33:31.813][INFO]: Modifying Attributes of: <item:apocalypsenow:military_pilot_headset_chestplate>.anyDamage()
[03:33:31.813][INFO]: Modifying Attributes of: <item:apocalypsenow:military_pilot_headset_chestplate>.anyDamage()
[03:33:31.813][INFO]: Set the value of Max Damage on <item:apocalypsenow:military_pilot_headset_chestplate> to: '580'
[03:33:31.813][INFO]: Modifying Attributes of: <item:apocalypsenow:military_pilot_headset_chestplate>.anyDamage()
[03:33:31.813][INFO]: Modifying Attributes of: <item:apocalypsenow:military_pilot_headset_chestplate>.anyDamage()
[03:33:31.813][INFO]: Modifying Attributes of: <item:apocalypsenow:military_pilot_headset_helmet>.anyDamage()
[03:33:31.813][INFO]: Modifying Attributes of: <item:apocalypsenow:military_pilot_headset_helmet>.anyDamage()
[03:33:31.813][INFO]: Set the value of Max Damage on <item:apocalypsenow:military_pilot_headset_helmet> to: '231'
[03:33:31.813][INFO]: Modifying Attributes of: <item:apocalypsenow:military_pilot_headset_helmet>.anyDamage()
[03:33:31.813][INFO]: Modifying Attributes of: <item:apocalypsenow:military_pilot_headset_helmet>.anyDamage()
[03:33:31.813][INFO]: Modifying Attributes of: <item:apocalypsenow:atlast_7_chestplate>.anyDamage()
[03:33:31.813][INFO]: Modifying Attributes of: <item:apocalypsenow:atlast_7_chestplate>.anyDamage()
[03:33:31.813][INFO]: Set the value of Max Damage on <item:apocalypsenow:atlast_7_chestplate> to: '580'
[03:33:31.813][INFO]: Modifying Attributes of: <item:apocalypsenow:atlast_7_chestplate>.anyDamage()
[03:33:31.813][INFO]: Modifying Attributes of: <item:apocalypsenow:atlast_7_chestplate>.anyDamage()
[03:33:31.813][INFO]: Modifying Attributes of: <item:apocalypsenow:atlast_7_helmet>.anyDamage()
[03:33:31.813][INFO]: Modifying Attributes of: <item:apocalypsenow:atlast_7_helmet>.anyDamage()
[03:33:31.813][INFO]: Set the value of Max Damage on <item:apocalypsenow:atlast_7_helmet> to: '231'
[03:33:31.813][INFO]: Modifying Attributes of: <item:apocalypsenow:atlast_7_helmet>.anyDamage()
[03:33:31.813][INFO]: Modifying Attributes of: <item:apocalypsenow:atlast_7_helmet>.anyDamage()
[03:33:31.813][INFO]: Modifying Attributes of: <item:apocalypsenow:life_jacket_bullet_helmet_helmet>.anyDamage()
[03:33:31.813][INFO]: Modifying Attributes of: <item:apocalypsenow:life_jacket_bullet_helmet_helmet>.anyDamage()
[03:33:31.814][INFO]: Set the value of Max Damage on <item:apocalypsenow:life_jacket_bullet_helmet_helmet> to: '526'
[03:33:31.814][INFO]: Modifying Attributes of: <item:apocalypsenow:life_jacket_bullet_helmet_helmet>.anyDamage()
[03:33:31.814][INFO]: Modifying Attributes of: <item:apocalypsenow:life_jacket_bullet_helmet_helmet>.anyDamage()
[03:33:31.814][INFO]: Modifying Attributes of: <item:apocalypsenow:beret_chestplate>.anyDamage()
[03:33:31.814][INFO]: Modifying Attributes of: <item:apocalypsenow:beret_chestplate>.anyDamage()
[03:33:31.814][INFO]: Set the value of Max Damage on <item:apocalypsenow:beret_chestplate> to: '580'
[03:33:31.814][INFO]: Modifying Attributes of: <item:apocalypsenow:beret_chestplate>.anyDamage()
[03:33:31.814][INFO]: Modifying Attributes of: <item:apocalypsenow:beret_chestplate>.anyDamage()
[03:33:31.814][INFO]: Modifying Attributes of: <item:apocalypsenow:beret_helmet>.anyDamage()
[03:33:31.814][INFO]: Modifying Attributes of: <item:apocalypsenow:beret_helmet>.anyDamage()
[03:33:31.814][INFO]: Set the value of Max Damage on <item:apocalypsenow:beret_helmet> to: '231'
[03:33:31.814][INFO]: Modifying Attributes of: <item:apocalypsenow:beret_helmet>.anyDamage()
[03:33:31.814][INFO]: Modifying Attributes of: <item:apocalypsenow:beret_helmet>.anyDamage()
[03:33:31.814][INFO]: Modifying Attributes of: <item:create_sa:brass_jetpack_chestplate>.anyDamage()
[03:33:31.814][INFO]: Modifying Attributes of: <item:create_sa:brass_jetpack_chestplate>.anyDamage()
[03:33:31.814][INFO]: Set the value of Max Damage on <item:create_sa:brass_jetpack_chestplate> to: '460'
[03:33:31.814][INFO]: Modifying Attributes of: <item:create_sa:brass_jetpack_chestplate>.anyDamage()
[03:33:31.814][INFO]: Modifying Attributes of: <item:create_sa:brass_jetpack_chestplate>.anyDamage()
[03:33:31.814][INFO]: Modifying Attributes of: <item:apocalypsenow:helicopter_chestplate>.anyDamage()
[03:33:31.814][INFO]: Modifying Attributes of: <item:apocalypsenow:helicopter_chestplate>.anyDamage()
[03:33:31.814][INFO]: Set the value of Max Damage on <item:apocalypsenow:helicopter_chestplate> to: '580'
[03:33:31.814][INFO]: Modifying Attributes of: <item:apocalypsenow:helicopter_chestplate>.anyDamage()
[03:33:31.814][INFO]: Modifying Attributes of: <item:apocalypsenow:helicopter_chestplate>.anyDamage()
[03:33:31.814][INFO]: Modifying Attributes of: <item:apocalypsenow:helicopter_helmet>.anyDamage()
[03:33:31.814][INFO]: Modifying Attributes of: <item:apocalypsenow:helicopter_helmet>.anyDamage()
[03:33:31.814][INFO]: Set the value of Max Damage on <item:apocalypsenow:helicopter_helmet> to: '231'
[03:33:31.814][INFO]: Modifying Attributes of: <item:apocalypsenow:helicopter_helmet>.anyDamage()
[03:33:31.814][INFO]: Modifying Attributes of: <item:apocalypsenow:helicopter_helmet>.anyDamage()
[03:33:31.815][INFO]: Modifying Attributes of: <item:minecraft:netherite_helmet>.anyDamage()
[03:33:31.815][INFO]: Modifying Attributes of: <item:minecraft:netherite_helmet>.anyDamage()
[03:33:31.815][INFO]: Set the value of Max Damage on <item:minecraft:netherite_helmet> to: '407'
[03:33:31.815][INFO]: Modifying Attributes of: <item:minecraft:netherite_helmet>.anyDamage()
[03:33:31.815][INFO]: Modifying Attributes of: <item:minecraft:netherite_helmet>.anyDamage()
[03:33:31.815][INFO]: Modifying Attributes of: <item:minecraft:netherite_chestplate>.anyDamage()
[03:33:31.815][INFO]: Modifying Attributes of: <item:minecraft:netherite_chestplate>.anyDamage()
[03:33:31.815][INFO]: Set the value of Max Damage on <item:minecraft:netherite_chestplate> to: '592'
[03:33:31.815][INFO]: Modifying Attributes of: <item:minecraft:netherite_chestplate>.anyDamage()
[03:33:31.815][INFO]: Modifying Attributes of: <item:minecraft:netherite_chestplate>.anyDamage()
[03:33:31.815][INFO]: Modifying Attributes of: <item:minecraft:netherite_leggings>.anyDamage()
[03:33:31.815][INFO]: Modifying Attributes of: <item:minecraft:netherite_leggings>.anyDamage()
[03:33:31.815][INFO]: Set the value of Max Damage on <item:minecraft:netherite_leggings> to: '555'
[03:33:31.815][INFO]: Modifying Attributes of: <item:minecraft:netherite_leggings>.anyDamage()
[03:33:31.815][INFO]: Modifying Attributes of: <item:minecraft:netherite_leggings>.anyDamage()
[03:33:31.815][INFO]: Modifying Attributes of: <item:minecraft:netherite_boots>.anyDamage()
[03:33:31.815][INFO]: Modifying Attributes of: <item:minecraft:netherite_boots>.anyDamage()
[03:33:31.815][INFO]: Set the value of Max Damage on <item:minecraft:netherite_boots> to: '481'
[03:33:31.815][INFO]: Modifying Attributes of: <item:minecraft:netherite_boots>.anyDamage()
[03:33:31.815][INFO]: Modifying Attributes of: <item:minecraft:netherite_boots>.anyDamage()
[03:33:31.815][INFO]: Modifying Attributes of: <item:apocalypsenow:swat_helmet>.anyDamage()
[03:33:31.815][INFO]: Modifying Attributes of: <item:apocalypsenow:swat_helmet>.anyDamage()
[03:33:31.815][INFO]: Set the value of Max Damage on <item:apocalypsenow:swat_helmet> to: '607'
[03:33:31.815][INFO]: Modifying Attributes of: <item:apocalypsenow:swat_helmet>.anyDamage()
[03:33:31.815][INFO]: Modifying Attributes of: <item:apocalypsenow:swat_helmet>.anyDamage()
[03:33:31.816][INFO]: Modifying Attributes of: <item:apocalypsenow:swat_chestplate>.anyDamage()
[03:33:31.816][INFO]: Modifying Attributes of: <item:apocalypsenow:swat_chestplate>.anyDamage()
[03:33:31.816][INFO]: Set the value of Max Damage on <item:apocalypsenow:swat_chestplate> to: '792'
[03:33:31.816][INFO]: Modifying Attributes of: <item:apocalypsenow:swat_chestplate>.anyDamage()
[03:33:31.816][INFO]: Modifying Attributes of: <item:apocalypsenow:swat_chestplate>.anyDamage()
[03:33:31.816][INFO]: Modifying Attributes of: <item:apocalypsenow:swat_leggings>.anyDamage()
[03:33:31.816][INFO]: Modifying Attributes of: <item:apocalypsenow:swat_leggings>.anyDamage()
[03:33:31.816][INFO]: Set the value of Max Damage on <item:apocalypsenow:swat_leggings> to: '755'
[03:33:31.816][INFO]: Modifying Attributes of: <item:apocalypsenow:swat_leggings>.anyDamage()
[03:33:31.816][INFO]: Modifying Attributes of: <item:apocalypsenow:swat_leggings>.anyDamage()
[03:33:31.816][INFO]: Modifying Attributes of: <item:apocalypsenow:swat_boots>.anyDamage()
[03:33:31.816][INFO]: Modifying Attributes of: <item:apocalypsenow:swat_boots>.anyDamage()
[03:33:31.816][INFO]: Set the value of Max Damage on <item:apocalypsenow:swat_boots> to: '681'
[03:33:31.816][INFO]: Modifying Attributes of: <item:apocalypsenow:swat_boots>.anyDamage()
[03:33:31.816][INFO]: Modifying Attributes of: <item:apocalypsenow:swat_boots>.anyDamage()
[03:33:31.816][INFO]: Modifying Attributes of: <item:apocalypsenow:juggernaut_helmet>.anyDamage()
[03:33:31.816][INFO]: Modifying Attributes of: <item:apocalypsenow:juggernaut_helmet>.anyDamage()
[03:33:31.816][INFO]: Set the value of Max Damage on <item:apocalypsenow:juggernaut_helmet> to: '607'
[03:33:31.817][INFO]: Modifying Attributes of: <item:apocalypsenow:juggernaut_helmet>.anyDamage()
[03:33:31.817][INFO]: Modifying Attributes of: <item:apocalypsenow:juggernaut_helmet>.anyDamage()
[03:33:31.817][INFO]: Modifying Attributes of: <item:apocalypsenow:juggernaut_chestplate>.anyDamage()
[03:33:31.817][INFO]: Modifying Attributes of: <item:apocalypsenow:juggernaut_chestplate>.anyDamage()
[03:33:31.817][INFO]: Set the value of Max Damage on <item:apocalypsenow:juggernaut_chestplate> to: '792'
[03:33:31.817][INFO]: Modifying Attributes of: <item:apocalypsenow:juggernaut_chestplate>.anyDamage()
[03:33:31.817][INFO]: Modifying Attributes of: <item:apocalypsenow:juggernaut_chestplate>.anyDamage()
[03:33:31.817][INFO]: Modifying Attributes of: <item:apocalypsenow:juggernaut_leggings>.anyDamage()
[03:33:31.817][INFO]: Modifying Attributes of: <item:apocalypsenow:juggernaut_leggings>.anyDamage()
[03:33:31.817][INFO]: Set the value of Max Damage on <item:apocalypsenow:juggernaut_leggings> to: '755'
[03:33:31.817][INFO]: Modifying Attributes of: <item:apocalypsenow:juggernaut_leggings>.anyDamage()
[03:33:31.817][INFO]: Modifying Attributes of: <item:apocalypsenow:juggernaut_leggings>.anyDamage()
[03:33:31.817][INFO]: Modifying Attributes of: <item:apocalypsenow:juggernaut_boots>.anyDamage()
[03:33:31.817][INFO]: Modifying Attributes of: <item:apocalypsenow:juggernaut_boots>.anyDamage()
[03:33:31.817][INFO]: Set the value of Max Damage on <item:apocalypsenow:juggernaut_boots> to: '681'
[03:33:31.818][INFO]: Modifying Attributes of: <item:apocalypsenow:juggernaut_boots>.anyDamage()
[03:33:31.818][INFO]: Modifying Attributes of: <item:apocalypsenow:juggernaut_boots>.anyDamage()
[03:33:31.818][INFO]: Modifying Attributes of: <item:apocalypsenow:swatriotcontrol_helmet>.anyDamage()
[03:33:31.818][INFO]: Modifying Attributes of: <item:apocalypsenow:swatriotcontrol_helmet>.anyDamage()
[03:33:31.818][INFO]: Set the value of Max Damage on <item:apocalypsenow:swatriotcontrol_helmet> to: '607'
[03:33:31.818][INFO]: Modifying Attributes of: <item:apocalypsenow:swatriotcontrol_helmet>.anyDamage()
[03:33:31.818][INFO]: Modifying Attributes of: <item:apocalypsenow:swatriotcontrol_helmet>.anyDamage()
[03:33:31.818][INFO]: Modifying Attributes of: <item:apocalypsenow:swatriotcontrol_chestplate>.anyDamage()
[03:33:31.818][INFO]: Modifying Attributes of: <item:apocalypsenow:swatriotcontrol_chestplate>.anyDamage()
[03:33:31.818][INFO]: Set the value of Max Damage on <item:apocalypsenow:swatriotcontrol_chestplate> to: '792'
[03:33:31.818][INFO]: Modifying Attributes of: <item:apocalypsenow:swatriotcontrol_chestplate>.anyDamage()
[03:33:31.818][INFO]: Modifying Attributes of: <item:apocalypsenow:swatriotcontrol_chestplate>.anyDamage()
[03:33:31.818][INFO]: Modifying Attributes of: <item:apocalypsenow:swatriotcontrol_leggings>.anyDamage()
[03:33:31.818][INFO]: Modifying Attributes of: <item:apocalypsenow:swatriotcontrol_leggings>.anyDamage()
[03:33:31.819][INFO]: Set the value of Max Damage on <item:apocalypsenow:swatriotcontrol_leggings> to: '755'
[03:33:31.819][INFO]: Modifying Attributes of: <item:apocalypsenow:swatriotcontrol_leggings>.anyDamage()
[03:33:31.819][INFO]: Modifying Attributes of: <item:apocalypsenow:swatriotcontrol_leggings>.anyDamage()
[03:33:31.819][INFO]: Modifying Attributes of: <item:apocalypsenow:swatriotcontrol_boots>.anyDamage()
[03:33:31.819][INFO]: Modifying Attributes of: <item:apocalypsenow:swatriotcontrol_boots>.anyDamage()
[03:33:31.819][INFO]: Set the value of Max Damage on <item:apocalypsenow:swatriotcontrol_boots> to: '681'
[03:33:31.819][INFO]: Modifying Attributes of: <item:apocalypsenow:swatriotcontrol_boots>.anyDamage()
[03:33:31.819][INFO]: Modifying Attributes of: <item:apocalypsenow:swatriotcontrol_boots>.anyDamage()
[03:33:31.819][INFO]: Modifying Attributes of: <item:apocalypsenow:spec_ops_helmet>.anyDamage()
[03:33:31.819][INFO]: Modifying Attributes of: <item:apocalypsenow:spec_ops_helmet>.anyDamage()
[03:33:31.819][INFO]: Set the value of Max Damage on <item:apocalypsenow:spec_ops_helmet> to: '607'
[03:33:31.819][INFO]: Modifying Attributes of: <item:apocalypsenow:spec_ops_helmet>.anyDamage()
[03:33:31.819][INFO]: Modifying Attributes of: <item:apocalypsenow:spec_ops_helmet>.anyDamage()
[03:33:31.820][INFO]: Modifying Attributes of: <item:apocalypsenow:spec_ops_chestplate>.anyDamage()
[03:33:31.820][INFO]: Modifying Attributes of: <item:apocalypsenow:spec_ops_chestplate>.anyDamage()
[03:33:31.820][INFO]: Set the value of Max Damage on <item:apocalypsenow:spec_ops_chestplate> to: '792'
[03:33:31.820][INFO]: Modifying Attributes of: <item:apocalypsenow:spec_ops_chestplate>.anyDamage()
[03:33:31.820][INFO]: Modifying Attributes of: <item:apocalypsenow:spec_ops_chestplate>.anyDamage()
[03:33:31.820][INFO]: Modifying Attributes of: <item:apocalypsenow:spec_ops_leggings>.anyDamage()
[03:33:31.820][INFO]: Modifying Attributes of: <item:apocalypsenow:spec_ops_leggings>.anyDamage()
[03:33:31.820][INFO]: Set the value of Max Damage on <item:apocalypsenow:spec_ops_leggings> to: '755'
[03:33:31.820][INFO]: Modifying Attributes of: <item:apocalypsenow:spec_ops_leggings>.anyDamage()
[03:33:31.820][INFO]: Modifying Attributes of: <item:apocalypsenow:spec_ops_leggings>.anyDamage()
[03:33:31.820][INFO]: Modifying Attributes of: <item:apocalypsenow:spec_ops_boots>.anyDamage()
[03:33:31.820][INFO]: Modifying Attributes of: <item:apocalypsenow:spec_ops_boots>.anyDamage()
[03:33:31.820][INFO]: Set the value of Max Damage on <item:apocalypsenow:spec_ops_boots> to: '681'
[03:33:31.820][INFO]: Modifying Attributes of: <item:apocalypsenow:spec_ops_boots>.anyDamage()
[03:33:31.820][INFO]: Modifying Attributes of: <item:apocalypsenow:spec_ops_boots>.anyDamage()
[03:33:31.820][INFO]: Modifying Attributes of: <item:apocalypsenow:jet_pilot_helmet>.anyDamage()
[03:33:31.821][INFO]: Modifying Attributes of: <item:apocalypsenow:jet_pilot_helmet>.anyDamage()
[03:33:31.821][INFO]: Set the value of Max Damage on <item:apocalypsenow:jet_pilot_helmet> to: '607'
[03:33:31.821][INFO]: Modifying Attributes of: <item:apocalypsenow:jet_pilot_helmet>.anyDamage()
[03:33:31.821][INFO]: Modifying Attributes of: <item:apocalypsenow:jet_pilot_helmet>.anyDamage()
[03:33:31.821][INFO]: Modifying Attributes of: <item:apocalypsenow:jet_pilot_chestplate>.anyDamage()
[03:33:31.821][INFO]: Modifying Attributes of: <item:apocalypsenow:jet_pilot_chestplate>.anyDamage()
[03:33:31.821][INFO]: Set the value of Max Damage on <item:apocalypsenow:jet_pilot_chestplate> to: '792'
[03:33:31.821][INFO]: Modifying Attributes of: <item:apocalypsenow:jet_pilot_chestplate>.anyDamage()
[03:33:31.821][INFO]: Modifying Attributes of: <item:apocalypsenow:jet_pilot_chestplate>.anyDamage()
[03:33:31.821][INFO]: Modifying Attributes of: <item:apocalypsenow:jet_pilot_leggings>.anyDamage()
[03:33:31.821][INFO]: Modifying Attributes of: <item:apocalypsenow:jet_pilot_leggings>.anyDamage()
[03:33:31.821][INFO]: Set the value of Max Damage on <item:apocalypsenow:jet_pilot_leggings> to: '755'
[03:33:31.821][INFO]: Modifying Attributes of: <item:apocalypsenow:jet_pilot_leggings>.anyDamage()
[03:33:31.821][INFO]: Modifying Attributes of: <item:apocalypsenow:jet_pilot_leggings>.anyDamage()
[03:33:31.821][INFO]: Modifying Attributes of: <item:apocalypsenow:jet_pilot_boots>.anyDamage()
[03:33:31.821][INFO]: Modifying Attributes of: <item:apocalypsenow:jet_pilot_boots>.anyDamage()
[03:33:31.821][INFO]: Set the value of Max Damage on <item:apocalypsenow:jet_pilot_boots> to: '681'
[03:33:31.821][INFO]: Modifying Attributes of: <item:apocalypsenow:jet_pilot_boots>.anyDamage()
[03:33:31.822][INFO]: Modifying Attributes of: <item:apocalypsenow:jet_pilot_boots>.anyDamage()
[03:33:31.822][INFO]: Modifying Attributes of: <item:apocalypsenow:bombsquad_helmet>.anyDamage()
[03:33:31.822][INFO]: Modifying Attributes of: <item:apocalypsenow:bombsquad_helmet>.anyDamage()
[03:33:31.822][INFO]: Set the value of Max Damage on <item:apocalypsenow:bombsquad_helmet> to: '607'
[03:33:31.822][INFO]: Modifying Attributes of: <item:apocalypsenow:bombsquad_helmet>.anyDamage()
[03:33:31.822][INFO]: Modifying Attributes of: <item:apocalypsenow:bombsquad_helmet>.anyDamage()
[03:33:31.822][INFO]: Modifying Attributes of: <item:apocalypsenow:bombsquad_chestplate>.anyDamage()
[03:33:31.822][INFO]: Modifying Attributes of: <item:apocalypsenow:bombsquad_chestplate>.anyDamage()
[03:33:31.822][INFO]: Set the value of Max Damage on <item:apocalypsenow:bombsquad_chestplate> to: '792'
[03:33:31.822][INFO]: Modifying Attributes of: <item:apocalypsenow:bombsquad_chestplate>.anyDamage()
[03:33:31.822][INFO]: Modifying Attributes of: <item:apocalypsenow:bombsquad_chestplate>.anyDamage()
[03:33:31.822][INFO]: Modifying Attributes of: <item:apocalypsenow:bombsquad_leggings>.anyDamage()
[03:33:31.822][INFO]: Modifying Attributes of: <item:apocalypsenow:bombsquad_leggings>.anyDamage()
[03:33:31.822][INFO]: Set the value of Max Damage on <item:apocalypsenow:bombsquad_leggings> to: '755'
[03:33:31.822][INFO]: Modifying Attributes of: <item:apocalypsenow:bombsquad_leggings>.anyDamage()
[03:33:31.822][INFO]: Modifying Attributes of: <item:apocalypsenow:bombsquad_leggings>.anyDamage()
[03:33:31.822][INFO]: Modifying Attributes of: <item:apocalypsenow:bombsquad_boots>.anyDamage()
[03:33:31.822][INFO]: Modifying Attributes of: <item:apocalypsenow:bombsquad_boots>.anyDamage()
[03:33:31.823][INFO]: Set the value of Max Damage on <item:apocalypsenow:bombsquad_boots> to: '681'
[03:33:31.823][INFO]: Modifying Attributes of: <item:apocalypsenow:bombsquad_boots>.anyDamage()
[03:33:31.823][INFO]: Modifying Attributes of: <item:apocalypsenow:bombsquad_boots>.anyDamage()
[03:33:31.823][INFO]: Modifying Attributes of: <item:apocalypsenow:soldier_helmet>.anyDamage()
[03:33:31.823][INFO]: Modifying Attributes of: <item:apocalypsenow:soldier_helmet>.anyDamage()
[03:33:31.823][INFO]: Set the value of Max Damage on <item:apocalypsenow:soldier_helmet> to: '607'
[03:33:31.823][INFO]: Modifying Attributes of: <item:apocalypsenow:soldier_helmet>.anyDamage()
[03:33:31.823][INFO]: Modifying Attributes of: <item:apocalypsenow:soldier_helmet>.anyDamage()
[03:33:31.823][INFO]: Modifying Attributes of: <item:apocalypsenow:soldier_chestplate>.anyDamage()
[03:33:31.823][INFO]: Modifying Attributes of: <item:apocalypsenow:soldier_chestplate>.anyDamage()
[03:33:31.823][INFO]: Set the value of Max Damage on <item:apocalypsenow:soldier_chestplate> to: '792'
[03:33:31.823][INFO]: Modifying Attributes of: <item:apocalypsenow:soldier_chestplate>.anyDamage()
[03:33:31.823][INFO]: Modifying Attributes of: <item:apocalypsenow:soldier_chestplate>.anyDamage()
[03:33:31.823][INFO]: Modifying Attributes of: <item:apocalypsenow:soldier_leggings>.anyDamage()
[03:33:31.823][INFO]: Modifying Attributes of: <item:apocalypsenow:soldier_leggings>.anyDamage()
[03:33:31.824][INFO]: Set the value of Max Damage on <item:apocalypsenow:soldier_leggings> to: '755'
[03:33:31.824][INFO]: Modifying Attributes of: <item:apocalypsenow:soldier_leggings>.anyDamage()
[03:33:31.824][INFO]: Modifying Attributes of: <item:apocalypsenow:soldier_leggings>.anyDamage()
[03:33:31.824][INFO]: Modifying Attributes of: <item:apocalypsenow:soldier_boots>.anyDamage()
[03:33:31.824][INFO]: Modifying Attributes of: <item:apocalypsenow:soldier_boots>.anyDamage()
[03:33:31.824][INFO]: Set the value of Max Damage on <item:apocalypsenow:soldier_boots> to: '681'
[03:33:31.824][INFO]: Modifying Attributes of: <item:apocalypsenow:soldier_boots>.anyDamage()
[03:33:31.824][INFO]: Modifying Attributes of: <item:apocalypsenow:soldier_boots>.anyDamage()
[03:33:31.824][INFO]: Modifying Attributes of: <item:apocalypsenow:pbf_hamstergasmask_helmet>.anyDamage()
[03:33:31.824][INFO]: Modifying Attributes of: <item:apocalypsenow:pbf_hamstergasmask_helmet>.anyDamage()
[03:33:31.824][INFO]: Set the value of Max Damage on <item:apocalypsenow:pbf_hamstergasmask_helmet> to: '600'
[03:33:31.824][INFO]: Modifying Attributes of: <item:apocalypsenow:pbf_hamstergasmask_helmet>.anyDamage()
[03:33:31.825][INFO]: Modifying Attributes of: <item:apocalypsenow:pbf_hamstergasmask_helmet>.anyDamage()
[03:33:31.825][INFO]: Modifying Attributes of: <item:apocalypsenow:pkm_4gasmask_helmet>.anyDamage()
[03:33:31.825][INFO]: Modifying Attributes of: <item:apocalypsenow:pkm_4gasmask_helmet>.anyDamage()
[03:33:31.825][INFO]: Set the value of Max Damage on <item:apocalypsenow:pkm_4gasmask_helmet> to: '500'
[03:33:31.825][INFO]: Modifying Attributes of: <item:apocalypsenow:pkm_4gasmask_helmet>.anyDamage()
[03:33:31.825][INFO]: Modifying Attributes of: <item:apocalypsenow:pkm_4gasmask_helmet>.anyDamage()
[03:33:31.831][INFO]: Removing 'crafting' recipes with output: 'com.blamejared.crafttweaker.api.item.MCItemStack@97ea8098'
[03:33:31.844][INFO]: Removing 'crafting' recipes with output: 'com.blamejared.crafttweaker.api.item.MCItemStack@3fb99370'
[03:33:31.849][INFO]: Removing 'crafting' recipes with output: 'com.blamejared.crafttweaker.api.item.MCItemStack@8608eea7'
[03:33:31.854][INFO]: Removing 'crafting' recipes with output: 'com.blamejared.crafttweaker.api.item.MCItemStack@8f2e517e'
[03:33:31.861][INFO]: Removing 'crafting' recipes with output: 'com.blamejared.crafttweaker.api.item.MCItemStack@6d462a2e'
[03:33:31.865][INFO]: Removing 'crafting' recipes with output: 'com.blamejared.crafttweaker.api.item.MCItemStack@8de9db61'
[03:33:31.869][INFO]: Removing 'crafting' recipes with output: 'com.blamejared.crafttweaker.api.item.MCItemStack@a59e518b'
[03:33:31.872][INFO]: Removing 'crafting' recipes with output: 'com.blamejared.crafttweaker.api.item.MCItemStack@b7d397e7'
[03:33:31.874][INFO]: Removing 'crafting' recipes with output: 'com.blamejared.crafttweaker.api.item.MCItemStack@bc3de401'
[03:33:31.876][INFO]: Removing 'crafting' recipes with output: 'com.blamejared.crafttweaker.api.item.MCItemStack@e73d94b6'
[03:33:31.877][INFO]: Removing 'crafting' recipes with output: 'com.blamejared.crafttweaker.api.item.MCItemStack@6eedbabf'
[03:33:31.878][INFO]: Removing 'crafting' recipes with output: 'com.blamejared.crafttweaker.api.item.MCItemStack@f9dc5570'
[03:33:31.879][INFO]: Removing 'crafting' recipes with output: 'com.blamejared.crafttweaker.api.item.MCItemStack@2a3a2176'
[03:33:31.880][INFO]: Removing 'crafting' recipes with output: 'com.blamejared.crafttweaker.api.item.MCItemStack@24475822'
[03:33:31.882][INFO]: Removing 'crafting' recipes with output: 'com.blamejared.crafttweaker.api.item.MCItemStack@462fc49a'
[03:33:31.888][INFO]: Adding 'create:mechanical_crafting' recipe, with name: 'crafttweaker:copper_diving_helmet' that outputs: '<item:create:copper_diving_helmet>'
[03:33:31.888][INFO]: Removing 'smithing' recipes with output: 'com.blamejared.crafttweaker.api.item.MCItemStack@87e27466'
[03:33:31.888][INFO]: Adding 'create:mechanical_crafting' recipe, with name: 'crafttweaker:netherite_diving_helmet' that outputs: '<item:create:netherite_diving_helmet>'
[03:33:31.888][INFO]: Removing 'smithing' recipes with output: 'com.blamejared.crafttweaker.api.item.MCItemStack@c0b864a2'
[03:33:31.890][INFO]: Adding 'minecraft:crafting' recipe, of type: "mirroring shaped", with name: 'crafttweaker:netherite_diving_boots' that outputs: '<item:create:netherite_diving_boots>'
[03:33:31.890][INFO]: Removing 'crafting' recipes with output: 'com.blamejared.crafttweaker.api.item.MCItemStack@4a87d8e7'
[03:33:31.893][INFO]: Removing 'crafting' recipes with output: 'com.blamejared.crafttweaker.api.item.MCItemStack@6e2d6dcf'
[03:33:31.895][INFO]: Removing 'crafting' recipes with output: 'com.blamejared.crafttweaker.api.item.MCItemStack@9f4ef9fc'
[03:33:31.896][INFO]: Removing 'crafting' recipes with output: 'com.blamejared.crafttweaker.api.item.MCItemStack@de346136'
[03:33:31.898][INFO]: Adding 'minecraft:crafting' recipe, of type: "mirroring shaped", with name: 'crafttweaker:t1_leather_helmet' that outputs: '<item:minecraft:leather_helmet>'
[03:33:31.899][INFO]: Adding 'minecraft:crafting' recipe, of type: "shaped", with name: 'crafttweaker:t1_leather_chestplate' that outputs: '<item:minecraft:leather_chestplate>'
[03:33:31.899][INFO]: Adding 'minecraft:crafting' recipe, of type: "shaped", with name: 'crafttweaker:t1_leather_leggings' that outputs: '<item:minecraft:leather_leggings>'
[03:33:31.900][INFO]: Adding 'minecraft:crafting' recipe, of type: "mirroring shaped", with name: 'crafttweaker:t1_leather_boots' that outputs: '<item:minecraft:leather_boots>'
[03:33:31.900][INFO]: Removing 'crafting' recipes with output: 'com.blamejared.crafttweaker.api.item.MCItemStack@ac53e0cf'
[03:33:31.902][INFO]: Removing 'crafting' recipes with output: 'com.blamejared.crafttweaker.api.item.MCItemStack@b06ab49b'
[03:33:31.903][INFO]: Removing 'crafting' recipes with output: 'com.blamejared.crafttweaker.api.item.MCItemStack@987d7cdf'
[03:33:31.904][INFO]: Removing 'crafting' recipes with output: 'com.blamejared.crafttweaker.api.item.MCItemStack@eb81c633'
[03:33:31.906][INFO]: Adding 'minecraft:crafting' recipe, of type: "mirroring shaped", with name: 'crafttweaker:t1_police_helmet' that outputs: '<item:apocalypsenow:police_helmet>'
[03:33:31.906][INFO]: Adding 'minecraft:crafting' recipe, of type: "shaped", with name: 'crafttweaker:t1_police_chestplate' that outputs: '<item:apocalypsenow:police_chestplate>'
[03:33:31.907][INFO]: Adding 'minecraft:crafting' recipe, of type: "shaped", with name: 'crafttweaker:t1_police_leggings' that outputs: '<item:apocalypsenow:police_leggings>'
[03:33:31.907][INFO]: Adding 'minecraft:crafting' recipe, of type: "mirroring shaped", with name: 'crafttweaker:t1_police_boots' that outputs: '<item:apocalypsenow:police_boots>'
[03:33:31.907][INFO]: Removing 'crafting' recipes with output: 'com.blamejared.crafttweaker.api.item.MCItemStack@6c8b4fc5'
[03:33:31.908][INFO]: Removing 'crafting' recipes with output: 'com.blamejared.crafttweaker.api.item.MCItemStack@4243df94'
[03:33:31.910][INFO]: Removing 'crafting' recipes with output: 'com.blamejared.crafttweaker.api.item.MCItemStack@650f5e1'
[03:33:31.911][INFO]: Removing 'crafting' recipes with output: 'com.blamejared.crafttweaker.api.item.MCItemStack@2a6f1f97'
[03:33:31.913][INFO]: Adding 'minecraft:crafting' recipe, of type: "mirroring shaped", with name: 'crafttweaker:t1_fire_figther_helmet' that outputs: '<item:apocalypsenow:fire_figther_helmet>'
[03:33:31.913][INFO]: Adding 'minecraft:crafting' recipe, of type: "shaped", with name: 'crafttweaker:t1_fire_figther_chestplate' that outputs: '<item:apocalypsenow:fire_figther_chestplate>'
[03:33:31.914][INFO]: Adding 'minecraft:crafting' recipe, of type: "shaped", with name: 'crafttweaker:t1_fire_figther_leggings' that outputs: '<item:apocalypsenow:fire_figther_leggings>'
[03:33:31.914][INFO]: Adding 'minecraft:crafting' recipe, of type: "mirroring shaped", with name: 'crafttweaker:t1_fire_figther_boots' that outputs: '<item:apocalypsenow:fire_figther_boots>'
[03:33:31.914][INFO]: Removing 'crafting' recipes with output: 'com.blamejared.crafttweaker.api.item.MCItemStack@46ab7ece'
[03:33:31.915][INFO]: Removing 'crafting' recipes with output: 'com.blamejared.crafttweaker.api.item.MCItemStack@188f09c7'
[03:33:31.917][INFO]: Removing 'crafting' recipes with output: 'com.blamejared.crafttweaker.api.item.MCItemStack@86404299'
[03:33:31.918][INFO]: Removing 'crafting' recipes with output: 'com.blamejared.crafttweaker.api.item.MCItemStack@c76304cc'
[03:33:31.920][INFO]: Adding 'minecraft:crafting' recipe, of type: "mirroring shaped", with name: 'crafttweaker:t1_nurse_helmet' that outputs: '<item:apocalypsenow:nurse_helmet>'
[03:33:31.920][INFO]: Adding 'minecraft:crafting' recipe, of type: "shaped", with name: 'crafttweaker:t1_nurse_chestplate' that outputs: '<item:apocalypsenow:nurse_chestplate>'
[03:33:31.921][INFO]: Adding 'minecraft:crafting' recipe, of type: "shaped", with name: 'crafttweaker:t1_nurse_leggings' that outputs: '<item:apocalypsenow:nurse_leggings>'
[03:33:31.921][INFO]: Adding 'minecraft:crafting' recipe, of type: "mirroring shaped", with name: 'crafttweaker:t1_nurse_boots' that outputs: '<item:apocalypsenow:nurse_boots>'
[03:33:31.921][INFO]: Removing 'crafting' recipes with output: 'com.blamejared.crafttweaker.api.item.MCItemStack@46a68946'
[03:33:31.923][INFO]: Removing 'crafting' recipes with output: 'com.blamejared.crafttweaker.api.item.MCItemStack@90a4e12a'
[03:33:31.924][INFO]: Removing 'crafting' recipes with output: 'com.blamejared.crafttweaker.api.item.MCItemStack@e46d7d1b'
[03:33:31.926][INFO]: Removing 'crafting' recipes with output: 'com.blamejared.crafttweaker.api.item.MCItemStack@b2ccc9db'
[03:33:31.928][INFO]: Adding 'minecraft:crafting' recipe, of type: "mirroring shaped", with name: 'crafttweaker:t1_desertghillie_helmet' that outputs: '<item:apocalypsenow:desertghillie_helmet>'
[03:33:31.928][INFO]: Adding 'minecraft:crafting' recipe, of type: "shaped", with name: 'crafttweaker:t1_desertghillie_chestplate' that outputs: '<item:apocalypsenow:desertghillie_chestplate>'
[03:33:31.929][INFO]: Adding 'minecraft:crafting' recipe, of type: "shaped", with name: 'crafttweaker:t1_desertghillie_leggings' that outputs: '<item:apocalypsenow:desertghillie_leggings>'
[03:33:31.930][INFO]: Adding 'minecraft:crafting' recipe, of type: "mirroring shaped", with name: 'crafttweaker:t1_desertghillie_boots' that outputs: '<item:apocalypsenow:desertghillie_boots>'
[03:33:31.931][INFO]: Registering new items tag with name <tag:items:forge:ghilliesuits>
[03:33:31.933][INFO]: Adding: [apocalypsenow:desertghillie_chestplate] to tag: <tag:items:forge:ghilliesuits>
[03:33:31.934][INFO]: Removing 'crafting' recipes with output: 'com.blamejared.crafttweaker.api.item.MCItemStack@8cc7f637'
[03:33:31.936][INFO]: Removing 'crafting' recipes with output: 'com.blamejared.crafttweaker.api.item.MCItemStack@64323f1b'
[03:33:31.938][INFO]: Removing 'crafting' recipes with output: 'com.blamejared.crafttweaker.api.item.MCItemStack@551d9628'
[03:33:31.939][INFO]: Removing 'crafting' recipes with output: 'com.blamejared.crafttweaker.api.item.MCItemStack@95a63699'
[03:33:31.940][INFO]: Adding 'minecraft:crafting' recipe, of type: "mirroring shaped", with name: 'crafttweaker:t1_snowghillie_helmet' that outputs: '<item:apocalypsenow:snowghillie_helmet>'
[03:33:31.941][INFO]: Adding 'minecraft:crafting' recipe, of type: "shaped", with name: 'crafttweaker:t1_snowghillie_chestplate' that outputs: '<item:apocalypsenow:snowghillie_chestplate>'
[03:33:31.941][INFO]: Adding 'minecraft:crafting' recipe, of type: "shaped", with name: 'crafttweaker:t1_snowghillie_leggings' that outputs: '<item:apocalypsenow:snowghillie_leggings>'
[03:33:31.941][INFO]: Adding 'minecraft:crafting' recipe, of type: "mirroring shaped", with name: 'crafttweaker:t1_snowghillie_boots' that outputs: '<item:apocalypsenow:snowghillie_boots>'
[03:33:31.942][INFO]: Adding: [apocalypsenow:snowghillie_chestplate] to tag: <tag:items:forge:ghilliesuits>
[03:33:31.942][INFO]: Removing 'crafting' recipes with output: 'com.blamejared.crafttweaker.api.item.MCItemStack@974ed0d7'
[03:33:31.943][INFO]: Removing 'crafting' recipes with output: 'com.blamejared.crafttweaker.api.item.MCItemStack@4abad73f'
[03:33:31.944][INFO]: Removing 'crafting' recipes with output: 'com.blamejared.crafttweaker.api.item.MCItemStack@2374680e'
[03:33:31.945][INFO]: Removing 'crafting' recipes with output: 'com.blamejared.crafttweaker.api.item.MCItemStack@9e0d0e9a'
[03:33:31.946][INFO]: Adding 'minecraft:crafting' recipe, of type: "mirroring shaped", with name: 'crafttweaker:t1_ghilliesuit_helmet' that outputs: '<item:apocalypsenow:ghilliesuit_helmet>'
[03:33:31.947][INFO]: Adding 'minecraft:crafting' recipe, of type: "shaped", with name: 'crafttweaker:t1_ghilliesuit_chestplate' that outputs: '<item:apocalypsenow:ghilliesuit_chestplate>'
[03:33:31.947][INFO]: Adding 'minecraft:crafting' recipe, of type: "shaped", with name: 'crafttweaker:t1_ghilliesuit_leggings' that outputs: '<item:apocalypsenow:ghilliesuit_leggings>'
[03:33:31.948][INFO]: Adding 'minecraft:crafting' recipe, of type: "mirroring shaped", with name: 'crafttweaker:t1_ghilliesuit_boots' that outputs: '<item:apocalypsenow:ghilliesuit_boots>'
[03:33:31.948][INFO]: Adding: [apocalypsenow:ghilliesuit_chestplate] to tag: <tag:items:forge:ghilliesuits>
[03:33:31.948][INFO]: Removing 'crafting' recipes with output: 'com.blamejared.crafttweaker.api.item.MCItemStack@17421a8f'
[03:33:31.949][INFO]: Removing 'crafting' recipes with output: 'com.blamejared.crafttweaker.api.item.MCItemStack@bf2cd145'
[03:33:31.950][INFO]: Removing 'crafting' recipes with output: 'com.blamejared.crafttweaker.api.item.MCItemStack@5e5192b4'
[03:33:31.951][INFO]: Removing 'crafting' recipes with output: 'com.blamejared.crafttweaker.api.item.MCItemStack@786abdda'
[03:33:31.952][INFO]: Adding 'minecraft:crafting' recipe, of type: "mirroring shaped", with name: 'crafttweaker:t1_anarchy_helmet' that outputs: '<item:apocalypsenow:anarchy_helmet>'
[03:33:31.953][INFO]: Adding 'minecraft:crafting' recipe, of type: "shaped", with name: 'crafttweaker:t1_anarchy_chestplate' that outputs: '<item:apocalypsenow:anarchy_chestplate>'
[03:33:31.953][INFO]: Adding 'minecraft:crafting' recipe, of type: "shaped", with name: 'crafttweaker:t1_anarchy_leggings' that outputs: '<item:apocalypsenow:anarchy_leggings>'
[03:33:31.953][INFO]: Adding 'minecraft:crafting' recipe, of type: "mirroring shaped", with name: 'crafttweaker:t1_anarchy_boots' that outputs: '<item:apocalypsenow:anarchy_boots>'
[03:33:31.953][INFO]: Removing 'crafting' recipes with output: 'com.blamejared.crafttweaker.api.item.MCItemStack@56195cf'
[03:33:31.954][INFO]: Removing 'crafting' recipes with output: 'com.blamejared.crafttweaker.api.item.MCItemStack@acd6188b'
[03:33:31.955][INFO]: Removing 'crafting' recipes with output: 'com.blamejared.crafttweaker.api.item.MCItemStack@e162229'
[03:33:31.957][INFO]: Removing 'crafting' recipes with output: 'com.blamejared.crafttweaker.api.item.MCItemStack@b49d3788'
[03:33:31.958][INFO]: Adding 'minecraft:crafting' recipe, of type: "mirroring shaped", with name: 'crafttweaker:t1_forestguard_helmet' that outputs: '<item:apocalypsenow:forestguard_helmet>'
[03:33:31.958][INFO]: Adding 'minecraft:crafting' recipe, of type: "shaped", with name: 'crafttweaker:t1_forestguard_chestplate' that outputs: '<item:apocalypsenow:forestguard_chestplate>'
[03:33:31.959][INFO]: Adding 'minecraft:crafting' recipe, of type: "shaped", with name: 'crafttweaker:t1_forestguard_leggings' that outputs: '<item:apocalypsenow:forestguard_leggings>'
[03:33:31.959][INFO]: Adding 'minecraft:crafting' recipe, of type: "mirroring shaped", with name: 'crafttweaker:t1_forestguard_boots' that outputs: '<item:apocalypsenow:forestguard_boots>'
[03:33:31.959][INFO]: Removing 'crafting' recipes with output: 'com.blamejared.crafttweaker.api.item.MCItemStack@e67ef3b0'
[03:33:31.960][INFO]: Removing 'crafting' recipes with output: 'com.blamejared.crafttweaker.api.item.MCItemStack@70e3a59e'
[03:33:31.962][INFO]: Adding 'minecraft:crafting' recipe, of type: "mirroring shaped", with name: 'crafttweaker:t1_hunting_helmet' that outputs: '<item:apocalypsenow:hunting_helmet>'
[03:33:31.962][INFO]: Adding 'minecraft:crafting' recipe, of type: "shaped", with name: 'crafttweaker:t1_hunting_chestplate' that outputs: '<item:apocalypsenow:hunting_chestplate>'
[03:33:31.962][INFO]: Removing 'crafting' recipes with output: 'com.blamejared.crafttweaker.api.item.MCItemStack@46e637d7'
[03:33:31.964][INFO]: Adding 'minecraft:crafting' recipe, of type: "shaped", with name: 'crafttweaker:t1_life_jacket_bullet_helmet_chestplate' that outputs: '<item:apocalypsenow:life_jacket_bullet_helmet_chestplate>'
[03:33:31.964][INFO]: Removing 'crafting' recipes with output: 'com.blamejared.crafttweaker.api.item.MCItemStack@5208ea9'
[03:33:31.965][INFO]: Adding 'minecraft:crafting' recipe, of type: "shaped", with name: 'crafttweaker:t1_high_visibility_jacket_chestplate' that outputs: '<item:apocalypsenow:high_visibility_jacket_chestplate>'
[03:33:31.965][INFO]: Removing 'crafting' recipes with output: 'com.blamejared.crafttweaker.api.item.MCItemStack@f39b2700'
[03:33:31.967][INFO]: Adding 'minecraft:crafting' recipe, of type: "mirroring shaped", with name: 'crafttweaker:t1_jasonmask_helmet' that outputs: '<item:apocalypsenow:jasonmask_helmet>'
[03:33:31.967][INFO]: Removing 'crafting' recipes with output: 'com.blamejared.crafttweaker.api.item.MCItemStack@8891bcea'
[03:33:31.969][INFO]: Adding 'minecraft:crafting' recipe, of type: "mirroring shaped", with name: 'crafttweaker:t1_balaclava_helmet' that outputs: '<item:apocalypsenow:balaclava_helmet>'
[03:33:31.969][INFO]: Removing 'crafting' recipes with output: 'com.blamejared.crafttweaker.api.item.MCItemStack@a8305646'
[03:33:31.971][INFO]: Adding 'minecraft:crafting' recipe, of type: "mirroring shaped", with name: 'crafttweaker:t1_welding_mask_helmet' that outputs: '<item:apocalypsenow:welding_mask_helmet>'
[03:33:31.971][INFO]: Removing 'crafting' recipes with output: 'com.blamejared.crafttweaker.api.item.MCItemStack@94dd30a2'
[03:33:31.972][INFO]: Removing 'crafting' recipes with output: 'com.blamejared.crafttweaker.api.item.MCItemStack@8b01f9f'
[03:33:31.973][INFO]: Removing 'crafting' recipes with output: 'com.blamejared.crafttweaker.api.item.MCItemStack@c2e76500'
[03:33:31.974][INFO]: Removing 'crafting' recipes with output: 'com.blamejared.crafttweaker.api.item.MCItemStack@5a1d775f'
[03:33:31.975][INFO]: Adding 'minecraft:crafting' recipe, of type: "mirroring shaped", with name: 'crafttweaker:t2_hoglin_helmet' that outputs: '<item:cold_sweat:hoglin_headpiece>'
[03:33:31.975][INFO]: Adding 'minecraft:crafting' recipe, of type: "shaped", with name: 'crafttweaker:t2_hoglin_chestplate' that outputs: '<item:cold_sweat:hoglin_tunic>'
[03:33:31.976][INFO]: Adding 'minecraft:crafting' recipe, of type: "shaped", with name: 'crafttweaker:t2_hoglin_leggings' that outputs: '<item:cold_sweat:hoglin_trousers>'
[03:33:31.976][INFO]: Adding 'minecraft:crafting' recipe, of type: "mirroring shaped", with name: 'crafttweaker:t2_hoglin_boots' that outputs: '<item:cold_sweat:hoglin_hooves>'
[03:33:31.976][INFO]: Removing 'crafting' recipes with output: 'com.blamejared.crafttweaker.api.item.MCItemStack@5baa7101'
[03:33:31.977][INFO]: Removing 'crafting' recipes with output: 'com.blamejared.crafttweaker.api.item.MCItemStack@43115374'
[03:33:31.978][INFO]: Removing 'crafting' recipes with output: 'com.blamejared.crafttweaker.api.item.MCItemStack@55994447'
[03:33:31.979][INFO]: Removing 'crafting' recipes with output: 'com.blamejared.crafttweaker.api.item.MCItemStack@f645337c'
[03:33:31.981][INFO]: Adding 'minecraft:crafting' recipe, of type: "mirroring shaped", with name: 'crafttweaker:t2_fur_helmet' that outputs: '<item:cold_sweat:fur_cap>'
[03:33:31.981][INFO]: Adding 'minecraft:crafting' recipe, of type: "shaped", with name: 'crafttweaker:t2_fur_chestplate' that outputs: '<item:cold_sweat:fur_parka>'
[03:33:31.981][INFO]: Adding 'minecraft:crafting' recipe, of type: "shaped", with name: 'crafttweaker:t2_fur_leggings' that outputs: '<item:cold_sweat:fur_pants>'
[03:33:31.981][INFO]: Adding 'minecraft:crafting' recipe, of type: "mirroring shaped", with name: 'crafttweaker:t2_fur_boots' that outputs: '<item:cold_sweat:fur_boots>'
[03:33:31.982][INFO]: Adding 'minecraft:crafting' recipe, of type: "mirroring shaped", with name: 'crafttweaker:t2_chain_helmet' that outputs: '<item:minecraft:chainmail_helmet>'
[03:33:31.982][INFO]: Adding 'minecraft:crafting' recipe, of type: "shaped", with name: 'crafttweaker:t2_chain_chestplate' that outputs: '<item:minecraft:chainmail_chestplate>'
[03:33:31.983][INFO]: Adding 'minecraft:crafting' recipe, of type: "shaped", with name: 'crafttweaker:t2_chain_leggings' that outputs: '<item:minecraft:chainmail_leggings>'
[03:33:31.983][INFO]: Adding 'minecraft:crafting' recipe, of type: "mirroring shaped", with name: 'crafttweaker:t2_chain_boots' that outputs: '<item:minecraft:chainmail_boots>'
[03:33:31.983][INFO]: Removing 'crafting' recipes with output: 'com.blamejared.crafttweaker.api.item.MCItemStack@2290d6e5'
[03:33:31.984][INFO]: Removing 'crafting' recipes with output: 'com.blamejared.crafttweaker.api.item.MCItemStack@f412d064'
[03:33:31.986][INFO]: Removing 'crafting' recipes with output: 'com.blamejared.crafttweaker.api.item.MCItemStack@459bfdd8'
[03:33:31.987][INFO]: Removing 'crafting' recipes with output: 'com.blamejared.crafttweaker.api.item.MCItemStack@d148fd30'
[03:33:31.988][INFO]: Adding 'minecraft:crafting' recipe, of type: "mirroring shaped", with name: 'crafttweaker:t2_iron_helmet' that outputs: '<item:minecraft:iron_helmet>'
[03:33:31.988][INFO]: Adding 'minecraft:crafting' recipe, of type: "shaped", with name: 'crafttweaker:t2_iron_chestplate' that outputs: '<item:minecraft:iron_chestplate>'
[03:33:31.989][INFO]: Adding 'minecraft:crafting' recipe, of type: "shaped", with name: 'crafttweaker:t2_iron_leggings' that outputs: '<item:minecraft:iron_leggings>'
[03:33:31.989][INFO]: Adding 'minecraft:crafting' recipe, of type: "mirroring shaped", with name: 'crafttweaker:t2_iron_boots' that outputs: '<item:minecraft:iron_boots>'
[03:33:31.989][INFO]: Registering new items tag with name <tag:items:forge:vanilla_chestplate>
[03:33:31.989][INFO]: Adding: [minecraft:iron_chestplate] to tag: <tag:items:forge:vanilla_chestplate>
[03:33:31.990][INFO]: Removing 'crafting' recipes with output: 'com.blamejared.crafttweaker.api.item.MCItemStack@c5f7b7f8'
[03:33:31.991][INFO]: Removing 'crafting' recipes with output: 'com.blamejared.crafttweaker.api.item.MCItemStack@ee01d926'
[03:33:31.992][INFO]: Removing 'crafting' recipes with output: 'com.blamejared.crafttweaker.api.item.MCItemStack@50434553'
[03:33:31.993][INFO]: Removing 'crafting' recipes with output: 'com.blamejared.crafttweaker.api.item.MCItemStack@6436eb50'
[03:33:31.995][INFO]: Adding 'minecraft:crafting' recipe, of type: "mirroring shaped", with name: 'crafttweaker:t2_copper_helmet' that outputs: '<item:create_sa:copper_helmet>'
[03:33:31.995][INFO]: Adding 'minecraft:crafting' recipe, of type: "shaped", with name: 'crafttweaker:t2_copper_chestplate' that outputs: '<item:create_sa:copper_chestplate>'
[03:33:31.996][INFO]: Adding 'minecraft:crafting' recipe, of type: "shaped", with name: 'crafttweaker:t2_copper_leggings' that outputs: '<item:create_sa:copper_leggings>'
[03:33:31.996][INFO]: Adding 'minecraft:crafting' recipe, of type: "mirroring shaped", with name: 'crafttweaker:t2_copper_boots' that outputs: '<item:create_sa:copper_boots>'
[03:33:31.996][INFO]: Adding: [create_sa:copper_chestplate] to tag: <tag:items:forge:vanilla_chestplate>
[03:33:31.996][INFO]: Removing 'crafting' recipes with output: 'com.blamejared.crafttweaker.api.item.MCItemStack@7d56dc70'
[03:33:31.998][INFO]: Removing 'crafting' recipes with output: 'com.blamejared.crafttweaker.api.item.MCItemStack@79b37b17'
[03:33:31.999][INFO]: Removing 'crafting' recipes with output: 'com.blamejared.crafttweaker.api.item.MCItemStack@8e68ef5e'
[03:33:32.000][INFO]: Removing 'crafting' recipes with output: 'com.blamejared.crafttweaker.api.item.MCItemStack@fcfd7946'
[03:33:32.001][INFO]: Adding 'minecraft:crafting' recipe, of type: "mirroring shaped", with name: 'crafttweaker:t2_zinc_helmet' that outputs: '<item:create_sa:zinc_helmet>'
[03:33:32.002][INFO]: Adding 'minecraft:crafting' recipe, of type: "shaped", with name: 'crafttweaker:t2_zinc_chestplate' that outputs: '<item:create_sa:zinc_chestplate>'
[03:33:32.002][INFO]: Adding 'minecraft:crafting' recipe, of type: "shaped", with name: 'crafttweaker:t2_zinc_leggings' that outputs: '<item:create_sa:zinc_leggings>'
[03:33:32.003][INFO]: Adding 'minecraft:crafting' recipe, of type: "mirroring shaped", with name: 'crafttweaker:t2_zinc_boots' that outputs: '<item:create_sa:zinc_boots>'
[03:33:32.003][INFO]: Adding: [create_sa:zinc_chestplate] to tag: <tag:items:forge:vanilla_chestplate>
[03:33:32.003][INFO]: Removing 'crafting' recipes with output: 'com.blamejared.crafttweaker.api.item.MCItemStack@b1465d6f'
[03:33:32.004][INFO]: Removing 'crafting' recipes with output: 'com.blamejared.crafttweaker.api.item.MCItemStack@1fb04d59'
[03:33:32.005][INFO]: Removing 'crafting' recipes with output: 'com.blamejared.crafttweaker.api.item.MCItemStack@1c1333d5'
[03:33:32.006][INFO]: Removing 'crafting' recipes with output: 'com.blamejared.crafttweaker.api.item.MCItemStack@be097737'
[03:33:32.007][INFO]: Adding 'minecraft:crafting' recipe, of type: "mirroring shaped", with name: 'crafttweaker:t2_construction_helmet' that outputs: '<item:apocalypsenow:construction_helmet>'
[03:33:32.008][INFO]: Adding 'minecraft:crafting' recipe, of type: "shaped", with name: 'crafttweaker:t2_construction_chestplate' that outputs: '<item:apocalypsenow:construction_chestplate>'
[03:33:32.008][INFO]: Adding 'minecraft:crafting' recipe, of type: "shaped", with name: 'crafttweaker:t2_construction_leggings' that outputs: '<item:apocalypsenow:construction_leggings>'
[03:33:32.008][INFO]: Adding 'minecraft:crafting' recipe, of type: "mirroring shaped", with name: 'crafttweaker:t2_construction_boots' that outputs: '<item:apocalypsenow:construction_boots>'
[03:33:32.008][INFO]: Removing 'crafting' recipes with output: 'com.blamejared.crafttweaker.api.item.MCItemStack@1bc94028'
[03:33:32.010][INFO]: Removing 'crafting' recipes with output: 'com.blamejared.crafttweaker.api.item.MCItemStack@150949dc'
[03:33:32.011][INFO]: Removing 'crafting' recipes with output: 'com.blamejared.crafttweaker.api.item.MCItemStack@88538da8'
[03:33:32.012][INFO]: Removing 'crafting' recipes with output: 'com.blamejared.crafttweaker.api.item.MCItemStack@966c7e16'
[03:33:32.013][INFO]: Adding 'minecraft:crafting' recipe, of type: "mirroring shaped", with name: 'crafttweaker:t2_yellow_football_armor_helmet' that outputs: '<item:apocalypsenow:yellow_football_armor_helmet>'
[03:33:32.013][INFO]: Adding 'minecraft:crafting' recipe, of type: "shaped", with name: 'crafttweaker:t2_yellow_football_armor_chestplate' that outputs: '<item:apocalypsenow:yellow_football_armor_chestplate>'
[03:33:32.014][INFO]: Adding 'minecraft:crafting' recipe, of type: "shaped", with name: 'crafttweaker:t2_yellow_football_armor_leggings' that outputs: '<item:apocalypsenow:yellow_football_armor_leggings>'
[03:33:32.014][INFO]: Adding 'minecraft:crafting' recipe, of type: "mirroring shaped", with name: 'crafttweaker:t2_yellow_football_armor_boots' that outputs: '<item:apocalypsenow:yellow_football_armor_boots>'
[03:33:32.014][INFO]: Registering new items tag with name <tag:items:forge:football_chestplate>
[03:33:32.014][INFO]: Adding: [apocalypsenow:yellow_football_armor_chestplate] to tag: <tag:items:forge:football_chestplate>
[03:33:32.015][INFO]: Removing 'crafting' recipes with output: 'com.blamejared.crafttweaker.api.item.MCItemStack@2e95e40c'
[03:33:32.016][INFO]: Removing 'crafting' recipes with output: 'com.blamejared.crafttweaker.api.item.MCItemStack@fc2c22a4'
[03:33:32.017][INFO]: Removing 'crafting' recipes with output: 'com.blamejared.crafttweaker.api.item.MCItemStack@ca6037'
[03:33:32.018][INFO]: Removing 'crafting' recipes with output: 'com.blamejared.crafttweaker.api.item.MCItemStack@536a7e4b'
[03:33:32.019][INFO]: Adding 'minecraft:crafting' recipe, of type: "mirroring shaped", with name: 'crafttweaker:t2_red_football_armor_helmet' that outputs: '<item:apocalypsenow:red_football_armor_helmet>'
[03:33:32.020][INFO]: Adding 'minecraft:crafting' recipe, of type: "shaped", with name: 'crafttweaker:t2_red_football_armor_chestplate' that outputs: '<item:apocalypsenow:red_football_armor_chestplate>'
[03:33:32.020][INFO]: Adding 'minecraft:crafting' recipe, of type: "shaped", with name: 'crafttweaker:t2_red_football_armor_leggings' that outputs: '<item:apocalypsenow:red_football_armor_leggings>'
[03:33:32.020][INFO]: Adding 'minecraft:crafting' recipe, of type: "mirroring shaped", with name: 'crafttweaker:t2_red_football_armor_boots' that outputs: '<item:apocalypsenow:red_football_armor_boots>'
[03:33:32.020][INFO]: Adding: [apocalypsenow:red_football_armor_chestplate] to tag: <tag:items:forge:football_chestplate>
[03:33:32.021][INFO]: Removing 'crafting' recipes with output: 'com.blamejared.crafttweaker.api.item.MCItemStack@98c7e287'
[03:33:32.022][INFO]: Removing 'crafting' recipes with output: 'com.blamejared.crafttweaker.api.item.MCItemStack@526a5294'
[03:33:32.023][INFO]: Removing 'crafting' recipes with output: 'com.blamejared.crafttweaker.api.item.MCItemStack@d9669825'
[03:33:32.024][INFO]: Removing 'crafting' recipes with output: 'com.blamejared.crafttweaker.api.item.MCItemStack@ee681d02'
[03:33:32.025][INFO]: Adding 'minecraft:crafting' recipe, of type: "mirroring shaped", with name: 'crafttweaker:t2_blue_football_armor_helmet' that outputs: '<item:apocalypsenow:blue_football_armor_helmet>'
[03:33:32.026][INFO]: Adding 'minecraft:crafting' recipe, of type: "shaped", with name: 'crafttweaker:t2_blue_football_armor_chestplate' that outputs: '<item:apocalypsenow:blue_football_armor_chestplate>'
[03:33:32.026][INFO]: Adding 'minecraft:crafting' recipe, of type: "shaped", with name: 'crafttweaker:t2_blue_football_armor_leggings' that outputs: '<item:apocalypsenow:blue_football_armor_leggings>'
[03:33:32.026][INFO]: Adding 'minecraft:crafting' recipe, of type: "mirroring shaped", with name: 'crafttweaker:t2_blue_football_armor_boots' that outputs: '<item:apocalypsenow:blue_football_armor_boots>'
[03:33:32.026][INFO]: Adding: [apocalypsenow:blue_football_armor_chestplate] to tag: <tag:items:forge:football_chestplate>
[03:33:32.026][INFO]: Removing 'crafting' recipes with output: 'com.blamejared.crafttweaker.api.item.MCItemStack@a68d9fd7'
[03:33:32.028][INFO]: Removing 'crafting' recipes with output: 'com.blamejared.crafttweaker.api.item.MCItemStack@d5f337f2'
[03:33:32.029][INFO]: Removing 'crafting' recipes with output: 'com.blamejared.crafttweaker.api.item.MCItemStack@d0978ca7'
[03:33:32.030][INFO]: Removing 'crafting' recipes with output: 'com.blamejared.crafttweaker.api.item.MCItemStack@6175eaff'
[03:33:32.032][INFO]: Adding 'minecraft:crafting' recipe, of type: "mirroring shaped", with name: 'crafttweaker:t2_black_football_armor_helmet' that outputs: '<item:apocalypsenow:black_football_armor_helmet>'
[03:33:32.032][INFO]: Adding 'minecraft:crafting' recipe, of type: "shaped", with name: 'crafttweaker:t2_black_football_armor_chestplate' that outputs: '<item:apocalypsenow:black_football_armor_chestplate>'
[03:33:32.033][INFO]: Adding 'minecraft:crafting' recipe, of type: "shaped", with name: 'crafttweaker:t2_black_football_armor_leggings' that outputs: '<item:apocalypsenow:black_football_armor_leggings>'
[03:33:32.033][INFO]: Adding 'minecraft:crafting' recipe, of type: "mirroring shaped", with name: 'crafttweaker:t2_black_football_armor_boots' that outputs: '<item:apocalypsenow:black_football_armor_boots>'
[03:33:32.033][INFO]: Adding: [apocalypsenow:black_football_armor_chestplate] to tag: <tag:items:forge:football_chestplate>
[03:33:32.033][INFO]: Removing 'crafting' recipes with output: 'com.blamejared.crafttweaker.api.item.MCItemStack@239b4829'
[03:33:32.034][INFO]: Removing 'crafting' recipes with output: 'com.blamejared.crafttweaker.api.item.MCItemStack@2d972f18'
[03:33:32.036][INFO]: Removing 'crafting' recipes with output: 'com.blamejared.crafttweaker.api.item.MCItemStack@e649ca6f'
[03:33:32.037][INFO]: Adding 'minecraft:crafting' recipe, of type: "mirroring shaped", with name: 'crafttweaker:t2_red_fighting_helmet' that outputs: '<item:apocalypsenow:red_fighting_helmet>'
[03:33:32.038][INFO]: Adding 'minecraft:crafting' recipe, of type: "shaped", with name: 'crafttweaker:t2_red_fighting_chestplate' that outputs: '<item:apocalypsenow:red_fighting_chestplate>'
[03:33:32.038][INFO]: Adding 'minecraft:crafting' recipe, of type: "shaped", with name: 'crafttweaker:t2_red_fighting_leggings' that outputs: '<item:apocalypsenow:red_fighting_leggings>'
[03:33:32.038][INFO]: Registering new items tag with name <tag:items:forge:fighting_chestplate>
[03:33:32.039][INFO]: Adding: [apocalypsenow:red_fighting_chestplate] to tag: <tag:items:forge:fighting_chestplate>
[03:33:32.039][INFO]: Removing 'crafting' recipes with output: 'com.blamejared.crafttweaker.api.item.MCItemStack@c5141e97'
[03:33:32.040][INFO]: Removing 'crafting' recipes with output: 'com.blamejared.crafttweaker.api.item.MCItemStack@2a197f5f'
[03:33:32.041][INFO]: Removing 'crafting' recipes with output: 'com.blamejared.crafttweaker.api.item.MCItemStack@3cf95cee'
[03:33:32.043][INFO]: Adding 'minecraft:crafting' recipe, of type: "mirroring shaped", with name: 'crafttweaker:t2_blue_fighting_helmet' that outputs: '<item:apocalypsenow:blue_fighting_helmet>'
[03:33:32.043][INFO]: Adding 'minecraft:crafting' recipe, of type: "shaped", with name: 'crafttweaker:t2_blue_fighting_chestplate' that outputs: '<item:apocalypsenow:blue_fighting_chestplate>'
[03:33:32.044][INFO]: Adding 'minecraft:crafting' recipe, of type: "shaped", with name: 'crafttweaker:t2_blue_fighting_leggings' that outputs: '<item:apocalypsenow:blue_fighting_leggings>'
[03:33:32.044][INFO]: Adding: [apocalypsenow:blue_fighting_chestplate] to tag: <tag:items:forge:fighting_chestplate>
[03:33:32.044][INFO]: Removing 'crafting' recipes with output: 'com.blamejared.crafttweaker.api.item.MCItemStack@4ae91691'
[03:33:32.046][INFO]: Removing 'crafting' recipes with output: 'com.blamejared.crafttweaker.api.item.MCItemStack@91234a57'
[03:33:32.047][INFO]: Removing 'crafting' recipes with output: 'com.blamejared.crafttweaker.api.item.MCItemStack@f03fb30b'
[03:33:32.049][INFO]: Removing 'crafting' recipes with output: 'com.blamejared.crafttweaker.api.item.MCItemStack@6336f5b'
[03:33:32.050][INFO]: Adding 'minecraft:crafting' recipe, of type: "mirroring shaped", with name: 'crafttweaker:t2_army_helmet' that outputs: '<item:apocalypsenow:army_helmet>'
[03:33:32.051][INFO]: Adding 'minecraft:crafting' recipe, of type: "shaped", with name: 'crafttweaker:t2_army_chestplate' that outputs: '<item:apocalypsenow:army_chestplate>'
[03:33:32.051][INFO]: Adding 'minecraft:crafting' recipe, of type: "shaped", with name: 'crafttweaker:t2_army_leggings' that outputs: '<item:apocalypsenow:army_leggings>'
[03:33:32.052][INFO]: Adding 'minecraft:crafting' recipe, of type: "mirroring shaped", with name: 'crafttweaker:t2_army_boots' that outputs: '<item:apocalypsenow:army_boots>'
[03:33:32.052][INFO]: Removing 'crafting' recipes with output: 'com.blamejared.crafttweaker.api.item.MCItemStack@24bec962'
[03:33:32.053][INFO]: Removing 'crafting' recipes with output: 'com.blamejared.crafttweaker.api.item.MCItemStack@4f0944e0'
[03:33:32.055][INFO]: Removing 'crafting' recipes with output: 'com.blamejared.crafttweaker.api.item.MCItemStack@274a5f0e'
[03:33:32.056][INFO]: Removing 'crafting' recipes with output: 'com.blamejared.crafttweaker.api.item.MCItemStack@b9458822'
[03:33:32.058][INFO]: Adding 'minecraft:crafting' recipe, of type: "mirroring shaped", with name: 'crafttweaker:t2_royal_canada_police_officer_helmet' that outputs: '<item:apocalypsenow:royal_canada_police_officer_helmet>'
[03:33:32.058][INFO]: Adding 'minecraft:crafting' recipe, of type: "shaped", with name: 'crafttweaker:t2_royal_canada_police_officer_chestplate' that outputs: '<item:apocalypsenow:royal_canada_police_officer_chestplate>'
[03:33:32.059][INFO]: Adding 'minecraft:crafting' recipe, of type: "shaped", with name: 'crafttweaker:t2_royal_canada_police_officer_leggings' that outputs: '<item:apocalypsenow:royal_canada_police_officer_leggings>'
[03:33:32.059][INFO]: Adding 'minecraft:crafting' recipe, of type: "mirroring shaped", with name: 'crafttweaker:t2_royal_canada_police_officer_boots' that outputs: '<item:apocalypsenow:royal_canada_police_officer_boots>'
[03:33:32.059][INFO]: Removing 'crafting' recipes with output: 'com.blamejared.crafttweaker.api.item.MCItemStack@1221d51e'
[03:33:32.062][INFO]: Adding 'create:mechanical_crafting' recipe, with name: 'crafttweaker:t2_hazmat_helmet' that outputs: '<item:apocalypsenow:hazmat_suit_helmet>'
[03:33:32.062][INFO]: Removing 'crafting' recipes with output: 'com.blamejared.crafttweaker.api.item.MCItemStack@f157987f'
[03:33:32.064][INFO]: Adding 'create:mechanical_crafting' recipe, with name: 'crafttweaker:t2_hazmat_chestplate' that outputs: '<item:apocalypsenow:hazmat_suit_chestplate>'
[03:33:32.065][INFO]: Removing 'crafting' recipes with output: 'com.blamejared.crafttweaker.api.item.MCItemStack@4b7e0e46'
[03:33:32.067][INFO]: Adding 'create:mechanical_crafting' recipe, with name: 'crafttweaker:t2_hazmat_leggings' that outputs: '<item:apocalypsenow:hazmat_suit_leggings>'
[03:33:32.067][INFO]: Removing 'crafting' recipes with output: 'com.blamejared.crafttweaker.api.item.MCItemStack@b7a152e3'
[03:33:32.070][INFO]: Adding 'create:mechanical_crafting' recipe, with name: 'crafttweaker:t2_hazmat_boots' that outputs: '<item:apocalypsenow:hazmat_suit_boots>'
[03:33:32.070][INFO]: Removing 'create:mechanical_crafting' recipes with output: 'com.blamejared.crafttweaker.api.item.MCItemStack@ae4fb61b'
[03:33:32.070][INFO]: Removing 'create:mechanical_crafting' recipes with output: 'com.blamejared.crafttweaker.api.item.MCItemStack@2f22a6d3'
[03:33:32.072][INFO]: Adding 'create:mechanical_crafting' recipe, with name: 'crafttweaker:t2_andesite_jetpack_chestplate' that outputs: '<item:create_sa:andesite_jetpack_chestplate>'
[03:33:32.072][INFO]: Adding 'create:mechanical_crafting' recipe, with name: 'crafttweaker:t2_copper_jetpack_chestplate' that outputs: '<item:create_sa:copper_jetpack_chestplate>'
[03:33:32.072][INFO]: Removing 'create:mechanical_crafting' recipes with output: 'com.blamejared.crafttweaker.api.item.MCItemStack@fd935b0a'
[03:33:32.072][INFO]: Removing 'crafting' recipes with output: 'com.blamejared.crafttweaker.api.item.MCItemStack@411c84df'
[03:33:32.075][INFO]: Adding 'create:mechanical_crafting' recipe, with name: 'crafttweaker:t2_andesite_exoskeleton_chestplate' that outputs: '<item:create_sa:andesite_exoskeleton_chestplate>'
[03:33:32.075][INFO]: Adding 'create:mechanical_crafting' recipe, with name: 'crafttweaker:t2_copper_exoskeleton_chestplate' that outputs: '<item:create_sa:copper_exoskeleton_chestplate>'
[03:33:32.075][INFO]: Registering new items tag with name <tag:items:forge:t1_exoskeleton>
[03:33:32.076][INFO]: Adding: [create_sa:andesite_exoskeleton_chestplate] to tag: <tag:items:forge:t1_exoskeleton>
[03:33:32.076][INFO]: Adding: [create_sa:copper_exoskeleton_chestplate] to tag: <tag:items:forge:t1_exoskeleton>
[03:33:32.076][INFO]: Removing 'crafting' recipes with output: 'com.blamejared.crafttweaker.api.item.MCItemStack@9afdf3b1'
[03:33:32.078][INFO]: Adding 'minecraft:crafting' recipe, of type: "mirroring shaped", with name: 'crafttweaker:gasmask_helmet' that outputs: '<item:apocalypsenow:gasmask_helmet>'
[03:33:32.078][INFO]: Removing 'crafting' recipes with output: 'com.blamejared.crafttweaker.api.item.MCItemStack@f0445b54'
[03:33:32.080][INFO]: Removing 'crafting' recipes with output: 'com.blamejared.crafttweaker.api.item.MCItemStack@da691c54'
[03:33:32.082][INFO]: Removing 'crafting' recipes with output: 'com.blamejared.crafttweaker.api.item.MCItemStack@3b2e2c07'
[03:33:32.084][INFO]: Removing 'crafting' recipes with output: 'com.blamejared.crafttweaker.api.item.MCItemStack@7f6c3728'
[03:33:32.086][INFO]: Removing 'crafting' recipes with output: 'com.blamejared.crafttweaker.api.item.MCItemStack@f358a675'
[03:33:32.088][INFO]: Removing 'crafting' recipes with output: 'com.blamejared.crafttweaker.api.item.MCItemStack@175c795'
[03:33:32.089][INFO]: Removing 'crafting' recipes with output: 'com.blamejared.crafttweaker.api.item.MCItemStack@d6670574'
[03:33:32.091][INFO]: Removing 'crafting' recipes with output: 'com.blamejared.crafttweaker.api.item.MCItemStack@b7865393'
[03:33:32.092][INFO]: Adding 'minecraft:crafting' recipe, of type: "mirroring shaped", with name: 'crafttweaker:t2_red_biker_helmet' that outputs: '<item:apocalypsenow:red_bikers_helmet>'
[03:33:32.093][INFO]: Adding 'minecraft:crafting' recipe, of type: "mirroring shaped", with name: 'crafttweaker:t2_green_biker_helmet' that outputs: '<item:apocalypsenow:green_bikers_helmet>'
[03:33:32.093][INFO]: Adding 'minecraft:crafting' recipe, of type: "mirroring shaped", with name: 'crafttweaker:t2_blue_biker_helmet' that outputs: '<item:apocalypsenow:black_bikers_helmet>'
[03:33:32.094][INFO]: Adding 'minecraft:crafting' recipe, of type: "mirroring shaped", with name: 'crafttweaker:t2_pink_biker_helmet' that outputs: '<item:apocalypsenow:pink_bikers_helmet>'
[03:33:32.094][INFO]: Adding 'minecraft:crafting' recipe, of type: "mirroring shaped", with name: 'crafttweaker:t2_biker_helmet' that outputs: '<item:apocalypsenow:bikers_helmet>'
[03:33:32.095][INFO]: Adding 'minecraft:crafting' recipe, of type: "mirroring shaped", with name: 'crafttweaker:t2_black_motorcycle_helmet' that outputs: '<item:apocalypsenow:black_motorcycle_helmet_helmet>'
[03:33:32.095][INFO]: Adding 'minecraft:crafting' recipe, of type: "mirroring shaped", with name: 'crafttweaker:t2_red_motorcycle_helmet' that outputs: '<item:apocalypsenow:red_motorcycle_helmet_helmet>'
[03:33:32.096][INFO]: Adding 'minecraft:crafting' recipe, of type: "mirroring shaped", with name: 'crafttweaker:t2_blue_motorcycle_helmet' that outputs: '<item:apocalypsenow:bluemotorcyclehelmet_helmet>'
[03:33:32.096][INFO]: Adding 'minecraft:crafting' recipe, of type: "mirroring shaped", with name: 'crafttweaker:t2_officer_helmet' that outputs: '<item:apocalypsenow:officer_helmet>'
[03:33:32.096][INFO]: Removing 'crafting' recipes with output: 'com.blamejared.crafttweaker.api.item.MCItemStack@7bfc2489'
[03:33:32.098][INFO]: Adding 'minecraft:crafting' recipe, of type: "mirroring shaped", with name: 'crafttweaker:t2_baseball_helmet_helmet' that outputs: '<item:apocalypsenow:baseball_helmet_helmet>'
[03:33:32.098][INFO]: Removing 'crafting' recipes with output: 'com.blamejared.crafttweaker.api.item.MCItemStack@f8eaeaba'
[03:33:32.100][INFO]: Adding 'minecraft:crafting' recipe, of type: "mirroring shaped", with name: 'crafttweaker:t2_hockey_helmet' that outputs: '<item:apocalypsenow:hockey_helmet>'
[03:33:32.100][INFO]: Removing 'crafting' recipes with output: 'com.blamejared.crafttweaker.api.item.MCItemStack@f091fdf6'
[03:33:32.102][INFO]: Removing 'crafting' recipes with output: 'com.blamejared.crafttweaker.api.item.MCItemStack@c19d7602'
[03:33:32.103][INFO]: Removing 'crafting' recipes with output: 'com.blamejared.crafttweaker.api.item.MCItemStack@5c1dbf6b'
[03:33:32.104][INFO]: Removing 'crafting' recipes with output: 'com.blamejared.crafttweaker.api.item.MCItemStack@9341cec2'
[03:33:32.108][INFO]: Removing 'crafting' recipes with output: 'com.blamejared.crafttweaker.api.item.MCItemStack@2d67067a'
[03:33:32.110][INFO]: Removing 'crafting' recipes with output: 'com.blamejared.crafttweaker.api.item.MCItemStack@fd25cf2a'
[03:33:32.112][INFO]: Removing 'crafting' recipes with output: 'com.blamejared.crafttweaker.api.item.MCItemStack@818756f3'
[03:33:32.113][INFO]: Removing 'crafting' recipes with output: 'com.blamejared.crafttweaker.api.item.MCItemStack@2f0f0862'
[03:33:32.115][INFO]: Adding 'minecraft:crafting' recipe, of type: "mirroring shaped", with name: 'crafttweaker:t3_u_sarmy_helmet' that outputs: '<item:apocalypsenow:u_sarmy_helmet>'
[03:33:32.116][INFO]: Adding 'minecraft:crafting' recipe, of type: "shaped", with name: 'crafttweaker:t3_u_sarmy_chestplate' that outputs: '<item:apocalypsenow:u_sarmy_chestplate>'
[03:33:32.116][INFO]: Adding 'minecraft:crafting' recipe, of type: "shaped", with name: 'crafttweaker:t3_u_sarmy_leggings' that outputs: '<item:apocalypsenow:u_sarmy_leggings>'
[03:33:32.117][INFO]: Adding 'minecraft:crafting' recipe, of type: "mirroring shaped", with name: 'crafttweaker:t3_u_sarmy_boots' that outputs: '<item:apocalypsenow:u_sarmy_boots>'
[03:33:32.117][INFO]: Registering new items tag with name <tag:items:forge:army_chestplate>
[03:33:32.117][INFO]: Adding: [apocalypsenow:u_sarmy_chestplate] to tag: <tag:items:forge:army_chestplate>
[03:33:32.117][INFO]: Removing 'crafting' recipes with output: 'com.blamejared.crafttweaker.api.item.MCItemStack@8041707f'
[03:33:32.120][INFO]: Removing 'crafting' recipes with output: 'com.blamejared.crafttweaker.api.item.MCItemStack@dbda7ade'
[03:33:32.122][INFO]: Removing 'crafting' recipes with output: 'com.blamejared.crafttweaker.api.item.MCItemStack@701d88f6'
[03:33:32.124][INFO]: Removing 'crafting' recipes with output: 'com.blamejared.crafttweaker.api.item.MCItemStack@e02fd470'
[03:33:32.126][INFO]: Adding 'minecraft:crafting' recipe, of type: "mirroring shaped", with name: 'crafttweaker:t3_canadian_army_helmet' that outputs: '<item:apocalypsenow:canadian_army_helmet>'
[03:33:32.126][INFO]: Adding 'minecraft:crafting' recipe, of type: "shaped", with name: 'crafttweaker:t3_canadian_army_chestplate' that outputs: '<item:apocalypsenow:canadian_army_chestplate>'
[03:33:32.127][INFO]: Adding 'minecraft:crafting' recipe, of type: "shaped", with name: 'crafttweaker:t3_canadian_army_leggings' that outputs: '<item:apocalypsenow:canadian_army_leggings>'
[03:33:32.127][INFO]: Adding 'minecraft:crafting' recipe, of type: "mirroring shaped", with name: 'crafttweaker:t3_canadian_army_boots' that outputs: '<item:apocalypsenow:canadian_army_boots>'
[03:33:32.127][INFO]: Adding: [apocalypsenow:canadian_army_chestplate] to tag: <tag:items:forge:army_chestplate>
[03:33:32.128][INFO]: Removing 'crafting' recipes with output: 'com.blamejared.crafttweaker.api.item.MCItemStack@1d9e37b9'
[03:33:32.129][INFO]: Removing 'crafting' recipes with output: 'com.blamejared.crafttweaker.api.item.MCItemStack@bff379ed'
[03:33:32.131][INFO]: Removing 'crafting' recipes with output: 'com.blamejared.crafttweaker.api.item.MCItemStack@9fbdd3c7'
[03:33:32.132][INFO]: Removing 'crafting' recipes with output: 'com.blamejared.crafttweaker.api.item.MCItemStack@e79c05a8'
[03:33:32.134][INFO]: Adding 'minecraft:crafting' recipe, of type: "mirroring shaped", with name: 'crafttweaker:t3_mexican_army_helmet' that outputs: '<item:apocalypsenow:mexican_army_helmet>'
[03:33:32.134][INFO]: Adding 'minecraft:crafting' recipe, of type: "shaped", with name: 'crafttweaker:t3_mexican_army_chestplate' that outputs: '<item:apocalypsenow:mexican_army_chestplate>'
[03:33:32.135][INFO]: Adding 'minecraft:crafting' recipe, of type: "shaped", with name: 'crafttweaker:t3_mexican_army_leggings' that outputs: '<item:apocalypsenow:mexican_army_leggings>'
[03:33:32.135][INFO]: Adding 'minecraft:crafting' recipe, of type: "mirroring shaped", with name: 'crafttweaker:t3_mexican_army_boots' that outputs: '<item:apocalypsenow:mexican_army_boots>'
[03:33:32.135][INFO]: Adding: [apocalypsenow:mexican_army_chestplate] to tag: <tag:items:forge:army_chestplate>
[03:33:32.136][INFO]: Removing 'crafting' recipes with output: 'com.blamejared.crafttweaker.api.item.MCItemStack@137c144d'
[03:33:32.137][INFO]: Removing 'crafting' recipes with output: 'com.blamejared.crafttweaker.api.item.MCItemStack@7aeee3e3'
[03:33:32.138][INFO]: Removing 'crafting' recipes with output: 'com.blamejared.crafttweaker.api.item.MCItemStack@56d25872'
[03:33:32.140][INFO]: Removing 'crafting' recipes with output: 'com.blamejared.crafttweaker.api.item.MCItemStack@a1fba930'
[03:33:32.142][INFO]: Adding 'minecraft:crafting' recipe, of type: "mirroring shaped", with name: 'crafttweaker:t3_russian_army_helmet' that outputs: '<item:apocalypsenow:russian_army_helmet>'
[03:33:32.142][INFO]: Adding 'minecraft:crafting' recipe, of type: "shaped", with name: 'crafttweaker:t3_russian_army_chestplate' that outputs: '<item:apocalypsenow:russian_army_chestplate>'
[03:33:32.142][INFO]: Adding 'minecraft:crafting' recipe, of type: "shaped", with name: 'crafttweaker:t3_russian_army_leggings' that outputs: '<item:apocalypsenow:russian_army_leggings>'
[03:33:32.143][INFO]: Adding 'minecraft:crafting' recipe, of type: "mirroring shaped", with name: 'crafttweaker:t3_russian_army_boots' that outputs: '<item:apocalypsenow:russian_army_boots>'
[03:33:32.143][INFO]: Adding: [apocalypsenow:russian_army_chestplate] to tag: <tag:items:forge:army_chestplate>
[03:33:32.143][INFO]: Removing 'crafting' recipes with output: 'com.blamejared.crafttweaker.api.item.MCItemStack@f453d449'
[03:33:32.145][INFO]: Removing 'crafting' recipes with output: 'com.blamejared.crafttweaker.api.item.MCItemStack@ba8f8edd'
[03:33:32.146][INFO]: Removing 'crafting' recipes with output: 'com.blamejared.crafttweaker.api.item.MCItemStack@36ed7623'
[03:33:32.147][INFO]: Removing 'crafting' recipes with output: 'com.blamejared.crafttweaker.api.item.MCItemStack@de2a496f'
[03:33:32.149][INFO]: Adding 'minecraft:crafting' recipe, of type: "mirroring shaped", with name: 'crafttweaker:t3_chinese_army_helmet' that outputs: '<item:apocalypsenow:chinese_army_helmet>'
[03:33:32.150][INFO]: Adding 'minecraft:crafting' recipe, of type: "shaped", with name: 'crafttweaker:t3_chinese_army_chestplate' that outputs: '<item:apocalypsenow:chinese_army_chestplate>'
[03:33:32.150][INFO]: Adding 'minecraft:crafting' recipe, of type: "shaped", with name: 'crafttweaker:t3_chinese_army_leggings' that outputs: '<item:apocalypsenow:chinese_army_leggings>'
[03:33:32.151][INFO]: Adding 'minecraft:crafting' recipe, of type: "mirroring shaped", with name: 'crafttweaker:t3_chinese_army_boots' that outputs: '<item:apocalypsenow:chinese_army_boots>'
[03:33:32.151][INFO]: Adding: [apocalypsenow:chinese_army_chestplate] to tag: <tag:items:forge:army_chestplate>
[03:33:32.151][INFO]: Removing 'crafting' recipes with output: 'com.blamejared.crafttweaker.api.item.MCItemStack@8aa9c07'
[03:33:32.153][INFO]: Removing 'crafting' recipes with output: 'com.blamejared.crafttweaker.api.item.MCItemStack@750ca468'
[03:33:32.155][INFO]: Removing 'crafting' recipes with output: 'com.blamejared.crafttweaker.api.item.MCItemStack@a9cafe98'
[03:33:32.157][INFO]: Removing 'crafting' recipes with output: 'com.blamejared.crafttweaker.api.item.MCItemStack@59909064'
[03:33:32.159][INFO]: Adding 'minecraft:crafting' recipe, of type: "mirroring shaped", with name: 'crafttweaker:t3_japanese_army_helmet' that outputs: '<item:apocalypsenow:japanese_army_helmet>'
[03:33:32.160][INFO]: Adding 'minecraft:crafting' recipe, of type: "shaped", with name: 'crafttweaker:t3_japanese_army_chestplate' that outputs: '<item:apocalypsenow:japanese_army_chestplate>'
[03:33:32.160][INFO]: Adding 'minecraft:crafting' recipe, of type: "shaped", with name: 'crafttweaker:t3_japanese_army_leggings' that outputs: '<item:apocalypsenow:japanese_army_leggings>'
[03:33:32.161][INFO]: Adding 'minecraft:crafting' recipe, of type: "mirroring shaped", with name: 'crafttweaker:t3_japanese_army_boots' that outputs: '<item:apocalypsenow:japanese_army_boots>'
[03:33:32.161][INFO]: Adding: [apocalypsenow:japanese_army_chestplate] to tag: <tag:items:forge:army_chestplate>
[03:33:32.161][INFO]: Removing 'crafting' recipes with output: 'com.blamejared.crafttweaker.api.item.MCItemStack@440ea26e'
[03:33:32.163][INFO]: Removing 'crafting' recipes with output: 'com.blamejared.crafttweaker.api.item.MCItemStack@fe391dc8'
[03:33:32.165][INFO]: Removing 'crafting' recipes with output: 'com.blamejared.crafttweaker.api.item.MCItemStack@f284ece5'
[03:33:32.167][INFO]: Removing 'crafting' recipes with output: 'com.blamejared.crafttweaker.api.item.MCItemStack@13a9f4a0'
[03:33:32.169][INFO]: Adding 'minecraft:crafting' recipe, of type: "mirroring shaped", with name: 'crafttweaker:t3_british_army_helmet' that outputs: '<item:apocalypsenow:british_army_helmet>'
[03:33:32.170][INFO]: Adding 'minecraft:crafting' recipe, of type: "shaped", with name: 'crafttweaker:t3_british_army_chestplate' that outputs: '<item:apocalypsenow:british_army_chestplate>'
[03:33:32.170][INFO]: Adding 'minecraft:crafting' recipe, of type: "shaped", with name: 'crafttweaker:t3_british_army_leggings' that outputs: '<item:apocalypsenow:british_army_leggings>'
[03:33:32.171][INFO]: Adding 'minecraft:crafting' recipe, of type: "mirroring shaped", with name: 'crafttweaker:t3_british_army_boots' that outputs: '<item:apocalypsenow:british_army_boots>'
[03:33:32.171][INFO]: Adding: [apocalypsenow:british_army_chestplate] to tag: <tag:items:forge:army_chestplate>
[03:33:32.171][INFO]: Removing 'crafting' recipes with output: 'com.blamejared.crafttweaker.api.item.MCItemStack@ebd76424'
[03:33:32.173][INFO]: Removing 'crafting' recipes with output: 'com.blamejared.crafttweaker.api.item.MCItemStack@4eb604ee'
[03:33:32.174][INFO]: Removing 'crafting' recipes with output: 'com.blamejared.crafttweaker.api.item.MCItemStack@29027460'
[03:33:32.176][INFO]: Removing 'crafting' recipes with output: 'com.blamejared.crafttweaker.api.item.MCItemStack@a81f3160'
[03:33:32.178][INFO]: Adding 'minecraft:crafting' recipe, of type: "mirroring shaped", with name: 'crafttweaker:t3_usa_armor_helmet' that outputs: '<item:apocalypsenow:usa_armor_helmet>'
[03:33:32.178][INFO]: Adding 'minecraft:crafting' recipe, of type: "shaped", with name: 'crafttweaker:t3_usa_armor_chestplate' that outputs: '<item:apocalypsenow:usa_armor_chestplate>'
[03:33:32.178][INFO]: Adding 'minecraft:crafting' recipe, of type: "shaped", with name: 'crafttweaker:t3_usa_armor_leggings' that outputs: '<item:apocalypsenow:usa_armor_leggings>'
[03:33:32.179][INFO]: Adding 'minecraft:crafting' recipe, of type: "mirroring shaped", with name: 'crafttweaker:t3_usa_armor_boots' that outputs: '<item:apocalypsenow:usa_armor_boots>'
[03:33:32.179][INFO]: Adding: [apocalypsenow:usa_armor_chestplate] to tag: <tag:items:forge:army_chestplate>
[03:33:32.179][INFO]: Removing 'crafting' recipes with output: 'com.blamejared.crafttweaker.api.item.MCItemStack@73e7701'
[03:33:32.181][INFO]: Removing 'crafting' recipes with output: 'com.blamejared.crafttweaker.api.item.MCItemStack@622c5d95'
[03:33:32.182][INFO]: Removing 'crafting' recipes with output: 'com.blamejared.crafttweaker.api.item.MCItemStack@45a2922b'
[03:33:32.184][INFO]: Removing 'crafting' recipes with output: 'com.blamejared.crafttweaker.api.item.MCItemStack@42f7aaa6'
[03:33:32.185][INFO]: Adding 'minecraft:crafting' recipe, of type: "mirroring shaped", with name: 'crafttweaker:t3_italian_bersaglieri_army_helmet' that outputs: '<item:apocalypsenow:italian_bersaglieri_army_helmet>'
[03:33:32.186][INFO]: Adding 'minecraft:crafting' recipe, of type: "shaped", with name: 'crafttweaker:t3_italian_bersaglieri_army_chestplate' that outputs: '<item:apocalypsenow:italian_bersaglieri_army_chestplate>'
[03:33:32.186][INFO]: Adding 'minecraft:crafting' recipe, of type: "shaped", with name: 'crafttweaker:t3_italian_bersaglieri_army_leggings' that outputs: '<item:apocalypsenow:italian_bersaglieri_army_leggings>'
[03:33:32.187][INFO]: Adding 'minecraft:crafting' recipe, of type: "mirroring shaped", with name: 'crafttweaker:t3_italian_bersaglieri_army_boots' that outputs: '<item:apocalypsenow:italian_bersaglieri_army_boots>'
[03:33:32.187][INFO]: Adding: [apocalypsenow:italian_bersaglieri_army_chestplate] to tag: <tag:items:forge:army_chestplate>
[03:33:32.187][INFO]: Removing 'crafting' recipes with output: 'com.blamejared.crafttweaker.api.item.MCItemStack@5626510'
[03:33:32.189][INFO]: Removing 'crafting' recipes with output: 'com.blamejared.crafttweaker.api.item.MCItemStack@e35e44a2'
[03:33:32.190][INFO]: Removing 'crafting' recipes with output: 'com.blamejared.crafttweaker.api.item.MCItemStack@2855f732'
[03:33:32.191][INFO]: Removing 'crafting' recipes with output: 'com.blamejared.crafttweaker.api.item.MCItemStack@7e4ba221'
[03:33:32.192][INFO]: Adding 'minecraft:crafting' recipe, of type: "mirroring shaped", with name: 'crafttweaker:t3_brazilian_army_helmet' that outputs: '<item:apocalypsenow:brazilian_army_helmet>'
[03:33:32.193][INFO]: Adding 'minecraft:crafting' recipe, of type: "shaped", with name: 'crafttweaker:t3_brazilian_army_chestplate' that outputs: '<item:apocalypsenow:brazilian_army_chestplate>'
[03:33:32.193][INFO]: Adding 'minecraft:crafting' recipe, of type: "shaped", with name: 'crafttweaker:t3_brazilian_army_leggings' that outputs: '<item:apocalypsenow:brazilian_army_leggings>'
[03:33:32.193][INFO]: Adding 'minecraft:crafting' recipe, of type: "mirroring shaped", with name: 'crafttweaker:t3_brazilian_army_boots' that outputs: '<item:apocalypsenow:brazilian_army_boots>'
[03:33:32.193][INFO]: Adding: [apocalypsenow:brazilian_army_chestplate] to tag: <tag:items:forge:army_chestplate>
[03:33:32.194][INFO]: Removing 'crafting' recipes with output: 'com.blamejared.crafttweaker.api.item.MCItemStack@ae5d80be'
[03:33:32.195][INFO]: Removing 'crafting' recipes with output: 'com.blamejared.crafttweaker.api.item.MCItemStack@8f21c7fe'
[03:33:32.196][INFO]: Removing 'crafting' recipes with output: 'com.blamejared.crafttweaker.api.item.MCItemStack@126e1385'
[03:33:32.197][INFO]: Removing 'crafting' recipes with output: 'com.blamejared.crafttweaker.api.item.MCItemStack@73aa98b'
[03:33:32.199][INFO]: Adding 'minecraft:crafting' recipe, of type: "mirroring shaped", with name: 'crafttweaker:t3_un_armor_helmet' that outputs: '<item:apocalypsenow:un_armor_helmet>'
[03:33:32.199][INFO]: Adding 'minecraft:crafting' recipe, of type: "shaped", with name: 'crafttweaker:t3_un_armor_chestplate' that outputs: '<item:apocalypsenow:un_armor_chestplate>'
[03:33:32.199][INFO]: Adding 'minecraft:crafting' recipe, of type: "shaped", with name: 'crafttweaker:t3_un_armor_leggings' that outputs: '<item:apocalypsenow:un_armor_leggings>'
[03:33:32.200][INFO]: Adding 'minecraft:crafting' recipe, of type: "mirroring shaped", with name: 'crafttweaker:t3_un_armor_boots' that outputs: '<item:apocalypsenow:un_armor_boots>'
[03:33:32.200][INFO]: Removing 'crafting' recipes with output: 'com.blamejared.crafttweaker.api.item.MCItemStack@6cd20f7b'
[03:33:32.201][INFO]: Removing 'crafting' recipes with output: 'com.blamejared.crafttweaker.api.item.MCItemStack@d8b73f18'
[03:33:32.202][INFO]: Removing 'crafting' recipes with output: 'com.blamejared.crafttweaker.api.item.MCItemStack@893bfcb'
[03:33:32.203][INFO]: Removing 'crafting' recipes with output: 'com.blamejared.crafttweaker.api.item.MCItemStack@bb092fb3'
[03:33:32.205][INFO]: Adding 'create:mechanical_crafting' recipe, with name: 'crafttweaker:t3_military_riot_helmet' that outputs: '<item:apocalypsenow:military_riot_armor_helmet>'
[03:33:32.205][INFO]: Adding 'create:mechanical_crafting' recipe, with name: 'crafttweaker:t3_military_riot_chestplate' that outputs: '<item:apocalypsenow:military_riot_armor_chestplate>'
[03:33:32.205][INFO]: Adding 'create:mechanical_crafting' recipe, with name: 'crafttweaker:t3_military_riot_leggings' that outputs: '<item:apocalypsenow:military_riot_armor_leggings>'
[03:33:32.205][INFO]: Adding 'create:mechanical_crafting' recipe, with name: 'crafttweaker:t3_military_riot_boots' that outputs: '<item:apocalypsenow:military_riot_armor_boots>'
[03:33:32.206][INFO]: Removing 'crafting' recipes with output: 'com.blamejared.crafttweaker.api.item.MCItemStack@5981cb35'
[03:33:32.207][INFO]: Removing 'crafting' recipes with output: 'com.blamejared.crafttweaker.api.item.MCItemStack@e81149ac'
[03:33:32.208][INFO]: Removing 'crafting' recipes with output: 'com.blamejared.crafttweaker.api.item.MCItemStack@56ac639d'
[03:33:32.209][INFO]: Removing 'crafting' recipes with output: 'com.blamejared.crafttweaker.api.item.MCItemStack@558d7d7f'
[03:33:32.211][INFO]: Adding 'create:mechanical_crafting' recipe, with name: 'crafttweaker:t3_military_urban_helmet' that outputs: '<item:apocalypsenow:military_urban_helmet>'
[03:33:32.211][INFO]: Adding 'create:mechanical_crafting' recipe, with name: 'crafttweaker:t3_military_urban_chestplate' that outputs: '<item:apocalypsenow:military_urban_chestplate>'
[03:33:32.211][INFO]: Adding 'create:mechanical_crafting' recipe, with name: 'crafttweaker:t3_military_urban_leggings' that outputs: '<item:apocalypsenow:military_urban_leggings>'
[03:33:32.212][INFO]: Adding 'create:mechanical_crafting' recipe, with name: 'crafttweaker:t3_military_urban_boots' that outputs: '<item:apocalypsenow:military_urban_boots>'
[03:33:32.212][INFO]: Removing 'crafting' recipes with output: 'com.blamejared.crafttweaker.api.item.MCItemStack@f190ef52'
[03:33:32.213][INFO]: Removing 'crafting' recipes with output: 'com.blamejared.crafttweaker.api.item.MCItemStack@ba83701'
[03:33:32.214][INFO]: Removing 'crafting' recipes with output: 'com.blamejared.crafttweaker.api.item.MCItemStack@860a51e'
[03:33:32.216][INFO]: Removing 'crafting' recipes with output: 'com.blamejared.crafttweaker.api.item.MCItemStack@313b086f'
[03:33:32.217][INFO]: Adding 'create:mechanical_crafting' recipe, with name: 'crafttweaker:t3_biohazard_helmet' that outputs: '<item:apocalypsenow:biohazard_helmet>'
[03:33:32.217][INFO]: Adding 'create:mechanical_crafting' recipe, with name: 'crafttweaker:t3_biohazard_chestplate' that outputs: '<item:apocalypsenow:biohazard_chestplate>'
[03:33:32.218][INFO]: Adding 'create:mechanical_crafting' recipe, with name: 'crafttweaker:t3_biohazard_leggings' that outputs: '<item:apocalypsenow:biohazard_leggings>'
[03:33:32.218][INFO]: Adding 'create:mechanical_crafting' recipe, with name: 'crafttweaker:t3_biohazard_boots' that outputs: '<item:apocalypsenow:biohazard_boots>'
[03:33:32.218][INFO]: Removing 'crafting' recipes with output: 'com.blamejared.crafttweaker.api.item.MCItemStack@f32c8369'
[03:33:32.220][INFO]: Removing 'crafting' recipes with output: 'com.blamejared.crafttweaker.api.item.MCItemStack@32df259e'
[03:33:32.221][INFO]: Removing 'crafting' recipes with output: 'com.blamejared.crafttweaker.api.item.MCItemStack@a5246e46'
[03:33:32.223][INFO]: Removing 'crafting' recipes with output: 'com.blamejared.crafttweaker.api.item.MCItemStack@1060c5f9'
[03:33:32.225][INFO]: Adding 'minecraft:crafting' recipe, of type: "mirroring shaped", with name: 'crafttweaker:t3_contamination_suit_white_helmet' that outputs: '<item:apocalypsenow:contamination_suit_white_helmet>'
[03:33:32.225][INFO]: Adding 'minecraft:crafting' recipe, of type: "mirroring shaped", with name: 'crafttweaker:t3_contamination_suit_white_chestplate' that outputs: '<item:apocalypsenow:contamination_suit_white_chestplate>'
[03:33:32.225][INFO]: Adding 'minecraft:crafting' recipe, of type: "mirroring shaped", with name: 'crafttweaker:t3_contamination_suit_white_leggings' that outputs: '<item:apocalypsenow:contamination_suit_white_leggings>'
[03:33:32.226][INFO]: Adding 'minecraft:crafting' recipe, of type: "mirroring shaped", with name: 'crafttweaker:t3_contamination_suit_white_boots' that outputs: '<item:apocalypsenow:contamination_suit_white_boots>'
[03:33:32.226][INFO]: Removing 'crafting' recipes with output: 'com.blamejared.crafttweaker.api.item.MCItemStack@9ac6794'
[03:33:32.228][INFO]: Removing 'crafting' recipes with output: 'com.blamejared.crafttweaker.api.item.MCItemStack@d8783763'
[03:33:32.229][INFO]: Removing 'crafting' recipes with output: 'com.blamejared.crafttweaker.api.item.MCItemStack@8a72b57d'
[03:33:32.231][INFO]: Adding 'minecraft:crafting' recipe, of type: "mirroring shaped", with name: 'crafttweaker:t3_contamination_suit_blue_helmet' that outputs: '<item:apocalypsenow:contamination_suit_blue_helmet>'
[03:33:32.232][INFO]: Adding 'minecraft:crafting' recipe, of type: "mirroring shaped", with name: 'crafttweaker:t3_contamination_suit_blue_chestplate' that outputs: '<item:apocalypsenow:contamination_suit_blue_chestplate>'
[03:33:32.232][INFO]: Adding 'minecraft:crafting' recipe, of type: "mirroring shaped", with name: 'crafttweaker:t3_contamination_suit_blue_leggings' that outputs: '<item:apocalypsenow:contamination_suit_blue_leggings>'
[03:33:32.232][INFO]: Removing 'crafting' recipes with output: 'com.blamejared.crafttweaker.api.item.MCItemStack@95769ec7'
[03:33:32.234][INFO]: Removing 'crafting' recipes with output: 'com.blamejared.crafttweaker.api.item.MCItemStack@b27666b3'
[03:33:32.235][INFO]: Removing 'crafting' recipes with output: 'com.blamejared.crafttweaker.api.item.MCItemStack@52ea7792'
[03:33:32.237][INFO]: Adding 'minecraft:crafting' recipe, of type: "mirroring shaped", with name: 'crafttweaker:t3_contamination_suit_green_helmet' that outputs: '<item:apocalypsenow:contamination_suit_green_helmet>'
[03:33:32.238][INFO]: Adding 'minecraft:crafting' recipe, of type: "mirroring shaped", with name: 'crafttweaker:t3_contamination_suit_green_chestplate' that outputs: '<item:apocalypsenow:contamination_suit_green_chestplate>'
[03:33:32.238][INFO]: Adding 'minecraft:crafting' recipe, of type: "mirroring shaped", with name: 'crafttweaker:t3_contamination_suit_green_leggings' that outputs: '<item:apocalypsenow:contamination_suit_green_leggings>'
[03:33:32.239][INFO]: Removing 'crafting' recipes with output: 'com.blamejared.crafttweaker.api.item.MCItemStack@eb973479'
[03:33:32.240][INFO]: Removing 'crafting' recipes with output: 'com.blamejared.crafttweaker.api.item.MCItemStack@27be60a8'
[03:33:32.241][INFO]: Adding 'minecraft:crafting' recipe, of type: "mirroring shaped", with name: 'crafttweaker:t3_officer_beret_helmet' that outputs: '<item:apocalypsenow:officer_beret_helmet>'
[03:33:32.241][INFO]: Adding 'minecraft:crafting' recipe, of type: "shaped", with name: 'crafttweaker:t3_officer_beret_chestplate' that outputs: '<item:apocalypsenow:officer_beret_chestplate>'
[03:33:32.242][INFO]: Removing 'crafting' recipes with output: 'com.blamejared.crafttweaker.api.item.MCItemStack@9795fca'
[03:33:32.243][INFO]: Removing 'crafting' recipes with output: 'com.blamejared.crafttweaker.api.item.MCItemStack@d4f53831'
[03:33:32.244][INFO]: Adding 'minecraft:crafting' recipe, of type: "mirroring shaped", with name: 'crafttweaker:t3_beret_helmet' that outputs: '<item:apocalypsenow:beret_helmet>'
[03:33:32.245][INFO]: Adding 'minecraft:crafting' recipe, of type: "shaped", with name: 'crafttweaker:t3_beret_chestplate' that outputs: '<item:apocalypsenow:beret_chestplate>'
[03:33:32.245][INFO]: Removing 'crafting' recipes with output: 'com.blamejared.crafttweaker.api.item.MCItemStack@3d2a142e'
[03:33:32.246][INFO]: Removing 'crafting' recipes with output: 'com.blamejared.crafttweaker.api.item.MCItemStack@8884a75a'
[03:33:32.247][INFO]: Adding 'minecraft:crafting' recipe, of type: "mirroring shaped", with name: 'crafttweaker:t3_military_beret_helmet' that outputs: '<item:apocalypsenow:military_beret_helmet>'
[03:33:32.248][INFO]: Adding 'minecraft:crafting' recipe, of type: "shaped", with name: 'crafttweaker:t3_military_beret_chestplate' that outputs: '<item:apocalypsenow:military_beret_chestplate>'
[03:33:32.248][INFO]: Removing 'crafting' recipes with output: 'com.blamejared.crafttweaker.api.item.MCItemStack@da972373'
[03:33:32.249][INFO]: Removing 'crafting' recipes with output: 'com.blamejared.crafttweaker.api.item.MCItemStack@b1d08d8e'
[03:33:32.250][INFO]: Adding 'minecraft:crafting' recipe, of type: "mirroring shaped", with name: 'crafttweaker:t3_atlast_7_helmet' that outputs: '<item:apocalypsenow:atlast_7_helmet>'
[03:33:32.251][INFO]: Adding 'minecraft:crafting' recipe, of type: "shaped", with name: 'crafttweaker:t3_atlast_7_chestplate' that outputs: '<item:apocalypsenow:atlast_7_chestplate>'
[03:33:32.251][INFO]: Removing 'crafting' recipes with output: 'com.blamejared.crafttweaker.api.item.MCItemStack@5b548be4'
[03:33:32.252][INFO]: Removing 'crafting' recipes with output: 'com.blamejared.crafttweaker.api.item.MCItemStack@9644a3b5'
[03:33:32.253][INFO]: Adding 'minecraft:crafting' recipe, of type: "mirroring shaped", with name: 'crafttweaker:t3_military_pilot_headset_helmet' that outputs: '<item:apocalypsenow:military_pilot_headset_helmet>'
[03:33:32.254][INFO]: Adding 'minecraft:crafting' recipe, of type: "shaped", with name: 'crafttweaker:t3_military_pilot_headset_chestplate' that outputs: '<item:apocalypsenow:military_pilot_headset_chestplate>'
[03:33:32.254][INFO]: Removing 'crafting' recipes with output: 'com.blamejared.crafttweaker.api.item.MCItemStack@8590a7d0'
[03:33:32.255][INFO]: Adding 'minecraft:crafting' recipe, of type: "mirroring shaped", with name: 'crafttweaker:t3_ballistic_helmet' that outputs: '<item:apocalypsenow:life_jacket_bullet_helmet_helmet>'
[03:33:32.255][INFO]: Removing 'create:mechanical_crafting' recipes with output: 'com.blamejared.crafttweaker.api.item.MCItemStack@d32f92c5'
[03:33:32.256][INFO]: Adding 'create:mechanical_crafting' recipe, with name: 'crafttweaker:t3_brass_jetpack_chestplate' that outputs: '<item:create_sa:brass_jetpack_chestplate>'
[03:33:32.256][INFO]: Removing 'create:mechanical_crafting' recipes with output: 'com.blamejared.crafttweaker.api.item.MCItemStack@b1897222'
[03:33:32.256][INFO]: Adding 'create:mechanical_crafting' recipe, with name: 'crafttweaker:t3_brass_exoskeleton_chestplate' that outputs: '<item:create_sa:brass_exoskeleton_chestplate>'
[03:33:32.256][INFO]: Removing 'crafting' recipes with output: 'com.blamejared.crafttweaker.api.item.MCItemStack@856284f3'
[03:33:32.258][INFO]: Adding 'create:mechanical_crafting' recipe, with name: 'crafttweaker:t3_pkm_4gasmask_helmet' that outputs: '<item:apocalypsenow:pkm_4gasmask_helmet>'
[03:33:32.259][INFO]: Removing 'crafting' recipes with output: 'com.blamejared.crafttweaker.api.item.MCItemStack@e85b316f'
[03:33:32.260][INFO]: Removing 'crafting' recipes with output: 'com.blamejared.crafttweaker.api.item.MCItemStack@c3a3c9d'
[03:33:32.261][INFO]: Removing 'crafting' recipes with output: 'com.blamejared.crafttweaker.api.item.MCItemStack@dfce1936'
[03:33:32.262][INFO]: Removing 'crafting' recipes with output: 'com.blamejared.crafttweaker.api.item.MCItemStack@4baa9e6e'
[03:33:32.263][INFO]: Removing 'smithing' recipes with output: 'com.blamejared.crafttweaker.api.item.MCItemStack@287db33c'
[03:33:32.263][INFO]: Removing 'smithing' recipes with output: 'com.blamejared.crafttweaker.api.item.MCItemStack@d2ae0989'
[03:33:32.263][INFO]: Removing 'smithing' recipes with output: 'com.blamejared.crafttweaker.api.item.MCItemStack@3756868a'
[03:33:32.264][INFO]: Removing 'smithing' recipes with output: 'com.blamejared.crafttweaker.api.item.MCItemStack@933a338a'
[03:33:32.264][INFO]: Adding 'create:mechanical_crafting' recipe, with name: 'crafttweaker:t4_netherite_helmet' that outputs: '<item:minecraft:netherite_helmet>'
[03:33:32.264][INFO]: Adding 'create:mechanical_crafting' recipe, with name: 'crafttweaker:t4_netherite_chestplate' that outputs: '<item:minecraft:netherite_chestplate>'
[03:33:32.265][INFO]: Adding 'create:mechanical_crafting' recipe, with name: 'crafttweaker:t4_netherite_leggings' that outputs: '<item:minecraft:netherite_leggings>'
[03:33:32.265][INFO]: Adding 'create:mechanical_crafting' recipe, with name: 'crafttweaker:t4_netherite_boots' that outputs: '<item:minecraft:netherite_boots>'
[03:33:32.265][INFO]: Removing 'crafting' recipes with output: 'com.blamejared.crafttweaker.api.item.MCItemStack@1b931c63'
[03:33:32.268][INFO]: Removing 'crafting' recipes with output: 'com.blamejared.crafttweaker.api.item.MCItemStack@6239b198'
[03:33:32.271][INFO]: Removing 'crafting' recipes with output: 'com.blamejared.crafttweaker.api.item.MCItemStack@cc88d5d0'
[03:33:32.272][INFO]: Removing 'crafting' recipes with output: 'com.blamejared.crafttweaker.api.item.MCItemStack@a47beba2'
[03:33:32.274][INFO]: Adding 'create:mechanical_crafting' recipe, with name: 'crafttweaker:t4_swat_helmet' that outputs: '<item:apocalypsenow:swat_helmet>'
[03:33:32.274][INFO]: Adding 'create:mechanical_crafting' recipe, with name: 'crafttweaker:t4_swat_chestplate' that outputs: '<item:apocalypsenow:swat_chestplate>'
[03:33:32.274][INFO]: Adding 'create:mechanical_crafting' recipe, with name: 'crafttweaker:t4_swat_leggings' that outputs: '<item:apocalypsenow:swat_leggings>'
[03:33:32.274][INFO]: Adding 'create:mechanical_crafting' recipe, with name: 'crafttweaker:t4_swat_boots' that outputs: '<item:apocalypsenow:swat_boots>'
[03:33:32.275][INFO]: Removing 'crafting' recipes with output: 'com.blamejared.crafttweaker.api.item.MCItemStack@c4888db0'
[03:33:32.276][INFO]: Removing 'crafting' recipes with output: 'com.blamejared.crafttweaker.api.item.MCItemStack@ae5e429e'
[03:33:32.278][INFO]: Removing 'crafting' recipes with output: 'com.blamejared.crafttweaker.api.item.MCItemStack@ea17d597'
[03:33:32.279][INFO]: Removing 'crafting' recipes with output: 'com.blamejared.crafttweaker.api.item.MCItemStack@236b4549'
[03:33:32.280][INFO]: Adding 'create:mechanical_crafting' recipe, with name: 'crafttweaker:t4_swatriot_helmet' that outputs: '<item:apocalypsenow:swatriotcontrol_helmet>'
[03:33:32.280][INFO]: Removing 'create:mechanical_crafting' recipes with output: 'com.blamejared.crafttweaker.api.item.MCItemStack@ae5e429e'
[03:33:32.281][INFO]: Adding 'create:mechanical_crafting' recipe, with name: 'crafttweaker:t4_swatriot_chestplate' that outputs: '<item:apocalypsenow:swatriotcontrol_chestplate>'
[03:33:32.281][INFO]: Removing 'create:mechanical_crafting' recipes with output: 'com.blamejared.crafttweaker.api.item.MCItemStack@ea17d597'
[03:33:32.281][INFO]: Adding 'create:mechanical_crafting' recipe, with name: 'crafttweaker:t4_swatriot_leggings' that outputs: '<item:apocalypsenow:swatriotcontrol_leggings>'
[03:33:32.281][INFO]: Removing 'create:mechanical_crafting' recipes with output: 'com.blamejared.crafttweaker.api.item.MCItemStack@236b4549'
[03:33:32.281][INFO]: Adding 'create:mechanical_crafting' recipe, with name: 'crafttweaker:t4_swatriot_boots' that outputs: '<item:apocalypsenow:swatriotcontrol_boots>'
[03:33:32.281][INFO]: Removing 'crafting' recipes with output: 'com.blamejared.crafttweaker.api.item.MCItemStack@e0dda04'
[03:33:32.283][INFO]: Removing 'crafting' recipes with output: 'com.blamejared.crafttweaker.api.item.MCItemStack@47db614'
[03:33:32.284][INFO]: Removing 'crafting' recipes with output: 'com.blamejared.crafttweaker.api.item.MCItemStack@a02e4ef5'
[03:33:32.285][INFO]: Removing 'crafting' recipes with output: 'com.blamejared.crafttweaker.api.item.MCItemStack@c2faad73'
[03:33:32.287][INFO]: Adding 'create:mechanical_crafting' recipe, with name: 'crafttweaker:t4_juggernaut_helmet' that outputs: '<item:apocalypsenow:juggernaut_helmet>'
[03:33:32.287][INFO]: Removing 'create:mechanical_crafting' recipes with output: 'com.blamejared.crafttweaker.api.item.MCItemStack@47db614'
[03:33:32.288][INFO]: Adding 'create:mechanical_crafting' recipe, with name: 'crafttweaker:t4_juggernaut_chestplate' that outputs: '<item:apocalypsenow:juggernaut_chestplate>'
[03:33:32.288][INFO]: Removing 'create:mechanical_crafting' recipes with output: 'com.blamejared.crafttweaker.api.item.MCItemStack@a02e4ef5'
[03:33:32.288][INFO]: Adding 'create:mechanical_crafting' recipe, with name: 'crafttweaker:t4_juggernaut_leggings' that outputs: '<item:apocalypsenow:juggernaut_leggings>'
[03:33:32.288][INFO]: Removing 'create:mechanical_crafting' recipes with output: 'com.blamejared.crafttweaker.api.item.MCItemStack@c2faad73'
[03:33:32.289][INFO]: Adding 'create:mechanical_crafting' recipe, with name: 'crafttweaker:t4_juggernaut_boots' that outputs: '<item:apocalypsenow:juggernaut_boots>'
[03:33:32.289][INFO]: Removing 'crafting' recipes with output: 'com.blamejared.crafttweaker.api.item.MCItemStack@c16a9e5'
[03:33:32.291][INFO]: Removing 'crafting' recipes with output: 'com.blamejared.crafttweaker.api.item.MCItemStack@31e49e26'
[03:33:32.292][INFO]: Removing 'crafting' recipes with output: 'com.blamejared.crafttweaker.api.item.MCItemStack@caec4748'
[03:33:32.294][INFO]: Removing 'crafting' recipes with output: 'com.blamejared.crafttweaker.api.item.MCItemStack@d38a566c'
[03:33:32.296][INFO]: Adding 'create:mechanical_crafting' recipe, with name: 'crafttweaker:t4_bombsquad_helmet' that outputs: '<item:apocalypsenow:bombsquad_helmet>'
[03:33:32.296][INFO]: Removing 'create:mechanical_crafting' recipes with output: 'com.blamejared.crafttweaker.api.item.MCItemStack@31e49e26'
[03:33:32.296][INFO]: Adding 'create:mechanical_crafting' recipe, with name: 'crafttweaker:t4_bombsquad_chestplate' that outputs: '<item:apocalypsenow:bombsquad_chestplate>'
[03:33:32.296][INFO]: Removing 'create:mechanical_crafting' recipes with output: 'com.blamejared.crafttweaker.api.item.MCItemStack@caec4748'
[03:33:32.297][INFO]: Adding 'create:mechanical_crafting' recipe, with name: 'crafttweaker:t4_bombsquad_leggings' that outputs: '<item:apocalypsenow:bombsquad_leggings>'
[03:33:32.297][INFO]: Removing 'create:mechanical_crafting' recipes with output: 'com.blamejared.crafttweaker.api.item.MCItemStack@d38a566c'
[03:33:32.297][INFO]: Adding 'create:mechanical_crafting' recipe, with name: 'crafttweaker:t4_bombsquad_boots' that outputs: '<item:apocalypsenow:bombsquad_boots>'
[03:33:32.297][INFO]: Removing 'crafting' recipes with output: 'com.blamejared.crafttweaker.api.item.MCItemStack@48eec36d'
[03:33:32.299][INFO]: Removing 'crafting' recipes with output: 'com.blamejared.crafttweaker.api.item.MCItemStack@f19abae5'
[03:33:32.300][INFO]: Removing 'crafting' recipes with output: 'com.blamejared.crafttweaker.api.item.MCItemStack@ed74705'
[03:33:32.302][INFO]: Removing 'crafting' recipes with output: 'com.blamejared.crafttweaker.api.item.MCItemStack@b8d132d1'
[03:33:32.303][INFO]: Adding 'create:mechanical_crafting' recipe, with name: 'crafttweaker:t4_spec_ops_helmet' that outputs: '<item:apocalypsenow:spec_ops_helmet>'
[03:33:32.303][INFO]: Removing 'create:mechanical_crafting' recipes with output: 'com.blamejared.crafttweaker.api.item.MCItemStack@f19abae5'
[03:33:32.304][INFO]: Adding 'create:mechanical_crafting' recipe, with name: 'crafttweaker:t4_spec_ops_chestplate' that outputs: '<item:apocalypsenow:spec_ops_chestplate>'
[03:33:32.304][INFO]: Removing 'create:mechanical_crafting' recipes with output: 'com.blamejared.crafttweaker.api.item.MCItemStack@ed74705'
[03:33:32.304][INFO]: Adding 'create:mechanical_crafting' recipe, with name: 'crafttweaker:t4_spec_ops_leggings' that outputs: '<item:apocalypsenow:spec_ops_leggings>'
[03:33:32.304][INFO]: Removing 'create:mechanical_crafting' recipes with output: 'com.blamejared.crafttweaker.api.item.MCItemStack@b8d132d1'
[03:33:32.305][INFO]: Adding 'create:mechanical_crafting' recipe, with name: 'crafttweaker:t4_spec_ops_boots' that outputs: '<item:apocalypsenow:spec_ops_boots>'
[03:33:32.305][INFO]: Removing 'crafting' recipes with output: 'com.blamejared.crafttweaker.api.item.MCItemStack@958494fb'
[03:33:32.307][INFO]: Removing 'crafting' recipes with output: 'com.blamejared.crafttweaker.api.item.MCItemStack@4dbbbe9c'
[03:33:32.308][INFO]: Removing 'crafting' recipes with output: 'com.blamejared.crafttweaker.api.item.MCItemStack@cec27c8b'
[03:33:32.309][INFO]: Removing 'crafting' recipes with output: 'com.blamejared.crafttweaker.api.item.MCItemStack@4fa66fc9'
[03:33:32.311][INFO]: Adding 'create:mechanical_crafting' recipe, with name: 'crafttweaker:t4_soldier_helmet' that outputs: '<item:apocalypsenow:soldier_helmet>'
[03:33:32.311][INFO]: Removing 'create:mechanical_crafting' recipes with output: 'com.blamejared.crafttweaker.api.item.MCItemStack@4dbbbe9c'
[03:33:32.312][INFO]: Adding 'create:mechanical_crafting' recipe, with name: 'crafttweaker:t4_soldier_chestplate' that outputs: '<item:apocalypsenow:soldier_chestplate>'
[03:33:32.312][INFO]: Removing 'create:mechanical_crafting' recipes with output: 'com.blamejared.crafttweaker.api.item.MCItemStack@cec27c8b'
[03:33:32.313][INFO]: Adding 'create:mechanical_crafting' recipe, with name: 'crafttweaker:t4_soldier_leggings' that outputs: '<item:apocalypsenow:soldier_leggings>'
[03:33:32.313][INFO]: Removing 'create:mechanical_crafting' recipes with output: 'com.blamejared.crafttweaker.api.item.MCItemStack@4fa66fc9'
[03:33:32.313][INFO]: Adding 'create:mechanical_crafting' recipe, with name: 'crafttweaker:t4_soldier_boots' that outputs: '<item:apocalypsenow:soldier_boots>'
[03:33:32.313][INFO]: Removing 'crafting' recipes with output: 'com.blamejared.crafttweaker.api.item.MCItemStack@5e1e40af'
[03:33:32.315][INFO]: Adding 'create:mechanical_crafting' recipe, with name: 'crafttweaker:t4_pbf_hamstergasmask_helmet' that outputs: '<item:apocalypsenow:pbf_hamstergasmask_helmet>'
[03:33:32.315][INFO]: Set the value of Max Damage on <item:contenttweaker:x_factor> to: '1024'
[03:33:32.315][INFO]: Set the value of Max Damage on <item:contenttweaker:research_book> to: '1024'
[03:33:32.316][INFO]: Removing 'crafting' recipes with output: 'com.blamejared.crafttweaker.api.item.MCItemStack@36836cc6'
[03:33:32.318][INFO]: Adding 'minecraft:crafting' recipe, of type: "shaped", with name: 'crafttweaker:research_book' that outputs: '<item:contenttweaker:research_book>'
[03:33:32.326][INFO]: Adding 'create:sequenced_assembly' recipe, with name: 'crafttweaker:sequenced_assembly/formula_x' that outputs: '<item:contenttweaker:formula_x>'
[03:33:32.327][INFO]: Removing 'minecraft:crafting' recipe(s) with name(s): '[minecraft:golden_apple]'
[03:33:32.328][INFO]: Adding 'minecraft:crafting' recipe, of type: "shapeless", with name: 'crafttweaker:golden_apple' that outputs: '<item:minecraft:golden_apple>'
[03:33:32.328][INFO]: Removing 'crafting' recipes with output: 'com.blamejared.crafttweaker.api.item.MCItemStack@c8bdc69a'
[03:33:32.332][INFO]: Adding 'minecraft:crafting' recipe, of type: "shapeless", with name: 'crafttweaker:necroptor_membrance' that outputs: '<item:mutationcraft:necroptor_membrane> * 3'
[03:33:32.332][INFO]: Removing 'crafting' recipes with output: 'com.blamejared.crafttweaker.api.item.MCItemStack@ca6eb315'
[03:33:32.335][INFO]: Adding 'minecraft:crafting' recipe, of type: "shapeless", with name: 'crafttweaker:mutagen_serum' that outputs: '<item:mutationcraft:mutagen_serum>'
[03:33:32.338][INFO]: Removing 'crafting' recipes with output: 'com.blamejared.crafttweaker.api.item.MCItemStack@7b5efece'
[03:33:32.342][INFO]: Adding: [apocalypsenow:porpsi] to tag: <tag:items:diet:sugars>
[03:33:32.342][INFO]: Adding: [apocalypsenow:coke] to tag: <tag:items:diet:sugars>
[03:33:32.342][INFO]: Adding: [apocalypsenow:orange_juice] to tag: <tag:items:diet:sugars>
[03:33:32.343][INFO]: Adding: [apocalypsenow:grape_juice] to tag: <tag:items:diet:sugars>
[03:33:32.343][INFO]: Adding: [apocalypsenow:apple_juice] to tag: <tag:items:diet:sugars>
[03:33:32.343][INFO]: Adding: [apocalypsenow:peach_juice] to tag: <tag:items:diet:sugars>
[03:33:32.343][INFO]: Adding: [apocalypsenow:large_soda] to tag: <tag:items:diet:sugars>
[03:33:32.343][INFO]: Adding: [apocalypsenow:energy_drink] to tag: <tag:items:diet:sugars>
[03:33:32.344][INFO]: Adding: [apocalypsenow:beer] to tag: <tag:items:diet:sugars>
[03:33:32.344][INFO]: Adding: [apocalypsenow:nonalcoholic_beer] to tag: <tag:items:diet:sugars>
[03:33:32.344][INFO]: Adding: [apocalypsenow:vodka] to tag: <tag:items:diet:sugars>
[03:33:32.344][INFO]: Adding: [apocalypsenow:cereal] to tag: <tag:items:diet:grains>
[03:33:32.344][INFO]: Adding: [apocalypsenow:beer] to tag: <tag:items:diet:grains>
[03:33:32.344][INFO]: Adding: [apocalypsenow:nonalcoholic_beer] to tag: <tag:items:diet:grains>
[03:33:32.345][INFO]: Adding: [apocalypsenow:vodka] to tag: <tag:items:diet:grains>
[03:33:32.345][INFO]: Adding: [apocalypsenow:open_canned_melon] to tag: <tag:items:diet:fruits>
[03:33:32.345][INFO]: Adding: [apocalypsenow:orange_juice] to tag: <tag:items:diet:fruits>
[03:33:32.345][INFO]: Adding: [apocalypsenow:grape_juice] to tag: <tag:items:diet:fruits>
[03:33:32.346][INFO]: Adding: [apocalypsenow:apple_juice] to tag: <tag:items:diet:fruits>
[03:33:32.346][INFO]: Adding: [apocalypsenow:peach_juice] to tag: <tag:items:diet:fruits>
[03:33:32.346][INFO]: Adding: [apocalypsenow:chips] to tag: <tag:items:diet:proteins>
[03:33:32.346][INFO]: Adding: [apocalypsenow:open_canned_fish] to tag: <tag:items:diet:proteins>
[03:33:32.346][INFO]: Adding: [apocalypsenow:open_canned_pork] to tag: <tag:items:diet:proteins>
[03:33:32.346][INFO]: Adding: [apocalypsenow:open_canned_rabbit_soup] to tag: <tag:items:diet:proteins>
[03:33:32.347][INFO]: Adding: [apocalypsenow:cooked_canned_pork] to tag: <tag:items:diet:proteins>
[03:33:32.347][INFO]: Adding: [apocalypsenow:cooked_caned_fish] to tag: <tag:items:diet:proteins>
[03:33:32.347][INFO]: Adding: [apocalypsenow:cooked_canned_rabit_soup] to tag: <tag:items:diet:proteins>
[03:33:32.347][INFO]: Adding: [apocalypsenow:open_canned_carrot] to tag: <tag:items:diet:vegetables>
[03:33:32.347][INFO]: Adding: [apocalypsenow:open_canned_beetroot] to tag: <tag:items:diet:vegetables>
[03:33:32.348][INFO]: Adding: [apocalypsenow:open_canned_tomatos] to tag: <tag:items:diet:vegetables>
[03:33:32.349][INFO]: Setting food of: <item:apocalypsenow:apple_juice> to food with stats: nutrition: 2, saturation: 0.4, isMeat: false, isFastFood: false, canAlwaysEat: true, effects: []
[03:33:32.349][INFO]: Setting food of: <item:apocalypsenow:orange_juice> to food with stats: nutrition: 2, saturation: 0.3, isMeat: false, isFastFood: false, canAlwaysEat: true, effects: []
[03:33:32.349][INFO]: Setting food of: <item:apocalypsenow:grape_juice> to food with stats: nutrition: 2, saturation: 0.3, isMeat: false, isFastFood: false, canAlwaysEat: true, effects: []
[03:33:32.349][INFO]: Setting food of: <item:apocalypsenow:peach_juice> to food with stats: nutrition: 2, saturation: 0.3, isMeat: false, isFastFood: false, canAlwaysEat: true, effects: []
[03:33:32.349][INFO]: Setting food of: <item:apocalypsenow:large_soda> to food with stats: nutrition: 1, saturation: 0.5, isMeat: false, isFastFood: false, canAlwaysEat: true, effects: []
[03:33:32.349][INFO]: Setting food of: <item:apocalypsenow:porpsi> to food with stats: nutrition: 1, saturation: 0.5, isMeat: false, isFastFood: false, canAlwaysEat: true, effects: []
[03:33:32.349][INFO]: Setting food of: <item:apocalypsenow:coke> to food with stats: nutrition: 1, saturation: 0.5, isMeat: false, isFastFood: false, canAlwaysEat: true, effects: []
[03:33:32.349][INFO]: Setting food of: <item:apocalypsenow:coffee> to food with stats: nutrition: 1, saturation: 0.3, isMeat: false, isFastFood: false, canAlwaysEat: true, effects: []
[03:33:32.349][INFO]: Setting food of: <item:apocalypsenow:whisky> to food with stats: nutrition: 1, saturation: 0.2, isMeat: false, isFastFood: false, canAlwaysEat: true, effects: []
[03:33:32.350][INFO]: Setting food of: <item:apocalypsenow:vodka> to food with stats: nutrition: 1, saturation: 0.3, isMeat: false, isFastFood: false, canAlwaysEat: true, effects: []
[03:33:32.350][INFO]: Setting food of: <item:apocalypsenow:energy_drink> to food with stats: nutrition: 1, saturation: 0.2, isMeat: false, isFastFood: false, canAlwaysEat: true, effects: []
[03:33:32.350][INFO]: Setting food of: <item:apocalypsenow:beer> to food with stats: nutrition: 1, saturation: 0.3, isMeat: false, isFastFood: false, canAlwaysEat: true, effects: []
[03:33:32.350][INFO]: Setting food of: <item:apocalypsenow:nonalcoholic_beer> to food with stats: nutrition: 1, saturation: 0.3, isMeat: false, isFastFood: false, canAlwaysEat: true, effects: []
[03:33:32.350][INFO]: Setting food of: <item:apocalypsenow:open_canned_carrot> to food with stats: nutrition: 3, saturation: 0.5, isMeat: true, isFastFood: false, canAlwaysEat: false, effects: []
[03:33:32.350][INFO]: Setting food of: <item:apocalypsenow:open_canned_fish> to food with stats: nutrition: 2, saturation: 0.4, isMeat: true, isFastFood: false, canAlwaysEat: false, effects: []
[03:33:32.350][INFO]: Setting food of: <item:apocalypsenow:cooked_caned_fish> to food with stats: nutrition: 5, saturation: 0.4, isMeat: true, isFastFood: false, canAlwaysEat: false, effects: []
[03:33:32.350][INFO]: Setting food of: <item:apocalypsenow:open_canned_beetroot> to food with stats: nutrition: 4, saturation: 0.4, isMeat: false, isFastFood: false, canAlwaysEat: false, effects: []
[03:33:32.350][INFO]: Setting food of: <item:apocalypsenow:open_canned_melon> to food with stats: nutrition: 2, saturation: 0.2, isMeat: true, isFastFood: false, canAlwaysEat: false, effects: []
[03:33:32.350][INFO]: Setting food of: <item:apocalypsenow:open_canned_tomatos> to food with stats: nutrition: 1, saturation: 0.4, isMeat: false, isFastFood: false, canAlwaysEat: false, effects: []
[03:33:32.350][INFO]: Setting food of: <item:apocalypsenow:open_canned_pork> to food with stats: nutrition: 3, saturation: 0.3, isMeat: true, isFastFood: false, canAlwaysEat: false, effects: []
[03:33:32.350][INFO]: Setting food of: <item:apocalypsenow:cooked_canned_pork> to food with stats: nutrition: 8, saturation: 0.5, isMeat: true, isFastFood: false, canAlwaysEat: false, effects: []
[03:33:32.350][INFO]: Setting food of: <item:apocalypsenow:open_canned_rabbit_soup> to food with stats: nutrition: 3, saturation: 0.5, isMeat: true, isFastFood: false, canAlwaysEat: false, effects: []
[03:33:32.350][INFO]: Setting food of: <item:apocalypsenow:cooked_canned_rabit_soup> to food with stats: nutrition: 5, saturation: 0.6, isMeat: true, isFastFood: false, canAlwaysEat: false, effects: []
[03:33:32.351][INFO]: Adding 'create:sequenced_assembly' recipe, with name: 'crafttweaker:sequenced_assembly/porpsi' that outputs: '<item:apocalypsenow:porpsi>'
[03:33:32.352][INFO]: Removing all recipes that output <item:apocalypsenow:can>
[03:33:32.364][INFO]: Removed 1 recipes registered in these 1 recipe managers: [<recipetype:minecraft:crafting>: 1]
[03:33:32.365][INFO]: Adding 'create:sequenced_assembly' recipe, with name: 'crafttweaker:sequenced_assembly/coke' that outputs: '<item:apocalypsenow:coke>'
[03:33:32.366][INFO]: Adding 'create:sequenced_assembly' recipe, with name: 'crafttweaker:sequenced_assembly/chips' that outputs: '<item:apocalypsenow:chips>'
[03:33:32.368][INFO]: Registering new items tag with name <tag:items:forge:material/cereal>
[03:33:32.369][INFO]: Adding: [minecraft:wheat] to tag: <tag:items:forge:material/cereal>
[03:33:32.369][INFO]: Adding: [farmersdelight:rice] to tag: <tag:items:forge:material/cereal>
[03:33:32.370][INFO]: Adding 'create:sequenced_assembly' recipe, with name: 'crafttweaker:sequenced_assembly/cereal' that outputs: '<item:apocalypsenow:cereal>'
[03:33:32.372][INFO]: Adding 'create:pressing' recipe, with name: 'crafttweaker:can_press' that outputs: '<item:apocalypsenow:can>'
[03:33:32.372][INFO]: Adding 'minecraft:crafting' recipe, of type: "shapeless", with name: 'crafttweaker:unpack_gunpowder_can' that outputs: '<item:minecraft:gunpowder> * 4'
[03:33:32.373][INFO]: Adding 'create:sequenced_assembly' recipe, with name: 'crafttweaker:sequenced_assembly/canned_beetroot' that outputs: '<item:apocalypsenow:canned_beet_root>'
[03:33:32.373][INFO]: Adding 'create:sequenced_assembly' recipe, with name: 'crafttweaker:sequenced_assembly/canned_carrot' that outputs: '<item:apocalypsenow:canned_carrot>'
[03:33:32.373][INFO]: Adding 'create:sequenced_assembly' recipe, with name: 'crafttweaker:sequenced_assembly/canned_fish' that outputs: '<item:apocalypsenow:canned_fish>'
[03:33:32.374][INFO]: Adding 'create:sequenced_assembly' recipe, with name: 'crafttweaker:sequenced_assembly/canned_melon' that outputs: '<item:apocalypsenow:canned_melon>'
[03:33:32.374][INFO]: Adding 'create:sequenced_assembly' recipe, with name: 'crafttweaker:sequenced_assembly/canned_tomato' that outputs: '<item:apocalypsenow:canned_tomatos>'
[03:33:32.374][INFO]: Adding 'create:sequenced_assembly' recipe, with name: 'crafttweaker:sequenced_assembly/canned_pork' that outputs: '<item:apocalypsenow:canned_pork>'
[03:33:32.375][INFO]: Adding 'create:sequenced_assembly' recipe, with name: 'crafttweaker:sequenced_assembly/canned_rabbit_soup' that outputs: '<item:apocalypsenow:canned_rabit_soup>'
[03:33:32.376][INFO]: Registering new items tag with name <tag:items:forge:lowxpfood>
[03:33:32.376][INFO]: Adding: [alexsmobs:banana] to tag: <tag:items:forge:lowxpfood>
[03:33:32.376][INFO]: Adding: [alexsmobs:boiled_emu_egg] to tag: <tag:items:forge:lowxpfood>
[03:33:32.377][INFO]: Adding: [alexsmobs:cooked_catfish] to tag: <tag:items:forge:lowxpfood>
[03:33:32.377][INFO]: Adding: [alexsmobs:cooked_kangaroo_meat] to tag: <tag:items:forge:lowxpfood>
[03:33:32.377][INFO]: Adding: [alexsmobs:cooked_lobster_tail] to tag: <tag:items:forge:lowxpfood>
[03:33:32.377][INFO]: Adding: [alexsmobs:cooked_moose_ribs] to tag: <tag:items:forge:lowxpfood>
[03:33:32.377][INFO]: Adding: [alexsmobs:flying_fish] to tag: <tag:items:forge:lowxpfood>
[03:33:32.378][INFO]: Adding: [alexsmobs:gongylidia] to tag: <tag:items:forge:lowxpfood>
[03:33:32.378][INFO]: Adding: [alexsmobs:kangaroo_meat] to tag: <tag:items:forge:lowxpfood>
[03:33:32.378][INFO]: Adding: [alexsmobs:lobster_tail] to tag: <tag:items:forge:lowxpfood>
[03:33:32.378][INFO]: Adding: [alexsmobs:maggot] to tag: <tag:items:forge:lowxpfood>
[03:33:32.378][INFO]: Adding: [alexsmobs:moose_ribs] to tag: <tag:items:forge:lowxpfood>
[03:33:32.379][INFO]: Adding: [alexsmobs:rainbow_jelly] to tag: <tag:items:forge:lowxpfood>
[03:33:32.379][INFO]: Adding: [alexsmobs:raw_catfish] to tag: <tag:items:forge:lowxpfood>
[03:33:32.379][INFO]: Adding: [alexsmobs:sopa_de_macaco] to tag: <tag:items:forge:lowxpfood>
[03:33:32.379][INFO]: Adding: [apocalypsenow:apple_juice] to tag: <tag:items:forge:lowxpfood>
[03:33:32.379][INFO]: Adding: [apocalypsenow:chips] to tag: <tag:items:forge:lowxpfood>
[03:33:32.380][INFO]: Adding: [apocalypsenow:cooked_caned_fish] to tag: <tag:items:forge:lowxpfood>
[03:33:32.380][INFO]: Adding: [apocalypsenow:cooked_canned_pork] to tag: <tag:items:forge:lowxpfood>
[03:33:32.380][INFO]: Adding: [apocalypsenow:cooked_canned_rabit_soup] to tag: <tag:items:forge:lowxpfood>
[03:33:32.380][INFO]: Adding: [apocalypsenow:grape_juice] to tag: <tag:items:forge:lowxpfood>
[03:33:32.380][INFO]: Adding: [apocalypsenow:large_soda] to tag: <tag:items:forge:lowxpfood>
[03:33:32.381][INFO]: Adding: [apocalypsenow:open_canned_beetroot] to tag: <tag:items:forge:lowxpfood>
[03:33:32.381][INFO]: Adding: [apocalypsenow:open_canned_carrot] to tag: <tag:items:forge:lowxpfood>
[03:33:32.381][INFO]: Adding: [apocalypsenow:open_canned_fish] to tag: <tag:items:forge:lowxpfood>
[03:33:32.381][INFO]: Adding: [apocalypsenow:open_canned_melon] to tag: <tag:items:forge:lowxpfood>
[03:33:32.381][INFO]: Adding: [apocalypsenow:open_canned_pork] to tag: <tag:items:forge:lowxpfood>
[03:33:32.382][INFO]: Adding: [apocalypsenow:open_canned_rabbit_soup] to tag: <tag:items:forge:lowxpfood>
[03:33:32.382][INFO]: Adding: [apocalypsenow:open_canned_tomatos] to tag: <tag:items:forge:lowxpfood>
[03:33:32.382][INFO]: Adding: [apocalypsenow:orange_juice] to tag: <tag:items:forge:lowxpfood>
[03:33:32.382][INFO]: Adding: [apocalypsenow:peach_juice] to tag: <tag:items:forge:lowxpfood>
[03:33:32.382][INFO]: Adding: [cold_sweat:soul_sprout] to tag: <tag:items:forge:lowxpfood>
[03:33:32.383][INFO]: Adding: [create_central_kitchen:aloe_cake_slice] to tag: <tag:items:forge:lowxpfood>
[03:33:32.383][INFO]: Adding: [create_central_kitchen:cherry_pie_slice] to tag: <tag:items:forge:lowxpfood>
[03:33:32.383][INFO]: Adding: [create_central_kitchen:chocolate_cake_slice] to tag: <tag:items:forge:lowxpfood>
[03:33:32.383][INFO]: Adding: [create_central_kitchen:honey_cake_slice] to tag: <tag:items:forge:lowxpfood>
[03:33:32.383][INFO]: Adding: [create_central_kitchen:incomplete_apple_pie] to tag: <tag:items:forge:lowxpfood>
[03:33:32.384][INFO]: Adding: [create_central_kitchen:incomplete_bacon_sandwich] to tag: <tag:items:forge:lowxpfood>
[03:33:32.384][INFO]: Adding: [create_central_kitchen:incomplete_cherry_pie] to tag: <tag:items:forge:lowxpfood>
[03:33:32.384][INFO]: Adding: [create_central_kitchen:incomplete_chicken_sandwich] to tag: <tag:items:forge:lowxpfood>
[03:33:32.384][INFO]: Adding: [create_central_kitchen:incomplete_egg_sandwich] to tag: <tag:items:forge:lowxpfood>
[03:33:32.384][INFO]: Adding: [create_central_kitchen:incomplete_hamburger] to tag: <tag:items:forge:lowxpfood>
[03:33:32.384][INFO]: Adding: [create_central_kitchen:incomplete_mulberry_pie] to tag: <tag:items:forge:lowxpfood>
[03:33:32.385][INFO]: Adding: [create_central_kitchen:incomplete_mutton_wrap] to tag: <tag:items:forge:lowxpfood>
[03:33:32.385][INFO]: Adding: [create_central_kitchen:incomplete_pumpkin_pie] to tag: <tag:items:forge:lowxpfood>
[03:33:32.385][INFO]: Adding: [create_central_kitchen:incomplete_sweet_berry_cheesecake] to tag: <tag:items:forge:lowxpfood>
[03:33:32.385][INFO]: Adding: [create_central_kitchen:incomplete_truffle_pie] to tag: <tag:items:forge:lowxpfood>
[03:33:32.385][INFO]: Adding: [create_central_kitchen:mulberry_pie_slice] to tag: <tag:items:forge:lowxpfood>
[03:33:32.386][INFO]: Adding: [create_central_kitchen:passionfruit_cake_slice] to tag: <tag:items:forge:lowxpfood>
[03:33:32.386][INFO]: Adding: [create_central_kitchen:pumpkin_cake_slice] to tag: <tag:items:forge:lowxpfood>
[03:33:32.386][INFO]: Adding: [create_central_kitchen:pumpkin_pie_slice] to tag: <tag:items:forge:lowxpfood>
[03:33:32.386][INFO]: Adding: [create_central_kitchen:sweet_berry_cake_slice] to tag: <tag:items:forge:lowxpfood>
[03:33:32.386][INFO]: Adding: [create_central_kitchen:truffle_pie_slice] to tag: <tag:items:forge:lowxpfood>
[03:33:32.387][INFO]: Adding: [create_central_kitchen:yucca_cake_slice] to tag: <tag:items:forge:lowxpfood>
[03:33:32.387][INFO]: Adding: [crittersandcompanions:koi_fish] to tag: <tag:items:forge:lowxpfood>
[03:33:32.387][INFO]: Adding: [farmersdelight:apple_pie_slice] to tag: <tag:items:forge:lowxpfood>
[03:33:32.387][INFO]: Adding: [farmersdelight:bacon] to tag: <tag:items:forge:lowxpfood>
[03:33:32.387][INFO]: Adding: [farmersdelight:beef_patty] to tag: <tag:items:forge:lowxpfood>
[03:33:32.388][INFO]: Adding: [farmersdelight:cabbage] to tag: <tag:items:forge:lowxpfood>
[03:33:32.388][INFO]: Adding: [farmersdelight:cabbage_leaf] to tag: <tag:items:forge:lowxpfood>
[03:33:32.388][INFO]: Adding: [farmersdelight:cake_slice] to tag: <tag:items:forge:lowxpfood>
[03:33:32.388][INFO]: Adding: [farmersdelight:chicken_cuts] to tag: <tag:items:forge:lowxpfood>
[03:33:32.388][INFO]: Adding: [farmersdelight:cabbage_leaf] to tag: <tag:items:forge:lowxpfood>
[03:33:32.388][INFO]: Adding: [farmersdelight:chocolate_pie_slice] to tag: <tag:items:forge:lowxpfood>
[03:33:32.389][INFO]: Adding: [farmersdelight:cod_slice] to tag: <tag:items:forge:lowxpfood>
[03:33:32.389][INFO]: Adding: [farmersdelight:cooked_bacon] to tag: <tag:items:forge:lowxpfood>
[03:33:32.389][INFO]: Adding: [farmersdelight:cooked_chicken_cuts] to tag: <tag:items:forge:lowxpfood>
[03:33:32.389][INFO]: Adding: [farmersdelight:cooked_cod_slice] to tag: <tag:items:forge:lowxpfood>
[03:33:32.389][INFO]: Adding: [farmersdelight:cooked_mutton_chops] to tag: <tag:items:forge:lowxpfood>
[03:33:32.390][INFO]: Adding: [farmersdelight:cooked_salmon_slice] to tag: <tag:items:forge:lowxpfood>
[03:33:32.390][INFO]: Adding: [farmersdelight:fried_egg] to tag: <tag:items:forge:lowxpfood>
[03:33:32.390][INFO]: Adding: [farmersdelight:fruit_salad] to tag: <tag:items:forge:lowxpfood>
[03:33:32.390][INFO]: Adding: [farmersdelight:ham] to tag: <tag:items:forge:lowxpfood>
[03:33:32.390][INFO]: Adding: [farmersdelight:honey_cookie] to tag: <tag:items:forge:lowxpfood>
[03:33:32.391][INFO]: Adding: [farmersdelight:kelp_roll_slice] to tag: <tag:items:forge:lowxpfood>
[03:33:32.391][INFO]: Adding: [farmersdelight:melon_popsicle] to tag: <tag:items:forge:lowxpfood>
[03:33:32.391][INFO]: Adding: [farmersdelight:minced_beef] to tag: <tag:items:forge:lowxpfood>
[03:33:32.391][INFO]: Adding: [farmersdelight:mixed_salad] to tag: <tag:items:forge:lowxpfood>
[03:33:32.391][INFO]: Adding: [farmersdelight:mutton_chops] to tag: <tag:items:forge:lowxpfood>
[03:33:32.391][INFO]: Adding: [farmersdelight:onion] to tag: <tag:items:forge:lowxpfood>
[03:33:32.392][INFO]: Adding: [farmersdelight:pie_crust] to tag: <tag:items:forge:lowxpfood>
[03:33:32.392][INFO]: Adding: [farmersdelight:pumpkin_slice] to tag: <tag:items:forge:lowxpfood>
[03:33:32.392][INFO]: Adding: [farmersdelight:raw_pasta] to tag: <tag:items:forge:lowxpfood>
[03:33:32.392][INFO]: Adding: [farmersdelight:salmon_slice] to tag: <tag:items:forge:lowxpfood>
[03:33:32.392][INFO]: Adding: [farmersdelight:sweet_berry_cheesecake_slice] to tag: <tag:items:forge:lowxpfood>
[03:33:32.393][INFO]: Adding: [farmersdelight:sweet_berry_cookie] to tag: <tag:items:forge:lowxpfood>
[03:33:32.393][INFO]: Adding: [farmersdelight:tomato] to tag: <tag:items:forge:lowxpfood>
[03:33:32.393][INFO]: Adding: [farmersdelight:tomato_sauce] to tag: <tag:items:forge:lowxpfood>
[03:33:32.393][INFO]: Adding: [farmersdelight:wheat_dough] to tag: <tag:items:forge:lowxpfood>
[03:33:32.393][INFO]: Adding: [minecraft:apple] to tag: <tag:items:forge:lowxpfood>
[03:33:32.394][INFO]: Adding: [minecraft:baked_potato] to tag: <tag:items:forge:lowxpfood>
[03:33:32.394][INFO]: Adding: [minecraft:beetroot] to tag: <tag:items:forge:lowxpfood>
[03:33:32.394][INFO]: Adding: [minecraft:beetroot_soup] to tag: <tag:items:forge:lowxpfood>
[03:33:32.394][INFO]: Adding: [minecraft:bread] to tag: <tag:items:forge:lowxpfood>
[03:33:32.394][INFO]: Adding: [minecraft:carrot] to tag: <tag:items:forge:lowxpfood>
[03:33:32.395][INFO]: Adding: [minecraft:chicken] to tag: <tag:items:forge:lowxpfood>
[03:33:32.395][INFO]: Adding: [minecraft:chorus_fruit] to tag: <tag:items:forge:lowxpfood>
[03:33:32.395][INFO]: Adding: [minecraft:cod] to tag: <tag:items:forge:lowxpfood>
[03:33:32.395][INFO]: Adding: [minecraft:cooked_beef] to tag: <tag:items:forge:lowxpfood>
[03:33:32.395][INFO]: Adding: [minecraft:cooked_chicken] to tag: <tag:items:forge:lowxpfood>
[03:33:32.396][INFO]: Adding: [minecraft:cooked_cod] to tag: <tag:items:forge:lowxpfood>
[03:33:32.396][INFO]: Adding: [minecraft:cooked_mutton] to tag: <tag:items:forge:lowxpfood>
[03:33:32.396][INFO]: Adding: [minecraft:cooked_rabbit] to tag: <tag:items:forge:lowxpfood>
[03:33:32.396][INFO]: Adding: [minecraft:cooked_salmon] to tag: <tag:items:forge:lowxpfood>
[03:33:32.396][INFO]: Adding: [minecraft:cooked_porkchop] to tag: <tag:items:forge:lowxpfood>
[03:33:32.396][INFO]: Adding: [minecraft:cookie] to tag: <tag:items:forge:lowxpfood>
[03:33:32.397][INFO]: Adding: [minecraft:dried_kelp] to tag: <tag:items:forge:lowxpfood>
[03:33:32.397][INFO]: Adding: [minecraft:enchanted_golden_apple] to tag: <tag:items:forge:lowxpfood>
[03:33:32.397][INFO]: Adding: [minecraft:glow_berries] to tag: <tag:items:forge:lowxpfood>
[03:33:32.397][INFO]: Adding: [minecraft:golden_apple] to tag: <tag:items:forge:lowxpfood>
[03:33:32.397][INFO]: Adding: [minecraft:golden_carrot] to tag: <tag:items:forge:lowxpfood>
[03:33:32.398][INFO]: Adding: [minecraft:honey_bottle] to tag: <tag:items:forge:lowxpfood>
[03:33:32.398][INFO]: Adding: [minecraft:melon_slice] to tag: <tag:items:forge:lowxpfood>
[03:33:32.398][INFO]: Adding: [minecraft:mushroom_stew] to tag: <tag:items:forge:lowxpfood>
[03:33:32.398][INFO]: Adding: [minecraft:mutton] to tag: <tag:items:forge:lowxpfood>
[03:33:32.398][INFO]: Adding: [minecraft:porkchop] to tag: <tag:items:forge:lowxpfood>
[03:33:32.398][INFO]: Adding: [minecraft:potato] to tag: <tag:items:forge:lowxpfood>
[03:33:32.399][INFO]: Adding: [minecraft:rabbit] to tag: <tag:items:forge:lowxpfood>
[03:33:32.399][INFO]: Adding: [minecraft:salmon] to tag: <tag:items:forge:lowxpfood>
[03:33:32.399][INFO]: Adding: [minecraft:suspicious_stew] to tag: <tag:items:forge:lowxpfood>
[03:33:32.399][INFO]: Adding: [minecraft:sweet_berries] to tag: <tag:items:forge:lowxpfood>
[03:33:32.399][INFO]: Adding: [minecraft:tropical_fish] to tag: <tag:items:forge:lowxpfood>
[03:33:32.400][INFO]: Adding: [minecraft:beef] to tag: <tag:items:forge:lowxpfood>
[03:33:32.400][INFO]: Registering new items tag with name <tag:items:forge:mediumxpfood>
[03:33:32.401][INFO]: Adding: [alexsmobs:kangaroo_burger] to tag: <tag:items:forge:mediumxpfood>
[03:33:32.401][INFO]: Adding: [alexsmobs:shrimp_fried_rice] to tag: <tag:items:forge:mediumxpfood>
[03:33:32.401][INFO]: Adding: [apocalypsenow:cereal] to tag: <tag:items:forge:mediumxpfood>
[03:33:32.401][INFO]: Adding: [create:bar_of_chocolate] to tag: <tag:items:forge:mediumxpfood>
[03:33:32.401][INFO]: Adding: [create:chocolate_glazed_berries] to tag: <tag:items:forge:mediumxpfood>
[03:33:32.402][INFO]: Adding: [create:honeyed_apple] to tag: <tag:items:forge:mediumxpfood>
[03:33:32.402][INFO]: Adding: [create:sweet_roll] to tag: <tag:items:forge:mediumxpfood>
[03:33:32.402][INFO]: Adding: [farmersdelight:barbecue_stick] to tag: <tag:items:forge:mediumxpfood>
[03:33:32.402][INFO]: Adding: [farmersdelight:bone_broth] to tag: <tag:items:forge:mediumxpfood>
[03:33:32.402][INFO]: Adding: [farmersdelight:cabbage_rolls] to tag: <tag:items:forge:mediumxpfood>
[03:33:32.403][INFO]: Adding: [farmersdelight:cod_roll] to tag: <tag:items:forge:mediumxpfood>
[03:33:32.403][INFO]: Adding: [farmersdelight:cooked_rice] to tag: <tag:items:forge:mediumxpfood>
[03:33:32.403][INFO]: Adding: [farmersdelight:dog_food] to tag: <tag:items:forge:mediumxpfood>
[03:33:32.403][INFO]: Adding: [farmersdelight:dumplings] to tag: <tag:items:forge:mediumxpfood>
[03:33:32.403][INFO]: Adding: [farmersdelight:egg_sandwich] to tag: <tag:items:forge:mediumxpfood>
[03:33:32.403][INFO]: Adding: [farmersdelight:glow_berry_custard] to tag: <tag:items:forge:mediumxpfood>
[03:33:32.404][INFO]: Adding: [farmersdelight:mutton_wrap] to tag: <tag:items:forge:mediumxpfood>
[03:33:32.404][INFO]: Adding: [farmersdelight:nether_salad] to tag: <tag:items:forge:mediumxpfood>
[03:33:32.404][INFO]: Adding: [farmersdelight:salmon_roll] to tag: <tag:items:forge:mediumxpfood>
[03:33:32.404][INFO]: Adding: [farmersdelight:smoked_ham] to tag: <tag:items:forge:mediumxpfood>
[03:33:32.404][INFO]: Adding: [farmersdelight:stuffed_potato] to tag: <tag:items:forge:mediumxpfood>
[03:33:32.405][INFO]: Adding: [minecraft:rabbit_stew] to tag: <tag:items:forge:mediumxpfood>
[03:33:32.405][INFO]: Registering new items tag with name <tag:items:forge:largexpfood>
[03:33:32.405][INFO]: Adding: [apocalypsenow:mre] to tag: <tag:items:forge:largexpfood>
[03:33:32.405][INFO]: Adding: [farmersdelight:bacon_and_eggs] to tag: <tag:items:forge:largexpfood>
[03:33:32.405][INFO]: Adding: [farmersdelight:bacon_sandwich] to tag: <tag:items:forge:largexpfood>
[03:33:32.406][INFO]: Adding: [farmersdelight:baked_cod_stew] to tag: <tag:items:forge:largexpfood>
[03:33:32.406][INFO]: Adding: [farmersdelight:beef_stew] to tag: <tag:items:forge:largexpfood>
[03:33:32.406][INFO]: Adding: [farmersdelight:bacon_and_eggs] to tag: <tag:items:forge:largexpfood>
[03:33:32.406][INFO]: Adding: [farmersdelight:chicken_sandwich] to tag: <tag:items:forge:largexpfood>
[03:33:32.406][INFO]: Adding: [farmersdelight:chicken_soup] to tag: <tag:items:forge:largexpfood>
[03:33:32.406][INFO]: Adding: [farmersdelight:fish_stew] to tag: <tag:items:forge:largexpfood>
[03:33:32.407][INFO]: Adding: [farmersdelight:fried_rice] to tag: <tag:items:forge:largexpfood>
[03:33:32.407][INFO]: Adding: [farmersdelight:grilled_salmon] to tag: <tag:items:forge:largexpfood>
[03:33:32.407][INFO]: Adding: [farmersdelight:hamburger] to tag: <tag:items:forge:largexpfood>
[03:33:32.407][INFO]: Adding: [farmersdelight:honey_glazed_ham] to tag: <tag:items:forge:largexpfood>
[03:33:32.407][INFO]: Adding: [farmersdelight:kelp_roll] to tag: <tag:items:forge:largexpfood>
[03:33:32.408][INFO]: Adding: [farmersdelight:mushroom_rice] to tag: <tag:items:forge:largexpfood>
[03:33:32.408][INFO]: Adding: [farmersdelight:noodle_soup] to tag: <tag:items:forge:largexpfood>
[03:33:32.408][INFO]: Adding: [farmersdelight:pasta_with_meatballs] to tag: <tag:items:forge:largexpfood>
[03:33:32.408][INFO]: Adding: [farmersdelight:pasta_with_mutton_chop] to tag: <tag:items:forge:largexpfood>
[03:33:32.408][INFO]: Adding: [farmersdelight:pumpkin_soup] to tag: <tag:items:forge:largexpfood>
[03:33:32.409][INFO]: Adding: [farmersdelight:ratatouille] to tag: <tag:items:forge:largexpfood>
[03:33:32.409][INFO]: Adding: [farmersdelight:roast_chicken] to tag: <tag:items:forge:largexpfood>
[03:33:32.409][INFO]: Adding: [farmersdelight:roasted_mutton_chops] to tag: <tag:items:forge:largexpfood>
[03:33:32.409][INFO]: Adding: [farmersdelight:shepherds_pie] to tag: <tag:items:forge:largexpfood>
[03:33:32.409][INFO]: Adding: [farmersdelight:squid_ink_pasta] to tag: <tag:items:forge:largexpfood>
[03:33:32.410][INFO]: Adding: [farmersdelight:steak_and_potatoes] to tag: <tag:items:forge:largexpfood>
[03:33:32.410][INFO]: Adding: [farmersdelight:stuffed_pumpkin] to tag: <tag:items:forge:largexpfood>
[03:33:32.410][INFO]: Adding: [farmersdelight:vegetable_noodles] to tag: <tag:items:forge:largexpfood>
[03:33:32.410][INFO]: Adding: [farmersdelight:vegetable_soup] to tag: <tag:items:forge:largexpfood>
[03:33:32.411][INFO]: Removing 'crafting' recipes with output: 'com.blamejared.crafttweaker.api.item.MCItemStack@669cfa17'
[03:33:32.416][INFO]: Adding 'minecraft:crafting' recipe, of type: "shaped", with name: 'crafttweaker:horde_beacon' that outputs: '<item:contenttweaker:horde_beacon>'
[03:33:32.416][INFO]: Removing 'crafting' recipes with output: 'com.blamejared.crafttweaker.api.item.MCItemStack@a9f8133d'
[03:33:32.421][INFO]: Adding 'minecraft:crafting' recipe, of type: "shaped", with name: 'crafttweaker:xp_tome' that outputs: '<item:xpbook:xp_tome>'
[03:33:32.421][INFO]: Removing 'crafting' recipes with output: 'com.blamejared.crafttweaker.api.item.MCItemStack@62676d80'
[03:33:32.425][INFO]: Adding 'minecraft:crafting' recipe, of type: "mirroring shaped", with name: 'crafttweaker:morphine' that outputs: '<item:firstaid:morphine>'
[03:33:32.426][INFO]: Adding 'create:sequenced_assembly' recipe, with name: 'crafttweaker:sequenced_assembly/ender_pearl' that outputs: '<item:minecraft:ender_pearl>'
[03:33:32.426][INFO]: Removing 'minecraft:crafting' recipe(s) with name(s): '[cfm:fridge_light]'
[03:33:32.426][INFO]: Removing 'minecraft:crafting' recipe(s) with name(s): '[cfm:fridge_dark]'
[03:33:32.427][INFO]: Adding 'create:sequenced_assembly' recipe, with name: 'crafttweaker:sequenced_assembly/everlasting_torches' that outputs: '<item:minecraft:torch> * 4'
[03:33:32.427][INFO]: Set the value of Max Damage on <item:minecraft:flint_and_steel> to: '256'
[03:33:32.427][INFO]: Adding 'minecraft:crafting' recipe, of type: "shaped", with name: 'crafttweaker:wool_torch' that outputs: '<item:minecraft:torch> * 6'
[03:33:32.427][INFO]: Removing 'minecraft:crafting' recipe(s) with name(s): '[minecraft:torch]'
[03:33:32.428][INFO]: Adding 'minecraft:crafting' recipe, of type: "shaped", with name: 'crafttweaker:glow_torches' that outputs: '<item:minecraft:torch> * 4'
[03:33:32.428][INFO]: Adding 'minecraft:crafting' recipe, of type: "mirroring shaped", with name: 'crafttweaker:creosote_oil_everlasting_torch' that outputs: '<item:minecraft:torch> * 32'
[03:33:32.428][INFO]: Adding 'minecraft:crafting' recipe, of type: "shaped", with name: 'crafttweaker:biomes_o_plenty_chest' that outputs: '<item:minecraft:chest>'
[03:33:32.433][INFO]: Adding 'minecraft:crafting' recipe, of type: "shapeless", with name: 'crafttweaker:netherite_scrap_uncraft' that outputs: '<item:minecraft:netherite_scrap> * 2'
[03:33:32.433][INFO]: Adding 'create:crushing' recipe, with name: 'crafttweaker:netherite_scrap_uncraft_crusher_create' that outputs: '<item:minecraft:netherite_scrap> * 3'
[03:33:32.433][INFO]: Adding 'minecraft:crafting' recipe, of type: "shapeless", with name: 'crafttweaker:resistant_fabric' that outputs: '<item:contenttweaker:resistant_fabric>'
[03:33:32.434][INFO]: Adding 'minecraft:crafting' recipe, of type: "shapeless", with name: 'crafttweaker:resistant_fiber_cutter' that outputs: '<item:contenttweaker:resistant_fiber> * 4'
[03:33:32.435][INFO]: Adding 'create:mixing' recipe, with name: 'crafttweaker:poison_potato_healing' that outputs: '<item:minecraft:air>'
[03:33:32.437][INFO]: Setting Composter value of: <item:minecraft:rotten_flesh>, to: 0.5, from: -1.0
[03:33:32.437][INFO]: Adding 'minecraft:crafting' recipe, of type: "shapeless", with name: 'crafttweaker:string' that outputs: '<item:minecraft:string> * 2'
[03:33:32.437][INFO]: Adding 'minecraft:smelting' recipe, with name: 'crafttweaker:leather' that outputs: '<item:minecraft:leather>'
[03:33:32.437][INFO]: Removing 'crafting' recipes with output: 'com.blamejared.crafttweaker.api.item.MCItemStack@b6488b4a'
[03:33:32.441][INFO]: Adding 'minecraft:crafting' recipe, of type: "mirroring shaped", with name: 'crafttweaker:cloth' that outputs: '<item:apocalypsenow:cloth>'
[03:33:32.441][INFO]: Removing 'crafting' recipes with output: 'com.blamejared.crafttweaker.api.item.MCItemStack@4ff9aef7'
[03:33:32.444][INFO]: Adding 'minecraft:crafting' recipe, of type: "mirroring shaped", with name: 'crafttweaker:needle' that outputs: '<item:apocalypsenow:needle>'
[03:33:32.444][INFO]: Removing 'crafting' recipes with output: 'com.blamejared.crafttweaker.api.item.MCItemStack@8a0f24b'
[03:33:32.446][INFO]: Adding 'minecraft:crafting' recipe, of type: "mirroring shaped", with name: 'crafttweaker:nightvisionmodule' that outputs: '<item:apocalypsenow:nightvisionmodule>'
[03:33:32.447][INFO]: Removing 'crafting' recipes with output: 'com.blamejared.crafttweaker.api.item.MCItemStack@8c6d6023'
[03:33:32.448][INFO]: Adding 'minecraft:crafting' recipe, of type: "mirroring shaped", with name: 'crafttweaker:breathingfiltermodule' that outputs: '<item:apocalypsenow:breathingfiltermodule>'
[03:33:32.448][INFO]: Removing 'create:compacting' recipe(s) with name(s): '[createaddition:compacting/seed_oil]'
[03:33:32.449][INFO]: Adding 'create:compacting' recipe, with name: 'crafttweaker:seed_oil' that outputs: '<item:minecraft:air>'
[03:33:32.449][INFO]: Removing 'create:mixing' recipe(s) with name(s): '[createaddition:mixing/bioethanol]'
[03:33:32.450][INFO]: Adding 'create:mixing' recipe, with name: 'crafttweaker:bioethanol' that outputs: '<item:minecraft:air>'
[03:33:32.450][INFO]: Adding 'minecraft:crafting' recipe, of type: "shapeless", with name: 'crafttweaker:ie_gold_wire' that outputs: '<item:createaddition:gold_wire>'
[03:33:32.450][INFO]: Adding 'minecraft:crafting' recipe, of type: "shapeless", with name: 'crafttweaker:ie_iron_wire' that outputs: '<item:createaddition:iron_wire>'
[03:33:32.450][INFO]: Adding 'minecraft:crafting' recipe, of type: "shapeless", with name: 'crafttweaker:create_iron_sheet' that outputs: '<item:create:iron_sheet>'
[03:33:32.451][INFO]: Adding 'minecraft:crafting' recipe, of type: "shapeless", with name: 'crafttweaker:create_copper_sheet' that outputs: '<item:create:copper_sheet>'
[03:33:32.451][INFO]: Adding 'minecraft:crafting' recipe, of type: "shapeless", with name: 'crafttweaker:create_brass_sheet' that outputs: '<item:create:brass_sheet>'
[03:33:32.451][INFO]: Adding 'minecraft:crafting' recipe, of type: "shapeless", with name: 'crafttweaker:create_golden_sheet' that outputs: '<item:create:golden_sheet>'
[03:33:32.452][INFO]: Adding 'minecraft:crafting' recipe, of type: "shapeless", with name: 'crafttweaker:create_zinc_sheet' that outputs: '<item:createaddition:zinc_sheet>'
[03:33:32.452][INFO]: Adding 'minecraft:crafting' recipe, of type: "shapeless", with name: 'crafttweaker:create_electrum_sheet' that outputs: '<item:createaddition:electrum_sheet>'
[03:33:32.453][INFO]: Removing 'minecraft:crafting' recipe(s) with name(s): '[create:crafting/materials/electron_tube]'
[03:33:32.492][INFO]: - Replacing "create:mechanical_crafting" recipe with name "createaddition:mechanical_crafting/tesla_coil", renaming it to "crafttweaker:autogenerated/createaddition.mechanical_crafting/tesla_coil"
[03:33:32.498][INFO]: - Replacing "minecraft:crafting" recipe with name "create:crafting/logistics/brass_tunnel", renaming it to "crafttweaker:autogenerated/create.crafting/logistics/brass_tunnel"
[03:33:32.499][INFO]: - Replacing "minecraft:crafting" recipe with name "create:crafting/kinetics/mechanical_roller", renaming it to "crafttweaker:autogenerated/create.crafting/kinetics/mechanical_roller"
[03:33:32.500][INFO]: - Replacing "minecraft:crafting" recipe with name "create:crafting/kinetics/deployer", renaming it to "crafttweaker:autogenerated/create.crafting/kinetics/deployer"
[03:33:32.502][INFO]: - Replacing "minecraft:crafting" recipe with name "create:crafting/logistics/brass_funnel", renaming it to "crafttweaker:autogenerated/create.crafting/logistics/brass_funnel"
[03:33:32.504][INFO]: - Replacing "minecraft:crafting" recipe with name "create:crafting/kinetics/controller_rail", renaming it to "crafttweaker:autogenerated/create.crafting/kinetics/controller_rail"
[03:33:32.504][INFO]: - Replacing "minecraft:crafting" recipe with name "create:crafting/kinetics/clockwork_bearing", renaming it to "crafttweaker:autogenerated/create.crafting/kinetics/clockwork_bearing"
[03:33:32.505][INFO]: - Replacing "minecraft:crafting" recipe with name "create:crafting/kinetics/nixie_tube", renaming it to "crafttweaker:autogenerated/create.crafting/kinetics/nixie_tube"
[03:33:32.506][INFO]: - Replacing "minecraft:crafting" recipe with name "create:crafting/kinetics/contraption_controls", renaming it to "crafttweaker:autogenerated/create.crafting/kinetics/contraption_controls"
[03:33:32.506][INFO]: - Replacing "minecraft:crafting" recipe with name "create:crafting/kinetics/adjustable_chain_gearshift", renaming it to "crafttweaker:autogenerated/create.crafting/kinetics/adjustable_chain_gearshift"
[03:33:32.507][INFO]: - Replacing "minecraft:crafting" recipe with name "create:crafting/kinetics/smart_fluid_pipe", renaming it to "crafttweaker:autogenerated/create.crafting/kinetics/smart_fluid_pipe"
[03:33:32.510][INFO]: - Replacing "minecraft:crafting" recipe with name "create:crafting/logistics/content_observer", renaming it to "crafttweaker:autogenerated/create.crafting/logistics/content_observer"
[03:33:32.517][INFO]: - Replacing "minecraft:crafting" recipe with name "createaddition:crafting/redstone_relay", renaming it to "crafttweaker:autogenerated/createaddition.crafting/redstone_relay"
[03:33:32.518][INFO]: - Replacing "minecraft:crafting" recipe with name "create:crafting/kinetics/mechanical_crafter", renaming it to "crafttweaker:autogenerated/create.crafting/kinetics/mechanical_crafter"
[03:33:32.519][INFO]: - Replacing "minecraft:crafting" recipe with name "create:crafting/kinetics/sequenced_gearshift", renaming it to "crafttweaker:autogenerated/create.crafting/kinetics/sequenced_gearshift"
[03:33:32.519][INFO]: - Replacing "minecraft:crafting" recipe with name "create:crafting/logistics/stockpile_switch", renaming it to "crafttweaker:autogenerated/create.crafting/logistics/stockpile_switch"
[03:33:32.522][INFO]: - Replacing "minecraft:crafting" recipe with name "create:crafting/kinetics/smart_chute", renaming it to "crafttweaker:autogenerated/create.crafting/kinetics/smart_chute"
[03:33:32.524][INFO]: - Replacing "minecraft:crafting" recipe with name "create:crafting/kinetics/track_signal", renaming it to "crafttweaker:autogenerated/create.crafting/kinetics/track_signal"
[03:33:32.531][INFO]: - Replacing "minecraft:crafting" recipe with name "create:crafting/kinetics/display_board", renaming it to "crafttweaker:autogenerated/create.crafting/kinetics/display_board"
[03:33:32.547][INFO]: Batch replacement completed
[03:33:32.547][INFO]: Removing 'minecraft:crafting' recipe(s) with name(s): '[create:crafting/kinetics/mechanical_arm]'
[03:33:32.548][INFO]: Adding 'minecraft:crafting' recipe, of type: "shaped", with name: 'crafttweaker:mechanical_arm' that outputs: '<item:create:mechanical_arm>'
[03:33:32.548][INFO]: Removing 'minecraft:crafting' recipe(s) with name(s): '[create:crafting/kinetics/rotation_speed_controller]'
[03:33:32.548][INFO]: Adding 'minecraft:crafting' recipe, of type: "shaped", with name: 'crafttweaker:rotation_speed_controller' that outputs: '<item:create:rotation_speed_controller>'
[03:33:32.548][INFO]: Removing 'minecraft:crafting' recipe(s) with name(s): '[create:crafting/kinetics/track_station]'
[03:33:32.548][INFO]: Adding 'minecraft:crafting' recipe, of type: "shaped", with name: 'crafttweaker:track_station' that outputs: '<item:create:track_station>'
[03:33:32.548][INFO]: Adding: [immersivepetroleum:gasoline] to tag: <tag:fluids:car:gas_station>
[03:33:32.548][INFO]: Adding: [immersivepetroleum:diesel] to tag: <tag:fluids:car:gas_station>
[03:33:32.550][INFO]: Registering new items tag with name <tag:items:forge:corundum/block>
[03:33:32.551][INFO]: Registering new items tag with name <tag:items:forge:corundum/cluster>
[03:33:32.556][INFO]: Removing 'create:crushing' recipes with output: 'com.blamejared.crafttweaker.api.item.MCItemStack@2a655a38'
[03:33:32.556][INFO]: Adding 'create:crushing' recipe, with name: 'crafttweaker:veridium' that outputs: '<item:create:crushed_raw_copper>'
[03:33:32.556][INFO]: Adding 'create:crushing' recipe, with name: 'crafttweaker:veridium_recycle' that outputs: '<item:create:crushed_raw_copper>'
[03:33:32.557][INFO]: Adding 'create:crushing' recipe, with name: 'crafttweaker:raw_copper' that outputs: '<item:create:crushed_raw_copper>'
[03:33:32.557][INFO]: Adding 'create:crushing' recipe, with name: 'crafttweaker:raw_copper_block' that outputs: '<item:create:crushed_raw_copper> * 9'
[03:33:32.557][INFO]: Adding 'create:crushing' recipe, with name: 'crafttweaker:copper_ore_block' that outputs: '<item:create:crushed_raw_copper>'
[03:33:32.558][INFO]: Adding 'create:crushing' recipe, with name: 'crafttweaker:deepslate_copper_ore_block' that outputs: '<item:create:crushed_raw_copper>'
[03:33:32.558][INFO]: Removing 'create:crushing' recipe(s) with name(s): '[create:crushing/raw_iron]'
[03:33:32.558][INFO]: Removing 'create:crushing' recipe(s) with name(s): '[create:crushing/deepslate_iron_ore]'
[03:33:32.558][INFO]: Removing 'create:crushing' recipe(s) with name(s): '[create:crushing/iron_ore]'
[03:33:32.558][INFO]: Adding 'create:crushing' recipe, with name: 'crafttweaker:raw_iron_ore' that outputs: '<item:create:crushed_raw_iron>'
[03:33:32.558][INFO]: Adding 'create:crushing' recipe, with name: 'crafttweaker:iron_ore_block' that outputs: '<item:create:crushed_raw_iron>'
[03:33:32.559][INFO]: Adding 'create:crushing' recipe, with name: 'crafttweaker:deepslate_iron_ore_block' that outputs: '<item:create:crushed_raw_iron> * 2'
[03:33:32.559][INFO]: Removing 'create:crushing' recipe(s) with name(s): '[create:crushing/raw_gold]'
[03:33:32.559][INFO]: Removing 'create:crushing' recipe(s) with name(s): '[create:crushing/deepslate_gold_ore]'
[03:33:32.559][INFO]: Removing 'create:crushing' recipe(s) with name(s): '[create:crushing/gold_ore]'
[03:33:32.559][INFO]: Adding 'create:crushing' recipe, with name: 'crafttweaker:raw_gold_ore' that outputs: '<item:create:crushed_raw_gold>'
[03:33:32.559][INFO]: Adding 'create:crushing' recipe, with name: 'crafttweaker:gold_ore_block' that outputs: '<item:create:crushed_raw_gold>'
[03:33:32.560][INFO]: Adding 'create:crushing' recipe, with name: 'crafttweaker:deepslate_gold_ore_block' that outputs: '<item:create:crushed_raw_gold> * 2'
[03:33:32.560][INFO]: Removing 'create:crushing' recipe(s) with name(s): '[create:crushing/raw_zinc]'
[03:33:32.560][INFO]: Removing 'create:crushing' recipe(s) with name(s): '[create:crushing/zinc_ore]'
[03:33:32.560][INFO]: Adding 'create:crushing' recipe, with name: 'crafttweaker:raw_zinc_ore' that outputs: '<item:create:crushed_raw_zinc>'
[03:33:32.560][INFO]: Adding 'create:crushing' recipe, with name: 'crafttweaker:zinc_ore_block' that outputs: '<item:create:crushed_raw_zinc>'
[03:33:32.561][INFO]: Adding 'create:crushing' recipe, with name: 'crafttweaker:deepslate_zinc_ore_block' that outputs: '<item:create:crushed_raw_zinc> * 2'
[03:33:32.561][INFO]: Removing 'create:crushing' recipe(s) with name(s): '[create:crushing/raw_silver_ore]'
[03:33:32.561][INFO]: Removing 'create:crushing' recipe(s) with name(s): '[create:crushing/silver_ore]'
[03:33:32.561][INFO]: Adding 'create:crushing' recipe, with name: 'crafttweaker:raw_silver_ore' that outputs: '<item:create:crushed_raw_silver>'
[03:33:32.561][INFO]: Adding 'create:crushing' recipe, with name: 'crafttweaker:silver_ore_block' that outputs: '<item:create:crushed_raw_silver>'
[03:33:32.562][INFO]: Adding 'create:crushing' recipe, with name: 'crafttweaker:deepslate_silver_ore_block' that outputs: '<item:create:crushed_raw_silver> * 2'
[03:33:32.562][INFO]: Removing 'create:crushing' recipe(s) with name(s): '[create:crushing/raw_lead_ore]'
[03:33:32.562][INFO]: Removing 'create:crushing' recipe(s) with name(s): '[create:crushing/lead_ore]'
[03:33:32.562][INFO]: Adding 'create:crushing' recipe, with name: 'crafttweaker:raw_lead_ore' that outputs: '<item:create:crushed_raw_lead>'
[03:33:32.562][INFO]: Adding 'create:crushing' recipe, with name: 'crafttweaker:lead_ore_block' that outputs: '<item:create:crushed_raw_lead>'
[03:33:32.563][INFO]: Adding 'create:crushing' recipe, with name: 'crafttweaker:deepslate_lead_ore_block' that outputs: '<item:create:crushed_raw_lead> * 2'
[03:33:32.563][INFO]: Removing 'create:crushing' recipe(s) with name(s): '[create:crushing/raw_aluminum_ore]'
[03:33:32.563][INFO]: Removing 'create:crushing' recipe(s) with name(s): '[create:crushing/aluminum_ore]'
[03:33:32.563][INFO]: Adding 'create:crushing' recipe, with name: 'crafttweaker:raw_aluminum_ore' that outputs: '<item:create:crushed_raw_aluminum>'
[03:33:32.563][INFO]: Adding 'create:crushing' recipe, with name: 'crafttweaker:aluminum_ore_block' that outputs: '<item:create:crushed_raw_aluminum>'
[03:33:32.564][INFO]: Adding 'create:crushing' recipe, with name: 'crafttweaker:deepslate_aluminum_ore_block' that outputs: '<item:create:crushed_raw_aluminum> * 2'
[03:33:32.564][INFO]: Adding 'create:crushing' recipe, with name: 'crafttweaker:corundum_aluminum_ore' that outputs: '<item:create:crushed_raw_aluminum>'
[03:33:32.565][INFO]: Adding 'create:crushing' recipe, with name: 'crafttweaker:corundum_aluminum_cluster' that outputs: '<item:create:crushed_raw_aluminum>'
[03:33:32.565][INFO]: Removing 'create:crushing' recipe(s) with name(s): '[create:crushing/raw_uranium_ore]'
[03:33:32.565][INFO]: Removing 'create:crushing' recipe(s) with name(s): '[create:crushing/uranium_ore]'
[03:33:32.565][INFO]: Adding 'create:crushing' recipe, with name: 'crafttweaker:raw_uranium_ore' that outputs: '<item:create:crushed_raw_uranium>'
[03:33:32.565][INFO]: Adding 'create:crushing' recipe, with name: 'crafttweaker:uranium_ore_block' that outputs: '<item:create:crushed_raw_uranium>'
[03:33:32.566][INFO]: Adding 'create:crushing' recipe, with name: 'crafttweaker:deepslate_uranium_ore_block' that outputs: '<item:create:crushed_raw_uranium> * 2'
[03:33:32.566][INFO]: Removing 'create:crushing' recipe(s) with name(s): '[create:crushing/raw_nickel_ore]'
[03:33:32.566][INFO]: Removing 'create:crushing' recipe(s) with name(s): '[create:crushing/nickel_ore]'
[03:33:32.566][INFO]: Adding 'create:crushing' recipe, with name: 'crafttweaker:raw_nickel_ore' that outputs: '<item:create:crushed_raw_nickel>'
[03:33:32.566][INFO]: Adding 'create:crushing' recipe, with name: 'crafttweaker:nickel_ore_block' that outputs: '<item:create:crushed_raw_nickel>'
[03:33:32.567][INFO]: Adding 'create:crushing' recipe, with name: 'crafttweaker:deepslate_nickel_ore_block' that outputs: '<item:create:crushed_raw_nickel> * 2'
[03:33:32.570][INFO]: Registering new items tag with name <tag:items:forge:mre/main_course>
[03:33:32.570][INFO]: Adding: [farmersdelight:beef_stew] to tag: <tag:items:forge:mre/main_course>
[03:33:32.570][INFO]: Adding: [farmersdelight:fish_stew] to tag: <tag:items:forge:mre/main_course>
[03:33:32.571][INFO]: Adding: [farmersdelight:fried_rice] to tag: <tag:items:forge:mre/main_course>
[03:33:32.571][INFO]: Adding: [farmersdelight:baked_cod_stew] to tag: <tag:items:forge:mre/main_course>
[03:33:32.571][INFO]: Adding: [farmersdelight:bacon_and_eggs] to tag: <tag:items:forge:mre/main_course>
[03:33:32.571][INFO]: Adding: [farmersdelight:pasta_with_meatballs] to tag: <tag:items:forge:mre/main_course>
[03:33:32.572][INFO]: Adding: [farmersdelight:pasta_with_mutton_chop] to tag: <tag:items:forge:mre/main_course>
[03:33:32.572][INFO]: Adding: [farmersdelight:mushroom_rice] to tag: <tag:items:forge:mre/main_course>
[03:33:32.572][INFO]: Adding: [farmersdelight:vegetable_noodles] to tag: <tag:items:forge:mre/main_course>
[03:33:32.572][INFO]: Adding: [farmersdelight:steak_and_potatoes] to tag: <tag:items:forge:mre/main_course>
[03:33:32.572][INFO]: Adding: [farmersdelight:ratatouille] to tag: <tag:items:forge:mre/main_course>
[03:33:32.573][INFO]: Adding: [farmersdelight:squid_ink_pasta] to tag: <tag:items:forge:mre/main_course>
[03:33:32.573][INFO]: Adding: [farmersdelight:grilled_salmon] to tag: <tag:items:forge:mre/main_course>
[03:33:32.573][INFO]: Registering new items tag with name <tag:items:forge:mre/desert>
[03:33:32.573][INFO]: Adding: [farmersdelight:cake_slice] to tag: <tag:items:forge:mre/desert>
[03:33:32.574][INFO]: Adding: [farmersdelight:apple_pie_slice] to tag: <tag:items:forge:mre/desert>
[03:33:32.574][INFO]: Adding: [farmersdelight:sweet_berry_cheesecake_slice] to tag: <tag:items:forge:mre/desert>
[03:33:32.574][INFO]: Adding: [farmersdelight:chocolate_pie_slice] to tag: <tag:items:forge:mre/desert>
[03:33:32.574][INFO]: Adding: [farmersdelight:sweet_berry_cookie] to tag: <tag:items:forge:mre/desert>
[03:33:32.574][INFO]: Adding: [farmersdelight:honey_cookie] to tag: <tag:items:forge:mre/desert>
[03:33:32.575][INFO]: Adding: [minecraft:cookie] to tag: <tag:items:forge:mre/desert>
[03:33:32.575][INFO]: Registering new items tag with name <tag:items:forge:mre/drinks>
[03:33:32.575][INFO]: Adding: [farmersdelight:milk_bottle] to tag: <tag:items:forge:mre/drinks>
[03:33:32.575][INFO]: Adding: [farmersdelight:hot_cocoa] to tag: <tag:items:forge:mre/drinks>
[03:33:32.576][INFO]: Adding: [farmersdelight:apple_cider] to tag: <tag:items:forge:mre/drinks>
[03:33:32.576][INFO]: Adding: [farmersdelight:melon_juice] to tag: <tag:items:forge:mre/drinks>
[03:33:32.576][INFO]: Removing 'minecraft:crafting' recipe(s) with name(s): '[apocalypsenow:mr_erecipe]'
[03:33:32.577][INFO]: Adding 'minecraft:crafting' recipe, of type: "mirroring shaped", with name: 'crafttweaker:mre' that outputs: '<item:apocalypsenow:mre>'
[03:33:32.578][INFO]: Removing Villager trade for Profession: 'armorer' and Level: '1'
[03:33:32.582][INFO]: Adding Villager trade for Profession: 'armorer' and Level: '1'
[03:33:32.582][INFO]: Adding Villager trade for Profession: 'armorer' and Level: '1'
[03:33:32.582][INFO]: Adding Villager trade for Profession: 'armorer' and Level: '1'
[03:33:32.582][INFO]: Adding Villager trade for Profession: 'armorer' and Level: '1'
[03:33:32.583][INFO]: Adding Villager trade for Profession: 'armorer' and Level: '1'
[03:33:32.583][INFO]: Removing Villager trade for Profession: 'armorer' and Level: '2'
[03:33:32.583][INFO]: Adding Villager trade for Profession: 'armorer' and Level: '2'
[03:33:32.583][INFO]: Adding Villager trade for Profession: 'armorer' and Level: '2'
[03:33:32.583][INFO]: Adding Villager trade for Profession: 'armorer' and Level: '2'
[03:33:32.583][INFO]: Removing Villager trade for Profession: 'armorer' and Level: '3'
[03:33:32.583][INFO]: Adding Villager trade for Profession: 'armorer' and Level: '3'
[03:33:32.583][INFO]: Adding Villager trade for Profession: 'armorer' and Level: '3'
[03:33:32.583][INFO]: Adding Villager trade for Profession: 'armorer' and Level: '3'
[03:33:32.583][INFO]: Removing Villager trade for Profession: 'armorer' and Level: '4'
[03:33:32.583][INFO]: Adding Villager trade for Profession: 'armorer' and Level: '4'
[03:33:32.583][INFO]: Adding Villager trade for Profession: 'armorer' and Level: '4'
[03:33:32.583][INFO]: Adding Villager trade for Profession: 'armorer' and Level: '4'
[03:33:32.583][INFO]: Removing Villager trade for Profession: 'armorer' and Level: '5'
[03:33:32.583][INFO]: Adding Villager trade for Profession: 'armorer' and Level: '5'
[03:33:32.583][INFO]: Adding Villager trade for Profession: 'armorer' and Level: '5'
[03:33:32.583][INFO]: Removing Villager trade for Profession: 'butcher' and Level: '1'
[03:33:32.583][INFO]: Adding Villager trade for Profession: 'butcher' and Level: '1'
[03:33:32.583][INFO]: Adding Villager trade for Profession: 'butcher' and Level: '1'
[03:33:32.583][INFO]: Adding Villager trade for Profession: 'butcher' and Level: '1'
[03:33:32.583][INFO]: Adding Villager trade for Profession: 'butcher' and Level: '1'
[03:33:32.583][INFO]: Adding Villager trade for Profession: 'butcher' and Level: '1'
[03:33:32.583][INFO]: Removing Villager trade for Profession: 'butcher' and Level: '2'
[03:33:32.583][INFO]: Adding Villager trade for Profession: 'butcher' and Level: '2'
[03:33:32.583][INFO]: Adding Villager trade for Profession: 'butcher' and Level: '2'
[03:33:32.583][INFO]: Adding Villager trade for Profession: 'butcher' and Level: '2'
[03:33:32.583][INFO]: Removing Villager trade for Profession: 'butcher' and Level: '3'
[03:33:32.584][INFO]: Adding Villager trade for Profession: 'butcher' and Level: '3'
[03:33:32.584][INFO]: Adding Villager trade for Profession: 'butcher' and Level: '3'
[03:33:32.584][INFO]: Adding Villager trade for Profession: 'butcher' and Level: '3'
[03:33:32.584][INFO]: Removing Villager trade for Profession: 'butcher' and Level: '4'
[03:33:32.584][INFO]: Adding Villager trade for Profession: 'butcher' and Level: '4'
[03:33:32.584][INFO]: Adding Villager trade for Profession: 'butcher' and Level: '4'
[03:33:32.584][INFO]: Adding Villager trade for Profession: 'butcher' and Level: '4'
[03:33:32.584][INFO]: Adding Villager trade for Profession: 'butcher' and Level: '4'
[03:33:32.584][INFO]: Removing Villager trade for Profession: 'butcher' and Level: '5'
[03:33:32.584][INFO]: Adding Villager trade for Profession: 'butcher' and Level: '5'
[03:33:32.584][INFO]: Adding Villager trade for Profession: 'butcher' and Level: '5'
[03:33:32.584][INFO]: Removing Villager trade for Profession: 'cartographer' and Level: '1'
[03:33:32.584][INFO]: Adding Villager trade for Profession: 'cartographer' and Level: '1'
[03:33:32.584][INFO]: Adding Villager trade for Profession: 'cartographer' and Level: '1'
[03:33:32.584][INFO]: Removing Villager trade for Profession: 'cartographer' and Level: '2'
[03:33:32.584][INFO]: Adding Villager trade for Profession: 'cartographer' and Level: '2'
[03:33:32.584][INFO]: Adding Villager trade for Profession: 'cartographer' and Level: '2'
[03:33:32.584][INFO]: Removing Villager trade for Profession: 'cartographer' and Level: '3'
[03:33:32.584][INFO]: Adding Villager trade for Profession: 'cartographer' and Level: '3'
[03:33:32.584][INFO]: Adding Villager trade for Profession: 'cartographer' and Level: '3'
[03:33:32.584][INFO]: Adding Villager trade for Profession: 'cartographer' and Level: '4'
[03:33:32.584][INFO]: Adding Villager trade for Profession: 'cartographer' and Level: '4'
[03:33:32.584][INFO]: Adding Villager trade for Profession: 'cartographer' and Level: '4'
[03:33:32.584][INFO]: Adding Villager trade for Profession: 'cartographer' and Level: '5'
[03:33:32.584][INFO]: Adding Villager trade for Profession: 'cartographer' and Level: '5'
[03:33:32.584][INFO]: Removing Villager trade for Profession: 'cleric' and Level: '1'
[03:33:32.584][INFO]: Adding Villager trade for Profession: 'cleric' and Level: '1'
[03:33:32.585][INFO]: Adding Villager trade for Profession: 'cleric' and Level: '1'
[03:33:32.585][INFO]: Removing Villager trade for Profession: 'cleric' and Level: '2'
[03:33:32.585][INFO]: Adding Villager trade for Profession: 'cleric' and Level: '2'
[03:33:32.585][INFO]: Adding Villager trade for Profession: 'cleric' and Level: '2'
[03:33:32.585][INFO]: Adding Villager trade for Profession: 'cleric' and Level: '2'
[03:33:32.585][INFO]: Removing Villager trade for Profession: 'cleric' and Level: '3'
[03:33:32.585][INFO]: Adding Villager trade for Profession: 'cleric' and Level: '3'
[03:33:32.585][INFO]: Adding Villager trade for Profession: 'cleric' and Level: '3'
[03:33:32.585][INFO]: Removing Villager trade for Profession: 'cleric' and Level: '4'
[03:33:32.585][INFO]: Adding Villager trade for Profession: 'cleric' and Level: '3'
[03:33:32.585][INFO]: Removing Villager trade for Profession: 'cleric' and Level: '5'
[03:33:32.585][INFO]: Adding Villager trade for Profession: 'cleric' and Level: '5'
[03:33:32.585][INFO]: Adding Villager trade for Profession: 'cleric' and Level: '5'
[03:33:32.585][INFO]: Removing Villager trade for Profession: 'farmer' and Level: '1'
[03:33:32.585][INFO]: Adding Villager trade for Profession: 'farmer' and Level: '1'
[03:33:32.585][INFO]: Adding Villager trade for Profession: 'farmer' and Level: '1'
[03:33:32.585][INFO]: Adding Villager trade for Profession: 'farmer' and Level: '1'
[03:33:32.585][INFO]: Adding Villager trade for Profession: 'farmer' and Level: '1'
[03:33:32.585][INFO]: Removing Villager trade for Profession: 'farmer' and Level: '2'
[03:33:32.585][INFO]: Adding Villager trade for Profession: 'farmer' and Level: '2'
[03:33:32.585][INFO]: Adding Villager trade for Profession: 'farmer' and Level: '2'
[03:33:32.585][INFO]: Adding Villager trade for Profession: 'farmer' and Level: '2'
[03:33:32.585][INFO]: Adding Villager trade for Profession: 'farmer' and Level: '2'
[03:33:32.585][INFO]: Adding Villager trade for Profession: 'farmer' and Level: '2'
[03:33:32.585][INFO]: Removing Villager trade for Profession: 'farmer' and Level: '3'
[03:33:32.585][INFO]: Adding Villager trade for Profession: 'farmer' and Level: '3'
[03:33:32.585][INFO]: Adding Villager trade for Profession: 'farmer' and Level: '3'
[03:33:32.585][INFO]: Adding Villager trade for Profession: 'farmer' and Level: '3'
[03:33:32.586][INFO]: Adding Villager trade for Profession: 'farmer' and Level: '3'
[03:33:32.586][INFO]: Removing Villager trade for Profession: 'farmer' and Level: '4'
[03:33:32.586][INFO]: Adding Villager trade for Profession: 'farmer' and Level: '4'
[03:33:32.586][INFO]: Adding Villager trade for Profession: 'farmer' and Level: '4'
[03:33:32.586][INFO]: Adding Villager trade for Profession: 'farmer' and Level: '4'
[03:33:32.586][INFO]: Removing Villager trade for Profession: 'farmer' and Level: '5'
[03:33:32.586][INFO]: Adding Villager trade for Profession: 'farmer' and Level: '5'
[03:33:32.586][INFO]: Adding Villager trade for Profession: 'farmer' and Level: '5'
[03:33:32.586][INFO]: Removing Villager trade for Profession: 'fisherman' and Level: '1'
[03:33:32.586][INFO]: Adding Villager trade for Profession: 'fisherman' and Level: '1'
[03:33:32.586][INFO]: Adding Villager trade for Profession: 'fisherman' and Level: '1'
[03:33:32.586][INFO]: Removing Villager trade for Profession: 'fisherman' and Level: '2'
[03:33:32.586][INFO]: Adding Villager trade for Profession: 'fisherman' and Level: '2'
[03:33:32.586][INFO]: Adding Villager trade for Profession: 'fisherman' and Level: '2'
[03:33:32.586][INFO]: Removing Villager trade for Profession: 'fisherman' and Level: '3'
[03:33:32.586][INFO]: Adding Villager trade for Profession: 'fisherman' and Level: '3'
[03:33:32.586][INFO]: Adding Villager trade for Profession: 'fisherman' and Level: '3'
[03:33:32.586][INFO]: Removing Villager trade for Profession: 'fisherman' and Level: '4'
[03:33:32.586][INFO]: Adding Villager trade for Profession: 'fisherman' and Level: '4'
[03:33:32.586][INFO]: Adding Villager trade for Profession: 'fisherman' and Level: '4'
[03:33:32.586][INFO]: Adding Villager trade for Profession: 'fisherman' and Level: '4'
[03:33:32.586][INFO]: Removing Villager trade for Profession: 'fisherman' and Level: '5'
[03:33:32.586][INFO]: Adding Villager trade for Profession: 'fisherman' and Level: '5'
[03:33:32.586][INFO]: Adding Villager trade for Profession: 'fisherman' and Level: '5'
[03:33:32.586][INFO]: Removing Villager trade for Profession: 'fletcher' and Level: '1'
[03:33:32.586][INFO]: Adding Villager trade for Profession: 'fletcher' and Level: '1'
[03:33:32.586][INFO]: Adding Villager trade for Profession: 'fletcher' and Level: '1'
[03:33:32.587][INFO]: Adding Villager trade for Profession: 'fletcher' and Level: '1'
[03:33:32.587][INFO]: Removing Villager trade for Profession: 'fletcher' and Level: '2'
[03:33:32.587][INFO]: Adding Villager trade for Profession: 'fletcher' and Level: '2'
[03:33:32.587][INFO]: Adding Villager trade for Profession: 'fletcher' and Level: '2'
[03:33:32.587][INFO]: Removing Villager trade for Profession: 'fletcher' and Level: '3'
[03:33:32.587][INFO]: Adding Villager trade for Profession: 'fletcher' and Level: '3'
[03:33:32.587][INFO]: Adding Villager trade for Profession: 'fletcher' and Level: '3'
[03:33:32.587][INFO]: Removing Villager trade for Profession: 'fletcher' and Level: '4'
[03:33:32.587][INFO]: Adding Villager trade for Profession: 'fletcher' and Level: '4'
[03:33:32.587][INFO]: Adding Villager trade for Profession: 'fletcher' and Level: '4'
[03:33:32.587][INFO]: Removing Villager trade for Profession: 'fletcher' and Level: '5'
[03:33:32.587][INFO]: Adding Villager trade for Profession: 'fletcher' and Level: '5'
[03:33:32.587][INFO]: Removing Villager trade for Profession: 'leatherworker' and Level: '1'
[03:33:32.587][INFO]: Adding Villager trade for Profession: 'leatherworker' and Level: '1'
[03:33:32.587][INFO]: Adding Villager trade for Profession: 'leatherworker' and Level: '1'
[03:33:32.587][INFO]: Adding Villager trade for Profession: 'leatherworker' and Level: '1'
[03:33:32.587][INFO]: Adding Villager trade for Profession: 'leatherworker' and Level: '1'
[03:33:32.587][INFO]: Adding Villager trade for Profession: 'leatherworker' and Level: '1'
[03:33:32.587][INFO]: Removing Villager trade for Profession: 'leatherworker' and Level: '2'
[03:33:32.587][INFO]: Adding Villager trade for Profession: 'leatherworker' and Level: '2'
[03:33:32.587][INFO]: Adding Villager trade for Profession: 'leatherworker' and Level: '2'
[03:33:32.587][INFO]: Removing Villager trade for Profession: 'leatherworker' and Level: '3'
[03:33:32.587][INFO]: Adding Villager trade for Profession: 'leatherworker' and Level: '3'
[03:33:32.587][INFO]: Adding Villager trade for Profession: 'leatherworker' and Level: '3'
[03:33:32.587][INFO]: Removing Villager trade for Profession: 'leatherworker' and Level: '4'
[03:33:32.587][INFO]: Adding Villager trade for Profession: 'leatherworker' and Level: '4'
[03:33:32.587][INFO]: Adding Villager trade for Profession: 'leatherworker' and Level: '4'
[03:33:32.588][INFO]: Removing Villager trade for Profession: 'leatherworker' and Level: '5'
[03:33:32.588][INFO]: Adding Villager trade for Profession: 'leatherworker' and Level: '5'
[03:33:32.588][INFO]: Adding Villager trade for Profession: 'leatherworker' and Level: '5'
[03:33:32.588][INFO]: Removing Villager trade for Profession: 'librarian' and Level: '1'
[03:33:32.589][INFO]: Adding Villager trade for Profession: 'librarian' and Level: '1'
[03:33:32.589][INFO]: Adding Villager trade for Profession: 'librarian' and Level: '1'
[03:33:32.589][INFO]: Adding Villager trade for Profession: 'librarian' and Level: '1'
[03:33:32.589][INFO]: Adding Villager trade for Profession: 'librarian' and Level: '1'
[03:33:32.589][INFO]: Adding Villager trade for Profession: 'librarian' and Level: '1'
[03:33:32.589][INFO]: Adding Villager trade for Profession: 'librarian' and Level: '1'
[03:33:32.589][INFO]: Adding Villager trade for Profession: 'librarian' and Level: '1'
[03:33:32.589][INFO]: Adding Villager trade for Profession: 'librarian' and Level: '1'
[03:33:32.589][INFO]: Adding Villager trade for Profession: 'librarian' and Level: '1'
[03:33:32.589][INFO]: Adding Villager trade for Profession: 'librarian' and Level: '1'
[03:33:32.589][INFO]: Adding Villager trade for Profession: 'librarian' and Level: '1'
[03:33:32.589][INFO]: Adding Villager trade for Profession: 'librarian' and Level: '1'
[03:33:32.589][INFO]: Adding Villager trade for Profession: 'librarian' and Level: '1'
[03:33:32.589][INFO]: Adding Villager trade for Profession: 'librarian' and Level: '1'
[03:33:32.590][INFO]: Adding Villager trade for Profession: 'librarian' and Level: '1'
[03:33:32.590][INFO]: Adding Villager trade for Profession: 'librarian' and Level: '1'
[03:33:32.590][INFO]: Adding Villager trade for Profession: 'librarian' and Level: '1'
[03:33:32.590][INFO]: Adding Villager trade for Profession: 'librarian' and Level: '1'
[03:33:32.590][INFO]: Adding Villager trade for Profession: 'librarian' and Level: '1'
[03:33:32.590][INFO]: Adding Villager trade for Profession: 'librarian' and Level: '1'
[03:33:32.590][INFO]: Adding Villager trade for Profession: 'librarian' and Level: '1'
[03:33:32.590][INFO]: Adding Villager trade for Profession: 'librarian' and Level: '1'
[03:33:32.590][INFO]: Adding Villager trade for Profession: 'librarian' and Level: '1'
[03:33:32.590][INFO]: Adding Villager trade for Profession: 'librarian' and Level: '1'
[03:33:32.590][INFO]: Adding Villager trade for Profession: 'librarian' and Level: '1'
[03:33:32.590][INFO]: Adding Villager trade for Profession: 'librarian' and Level: '1'
[03:33:32.590][INFO]: Adding Villager trade for Profession: 'librarian' and Level: '1'
[03:33:32.590][INFO]: Adding Villager trade for Profession: 'librarian' and Level: '1'
[03:33:32.590][INFO]: Adding Villager trade for Profession: 'librarian' and Level: '1'
[03:33:32.590][INFO]: Adding Villager trade for Profession: 'librarian' and Level: '1'
[03:33:32.590][INFO]: Adding Villager trade for Profession: 'librarian' and Level: '1'
[03:33:32.590][INFO]: Adding Villager trade for Profession: 'librarian' and Level: '1'
[03:33:32.590][INFO]: Adding Villager trade for Profession: 'librarian' and Level: '1'
[03:33:32.591][INFO]: Adding Villager trade for Profession: 'librarian' and Level: '1'
[03:33:32.591][INFO]: Adding Villager trade for Profession: 'librarian' and Level: '1'
[03:33:32.591][INFO]: Adding Villager trade for Profession: 'librarian' and Level: '1'
[03:33:32.591][INFO]: Adding Villager trade for Profession: 'librarian' and Level: '1'
[03:33:32.591][INFO]: Adding Villager trade for Profession: 'librarian' and Level: '1'
[03:33:32.591][INFO]: Adding Villager trade for Profession: 'librarian' and Level: '1'
[03:33:32.591][INFO]: Adding Villager trade for Profession: 'librarian' and Level: '1'
[03:33:32.591][INFO]: Adding Villager trade for Profession: 'librarian' and Level: '1'
[03:33:32.591][INFO]: Adding Villager trade for Profession: 'librarian' and Level: '1'
[03:33:32.591][INFO]: Removing Villager trade for Profession: 'librarian' and Level: '2'
[03:33:32.591][INFO]: Adding Villager trade for Profession: 'librarian' and Level: '2'
[03:33:32.591][INFO]: Adding Villager trade for Profession: 'librarian' and Level: '2'
[03:33:32.591][INFO]: Adding Villager trade for Profession: 'librarian' and Level: '2'
[03:33:32.591][INFO]: Adding Villager trade for Profession: 'librarian' and Level: '2'
[03:33:32.591][INFO]: Adding Villager trade for Profession: 'librarian' and Level: '2'
[03:33:32.591][INFO]: Adding Villager trade for Profession: 'librarian' and Level: '2'
[03:33:32.591][INFO]: Adding Villager trade for Profession: 'librarian' and Level: '2'
[03:33:32.591][INFO]: Adding Villager trade for Profession: 'librarian' and Level: '2'
[03:33:32.591][INFO]: Adding Villager trade for Profession: 'librarian' and Level: '2'
[03:33:32.591][INFO]: Adding Villager trade for Profession: 'librarian' and Level: '2'
[03:33:32.592][INFO]: Adding Villager trade for Profession: 'librarian' and Level: '2'
[03:33:32.592][INFO]: Adding Villager trade for Profession: 'librarian' and Level: '2'
[03:33:32.592][INFO]: Adding Villager trade for Profession: 'librarian' and Level: '2'
[03:33:32.592][INFO]: Adding Villager trade for Profession: 'librarian' and Level: '2'
[03:33:32.592][INFO]: Adding Villager trade for Profession: 'librarian' and Level: '2'
[03:33:32.592][INFO]: Adding Villager trade for Profession: 'librarian' and Level: '2'
[03:33:32.592][INFO]: Adding Villager trade for Profession: 'librarian' and Level: '2'
[03:33:32.592][INFO]: Adding Villager trade for Profession: 'librarian' and Level: '2'
[03:33:32.592][INFO]: Adding Villager trade for Profession: 'librarian' and Level: '2'
[03:33:32.592][INFO]: Adding Villager trade for Profession: 'librarian' and Level: '2'
[03:33:32.592][INFO]: Adding Villager trade for Profession: 'librarian' and Level: '2'
[03:33:32.592][INFO]: Adding Villager trade for Profession: 'librarian' and Level: '2'
[03:33:32.592][INFO]: Adding Villager trade for Profession: 'librarian' and Level: '2'
[03:33:32.592][INFO]: Adding Villager trade for Profession: 'librarian' and Level: '2'
[03:33:32.592][INFO]: Adding Villager trade for Profession: 'librarian' and Level: '2'
[03:33:32.592][INFO]: Adding Villager trade for Profession: 'librarian' and Level: '2'
[03:33:32.592][INFO]: Adding Villager trade for Profession: 'librarian' and Level: '2'
[03:33:32.592][INFO]: Adding Villager trade for Profession: 'librarian' and Level: '2'
[03:33:32.592][INFO]: Adding Villager trade for Profession: 'librarian' and Level: '2'
[03:33:32.593][INFO]: Adding Villager trade for Profession: 'librarian' and Level: '2'
[03:33:32.593][INFO]: Adding Villager trade for Profession: 'librarian' and Level: '2'
[03:33:32.593][INFO]: Adding Villager trade for Profession: 'librarian' and Level: '2'
[03:33:32.593][INFO]: Adding Villager trade for Profession: 'librarian' and Level: '2'
[03:33:32.593][INFO]: Adding Villager trade for Profession: 'librarian' and Level: '2'
[03:33:32.593][INFO]: Adding Villager trade for Profession: 'librarian' and Level: '2'
[03:33:32.593][INFO]: Removing Villager trade for Profession: 'librarian' and Level: '3'
[03:33:32.593][INFO]: Adding Villager trade for Profession: 'librarian' and Level: '3'
[03:33:32.593][INFO]: Adding Villager trade for Profession: 'librarian' and Level: '3'
[03:33:32.593][INFO]: Adding Villager trade for Profession: 'librarian' and Level: '3'
[03:33:32.593][INFO]: Adding Villager trade for Profession: 'librarian' and Level: '3'
[03:33:32.593][INFO]: Adding Villager trade for Profession: 'librarian' and Level: '3'
[03:33:32.593][INFO]: Adding Villager trade for Profession: 'librarian' and Level: '3'
[03:33:32.593][INFO]: Adding Villager trade for Profession: 'librarian' and Level: '3'
[03:33:32.593][INFO]: Adding Villager trade for Profession: 'librarian' and Level: '3'
[03:33:32.593][INFO]: Adding Villager trade for Profession: 'librarian' and Level: '3'
[03:33:32.593][INFO]: Adding Villager trade for Profession: 'librarian' and Level: '3'
[03:33:32.593][INFO]: Adding Villager trade for Profession: 'librarian' and Level: '3'
[03:33:32.593][INFO]: Adding Villager trade for Profession: 'librarian' and Level: '3'
[03:33:32.593][INFO]: Adding Villager trade for Profession: 'librarian' and Level: '3'
[03:33:32.593][INFO]: Adding Villager trade for Profession: 'librarian' and Level: '3'
[03:33:32.593][INFO]: Adding Villager trade for Profession: 'librarian' and Level: '3'
[03:33:32.594][INFO]: Adding Villager trade for Profession: 'librarian' and Level: '3'
[03:33:32.594][INFO]: Adding Villager trade for Profession: 'librarian' and Level: '3'
[03:33:32.594][INFO]: Adding Villager trade for Profession: 'librarian' and Level: '3'
[03:33:32.594][INFO]: Adding Villager trade for Profession: 'librarian' and Level: '3'
[03:33:32.594][INFO]: Adding Villager trade for Profession: 'librarian' and Level: '3'
[03:33:32.594][INFO]: Adding Villager trade for Profession: 'librarian' and Level: '3'
[03:33:32.594][INFO]: Adding Villager trade for Profession: 'librarian' and Level: '3'
[03:33:32.594][INFO]: Adding Villager trade for Profession: 'librarian' and Level: '3'
[03:33:32.594][INFO]: Adding Villager trade for Profession: 'librarian' and Level: '3'
[03:33:32.594][INFO]: Adding Villager trade for Profession: 'librarian' and Level: '3'
[03:33:32.594][INFO]: Adding Villager trade for Profession: 'librarian' and Level: '3'
[03:33:32.594][INFO]: Adding Villager trade for Profession: 'librarian' and Level: '3'
[03:33:32.594][INFO]: Adding Villager trade for Profession: 'librarian' and Level: '3'
[03:33:32.594][INFO]: Adding Villager trade for Profession: 'librarian' and Level: '3'
[03:33:32.594][INFO]: Removing Villager trade for Profession: 'librarian' and Level: '4'
[03:33:32.594][INFO]: Adding Villager trade for Profession: 'librarian' and Level: '4'
[03:33:32.594][INFO]: Adding Villager trade for Profession: 'librarian' and Level: '4'
[03:33:32.594][INFO]: Adding Villager trade for Profession: 'librarian' and Level: '4'
[03:33:32.594][INFO]: Adding Villager trade for Profession: 'librarian' and Level: '4'
[03:33:32.594][INFO]: Adding Villager trade for Profession: 'librarian' and Level: '4'
[03:33:32.594][INFO]: Adding Villager trade for Profession: 'librarian' and Level: '4'
[03:33:32.594][INFO]: Adding Villager trade for Profession: 'librarian' and Level: '4'
[03:33:32.595][INFO]: Adding Villager trade for Profession: 'librarian' and Level: '4'
[03:33:32.595][INFO]: Adding Villager trade for Profession: 'librarian' and Level: '4'
[03:33:32.595][INFO]: Adding Villager trade for Profession: 'librarian' and Level: '4'
[03:33:32.595][INFO]: Adding Villager trade for Profession: 'librarian' and Level: '4'
[03:33:32.595][INFO]: Adding Villager trade for Profession: 'librarian' and Level: '4'
[03:33:32.595][INFO]: Adding Villager trade for Profession: 'librarian' and Level: '4'
[03:33:32.595][INFO]: Removing Villager trade for Profession: 'librarian' and Level: '5'
[03:33:32.595][INFO]: Adding Villager trade for Profession: 'librarian' and Level: '5'
[03:33:32.595][INFO]: Adding Villager trade for Profession: 'librarian' and Level: '5'
[03:33:32.595][INFO]: Adding Villager trade for Profession: 'librarian' and Level: '5'
[03:33:32.595][INFO]: Adding Villager trade for Profession: 'librarian' and Level: '5'
[03:33:32.595][INFO]: Removing Villager trade for Profession: 'mason' and Level: '1'
[03:33:32.595][INFO]: Adding Villager trade for Profession: 'mason' and Level: '1'
[03:33:32.595][INFO]: Adding Villager trade for Profession: 'mason' and Level: '1'
[03:33:32.595][INFO]: Removing Villager trade for Profession: 'mason' and Level: '2'
[03:33:32.595][INFO]: Adding Villager trade for Profession: 'mason' and Level: '2'
[03:33:32.595][INFO]: Adding Villager trade for Profession: 'mason' and Level: '2'
[03:33:32.595][INFO]: Adding Villager trade for Profession: 'mason' and Level: '2'
[03:33:32.595][INFO]: Removing Villager trade for Profession: 'mason' and Level: '3'
[03:33:32.595][INFO]: Adding Villager trade for Profession: 'mason' and Level: '3'
[03:33:32.595][INFO]: Adding Villager trade for Profession: 'mason' and Level: '3'
[03:33:32.595][INFO]: Removing Villager trade for Profession: 'mason' and Level: '4'
[03:33:32.595][INFO]: Adding Villager trade for Profession: 'mason' and Level: '4'
[03:33:32.595][INFO]: Adding Villager trade for Profession: 'mason' and Level: '4'
[03:33:32.595][INFO]: Adding Villager trade for Profession: 'mason' and Level: '4'
[03:33:32.595][INFO]: Adding Villager trade for Profession: 'mason' and Level: '4'
[03:33:32.595][INFO]: Adding Villager trade for Profession: 'mason' and Level: '4'
[03:33:32.595][INFO]: Removing Villager trade for Profession: 'mason' and Level: '5'
[03:33:32.595][INFO]: Adding Villager trade for Profession: 'mason' and Level: '5'
[03:33:32.595][INFO]: Adding Villager trade for Profession: 'mason' and Level: '5'
[03:33:32.595][INFO]: Adding Villager trade for Profession: 'mason' and Level: '5'
[03:33:32.595][INFO]: Removing Villager trade for Profession: 'shepherd' and Level: '1'
[03:33:32.595][INFO]: Adding Villager trade for Profession: 'shepherd' and Level: '1'
[03:33:32.595][INFO]: Adding Villager trade for Profession: 'shepherd' and Level: '1'
[03:33:32.595][INFO]: Adding Villager trade for Profession: 'shepherd' and Level: '1'
[03:33:32.596][INFO]: Adding Villager trade for Profession: 'shepherd' and Level: '1'
[03:33:32.596][INFO]: Removing Villager trade for Profession: 'shepherd' and Level: '2'
[03:33:32.596][INFO]: Adding Villager trade for Profession: 'shepherd' and Level: '2'
[03:33:32.596][INFO]: Adding Villager trade for Profession: 'shepherd' and Level: '2'
[03:33:32.596][INFO]: Adding Villager trade for Profession: 'shepherd' and Level: '2'
[03:33:32.596][INFO]: Adding Villager trade for Profession: 'shepherd' and Level: '2'
[03:33:32.596][INFO]: Removing Villager trade for Profession: 'shepherd' and Level: '3'
[03:33:32.596][INFO]: Adding Villager trade for Profession: 'shepherd' and Level: '3'
[03:33:32.596][INFO]: Adding Villager trade for Profession: 'shepherd' and Level: '3'
[03:33:32.596][INFO]: Removing Villager trade for Profession: 'shepherd' and Level: '4'
[03:33:32.596][INFO]: Adding Villager trade for Profession: 'shepherd' and Level: '4'
[03:33:32.596][INFO]: Adding Villager trade for Profession: 'shepherd' and Level: '4'
[03:33:32.596][INFO]: Adding Villager trade for Profession: 'shepherd' and Level: '4'
[03:33:32.596][INFO]: Adding Villager trade for Profession: 'shepherd' and Level: '4'
[03:33:32.596][INFO]: Adding Villager trade for Profession: 'shepherd' and Level: '4'
[03:33:32.596][INFO]: Adding Villager trade for Profession: 'shepherd' and Level: '4'
[03:33:32.596][INFO]: Adding Villager trade for Profession: 'shepherd' and Level: '4'
[03:33:32.596][INFO]: Adding Villager trade for Profession: 'shepherd' and Level: '4'
[03:33:32.596][INFO]: Removing Villager trade for Profession: 'shepherd' and Level: '5'
[03:33:32.596][INFO]: Adding Villager trade for Profession: 'shepherd' and Level: '5'
[03:33:32.596][INFO]: Adding Villager trade for Profession: 'shepherd' and Level: '5'
[03:33:32.596][INFO]: Adding Villager trade for Profession: 'shepherd' and Level: '5'
[03:33:32.596][INFO]: Adding Villager trade for Profession: 'shepherd' and Level: '5'
[03:33:32.596][INFO]: Adding Villager trade for Profession: 'shepherd' and Level: '5'
[03:33:32.596][INFO]: Adding Villager trade for Profession: 'shepherd' and Level: '5'
[03:33:32.596][INFO]: Adding Villager trade for Profession: 'shepherd' and Level: '5'
[03:33:32.597][INFO]: Adding Villager trade for Profession: 'shepherd' and Level: '5'
[03:33:32.597][INFO]: Adding Villager trade for Profession: 'shepherd' and Level: '5'
[03:33:32.597][INFO]: Adding Villager trade for Profession: 'shepherd' and Level: '5'
[03:33:32.597][INFO]: Removing Villager trade for Profession: 'toolsmith' and Level: '1'
[03:33:32.597][INFO]: Adding Villager trade for Profession: 'toolsmith' and Level: '1'
[03:33:32.597][INFO]: Adding Villager trade for Profession: 'toolsmith' and Level: '1'
[03:33:32.597][INFO]: Removing Villager trade for Profession: 'toolsmith' and Level: '2'
[03:33:32.597][INFO]: Adding Villager trade for Profession: 'toolsmith' and Level: '2'
[03:33:32.597][INFO]: Adding Villager trade for Profession: 'toolsmith' and Level: '2'
[03:33:32.597][INFO]: Removing Villager trade for Profession: 'toolsmith' and Level: '3'
[03:33:32.597][INFO]: Adding Villager trade for Profession: 'toolsmith' and Level: '3'
[03:33:32.597][INFO]: Adding Villager trade for Profession: 'toolsmith' and Level: '3'
[03:33:32.597][INFO]: Removing Villager trade for Profession: 'toolsmith' and Level: '4'
[03:33:32.597][INFO]: Adding Villager trade for Profession: 'toolsmith' and Level: '4'
[03:33:32.597][INFO]: Adding Villager trade for Profession: 'toolsmith' and Level: '4'
[03:33:32.597][INFO]: Removing Villager trade for Profession: 'toolsmith' and Level: '5'
[03:33:32.597][INFO]: Adding Villager trade for Profession: 'toolsmith' and Level: '5'
[03:33:32.597][INFO]: Removing Villager trade for Profession: 'weaponsmith' and Level: '1'
[03:33:32.597][INFO]: Adding Villager trade for Profession: 'weaponsmith' and Level: '1'
[03:33:32.597][INFO]: Adding Villager trade for Profession: 'weaponsmith' and Level: '1'
[03:33:32.598][INFO]: Adding Villager trade for Profession: 'weaponsmith' and Level: '1'
[03:33:32.598][INFO]: Removing Villager trade for Profession: 'weaponsmith' and Level: '2'
[03:33:32.598][INFO]: Adding Villager trade for Profession: 'weaponsmith' and Level: '2'
[03:33:32.598][INFO]: Adding Villager trade for Profession: 'weaponsmith' and Level: '1'
[03:33:32.598][INFO]: Adding Villager trade for Profession: 'weaponsmith' and Level: '1'
[03:33:32.598][INFO]: Removing Villager trade for Profession: 'weaponsmith' and Level: '3'
[03:33:32.598][INFO]: Adding Villager trade for Profession: 'weaponsmith' and Level: '3'
[03:33:32.598][INFO]: Adding Villager trade for Profession: 'weaponsmith' and Level: '3'
[03:33:32.598][INFO]: Adding Villager trade for Profession: 'weaponsmith' and Level: '3'
[03:33:32.598][INFO]: Removing Villager trade for Profession: 'weaponsmith' and Level: '4'
[03:33:32.598][INFO]: Adding Villager trade for Profession: 'weaponsmith' and Level: '4'
[03:33:32.598][INFO]: Adding Villager trade for Profession: 'weaponsmith' and Level: '4'
[03:33:32.598][INFO]: Adding Villager trade for Profession: 'weaponsmith' and Level: '4'
[03:33:32.598][INFO]: Removing Villager trade for Profession: 'weaponsmith' and Level: '5'
[03:33:32.598][INFO]: Adding Villager trade for Profession: 'weaponsmith' and Level: '5'
[03:33:32.598][INFO]: Adding Villager trade for Profession: 'weaponsmith' and Level: '5'
[03:33:32.598][INFO]: Adding Villager trade for Profession: 'weaponsmith' and Level: '5'
[03:33:32.598][INFO]: Adding Villager trade for Profession: 'weaponsmith' and Level: '5'
[03:33:32.598][INFO]: Adding Villager trade for Profession: 'weaponsmith' and Level: '5'
[03:33:32.604][INFO]: Registering event listener for AnvilUpdateEvent.
[03:33:32.604][INFO]: Registering event listener for AnvilUpdateEvent.
[03:33:32.604][INFO]: Registering event listener for AnvilUpdateEvent.
[03:33:32.604][INFO]: Registering event listener for AnvilUpdateEvent.
[03:33:32.604][INFO]: Registering event listener for AnvilUpdateEvent.
[03:33:32.604][INFO]: Registering event listener for AnvilUpdateEvent.
[03:33:32.604][INFO]: Registering event listener for AnvilUpdateEvent.
[03:33:32.604][INFO]: Registering event listener for AnvilUpdateEvent.
[03:33:32.604][INFO]: Registering event listener for AnvilUpdateEvent.
[03:33:32.604][INFO]: Registering event listener for AnvilUpdateEvent.
[03:33:32.604][INFO]: Registering event listener for AnvilUpdateEvent.
[03:33:32.604][INFO]: Registering event listener for AnvilUpdateEvent.
[03:33:32.604][INFO]: Registering event listener for AnvilUpdateEvent.
[03:33:32.604][INFO]: Registering event listener for AnvilUpdateEvent.
[03:33:32.604][INFO]: Registering event listener for AnvilUpdateEvent.
[03:33:32.604][INFO]: Registering event listener for AnvilUpdateEvent.
[03:33:32.604][INFO]: Registering event listener for AnvilUpdateEvent.
[03:33:32.604][INFO]: Registering event listener for AnvilUpdateEvent.
[03:33:32.604][INFO]: Registering event listener for AnvilUpdateEvent.
[03:33:32.604][INFO]: Registering event listener for AnvilUpdateEvent.
[03:33:32.604][INFO]: Registering event listener for AnvilUpdateEvent.
[03:33:32.604][INFO]: Registering event listener for AnvilUpdateEvent.
[03:33:32.604][INFO]: Registering event listener for AnvilUpdateEvent.
[03:33:32.604][INFO]: Registering event listener for AnvilUpdateEvent.
[03:33:32.604][INFO]: Registering event listener for AnvilUpdateEvent.
[03:33:32.604][INFO]: Registering event listener for AnvilUpdateEvent.
[03:33:32.604][INFO]: Registering event listener for AnvilUpdateEvent.
[03:33:32.604][INFO]: Registering event listener for AnvilUpdateEvent.
[03:33:32.604][INFO]: Registering event listener for AnvilUpdateEvent.
[03:33:32.605][INFO]: Registering event listener for AnvilUpdateEvent.
[03:33:32.605][INFO]: Registering event listener for AnvilUpdateEvent.
[03:33:32.605][INFO]: Registering event listener for AnvilUpdateEvent.
[03:33:32.605][INFO]: Registering event listener for AnvilUpdateEvent.
[03:33:32.605][INFO]: Registering event listener for AnvilUpdateEvent.
[03:33:32.605][INFO]: Registering event listener for AnvilUpdateEvent.
[03:33:32.605][INFO]: Registering event listener for AnvilUpdateEvent.
[03:33:32.605][INFO]: Registering event listener for AnvilUpdateEvent.
[03:33:32.605][INFO]: Registering event listener for AnvilUpdateEvent.
[03:33:32.605][INFO]: Registering event listener for AnvilUpdateEvent.
[03:33:32.605][INFO]: Registering event listener for AnvilUpdateEvent.
[03:33:32.605][INFO]: Registering event listener for AnvilUpdateEvent.
[03:33:32.605][INFO]: Registering event listener for AnvilUpdateEvent.
[03:33:32.605][INFO]: Registering event listener for AnvilUpdateEvent.
[03:33:32.605][INFO]: Registering event listener for AnvilUpdateEvent.
[03:33:32.605][INFO]: Registering event listener for AnvilUpdateEvent.
[03:33:32.605][INFO]: Registering event listener for AnvilUpdateEvent.
[03:33:32.605][INFO]: Registering event listener for AnvilUpdateEvent.
[03:33:32.605][INFO]: Registering event listener for AnvilUpdateEvent.
[03:33:32.605][INFO]: Registering event listener for AnvilUpdateEvent.
[03:33:32.605][INFO]: Registering event listener for AnvilUpdateEvent.
[03:33:32.605][INFO]: Registering event listener for AnvilUpdateEvent.
[03:33:32.605][INFO]: Registering event listener for AnvilUpdateEvent.
[03:33:32.605][INFO]: Registering event listener for AnvilUpdateEvent.
[03:33:32.605][INFO]: Registering event listener for AnvilUpdateEvent.
[03:33:32.605][INFO]: Registering event listener for AnvilUpdateEvent.
[03:33:32.605][INFO]: Registering event listener for AnvilUpdateEvent.
[03:33:32.605][INFO]: Registering event listener for AnvilUpdateEvent.
[03:33:32.605][INFO]: Registering event listener for AnvilUpdateEvent.
[03:33:32.605][INFO]: Registering event listener for AnvilUpdateEvent.
[03:33:32.605][INFO]: Registering event listener for AnvilUpdateEvent.
[03:33:32.605][INFO]: Registering event listener for AnvilUpdateEvent.
[03:33:32.605][INFO]: Registering event listener for AnvilUpdateEvent.
[03:33:32.605][INFO]: Registering event listener for AnvilUpdateEvent.
[03:33:32.605][INFO]: Registering event listener for AnvilUpdateEvent.
[03:33:32.605][INFO]: Registering event listener for AnvilUpdateEvent.
[03:33:32.605][INFO]: Registering event listener for AnvilUpdateEvent.
[03:33:32.606][INFO]: Registering event listener for AnvilUpdateEvent.
[03:33:32.606][INFO]: Registering event listener for AnvilUpdateEvent.
[03:33:32.606][INFO]: Registering event listener for AnvilUpdateEvent.
[03:33:32.606][INFO]: Registering event listener for AnvilUpdateEvent.
[03:33:32.606][INFO]: Registering event listener for AnvilUpdateEvent.
[03:33:32.606][INFO]: Registering event listener for AnvilUpdateEvent.
[03:33:32.606][INFO]: Registering event listener for AnvilUpdateEvent.
[03:33:32.606][INFO]: Registering event listener for AnvilUpdateEvent.
[03:33:32.606][INFO]: Registering event listener for AnvilUpdateEvent.
[03:33:32.606][INFO]: Registering event listener for AnvilUpdateEvent.
[03:33:32.606][INFO]: Registering event listener for AnvilUpdateEvent.
[03:33:32.606][INFO]: Registering event listener for AnvilUpdateEvent.
[03:33:32.606][INFO]: Registering event listener for AnvilUpdateEvent.
[03:33:32.606][INFO]: Registering event listener for AnvilUpdateEvent.
[03:33:32.606][INFO]: Registering event listener for AnvilUpdateEvent.
[03:33:32.606][INFO]: Registering event listener for AnvilUpdateEvent.
[03:33:32.606][INFO]: Registering event listener for AnvilUpdateEvent.
[03:33:32.606][INFO]: Registering event listener for AnvilUpdateEvent.
[03:33:32.606][INFO]: Registering event listener for AnvilUpdateEvent.
[03:33:32.606][INFO]: Registering event listener for AnvilUpdateEvent.
[03:33:32.606][INFO]: Registering event listener for AnvilUpdateEvent.
[03:33:32.606][INFO]: Registering event listener for AnvilUpdateEvent.
[03:33:32.606][INFO]: Registering event listener for AnvilUpdateEvent.
[03:33:32.606][INFO]: Registering event listener for AnvilUpdateEvent.
[03:33:32.606][INFO]: Registering event listener for AnvilUpdateEvent.
[03:33:32.606][INFO]: Registering event listener for AnvilUpdateEvent.
[03:33:32.606][INFO]: Registering event listener for AnvilUpdateEvent.
[03:33:32.606][INFO]: Registering event listener for AnvilUpdateEvent.
[03:33:32.606][INFO]: Registering event listener for AnvilUpdateEvent.
[03:33:32.606][INFO]: Registering event listener for AnvilUpdateEvent.
[03:33:32.606][INFO]: Registering event listener for AnvilUpdateEvent.
[03:33:32.606][INFO]: Registering event listener for AnvilUpdateEvent.
[03:33:32.606][INFO]: Registering event listener for AnvilUpdateEvent.
[03:33:32.606][INFO]: Registering event listener for AnvilUpdateEvent.
[03:33:32.606][INFO]: Registering event listener for AnvilUpdateEvent.
[03:33:32.606][INFO]: Registering event listener for AnvilUpdateEvent.
[03:33:32.606][INFO]: Registering event listener for AnvilUpdateEvent.
[03:33:32.606][INFO]: Registering event listener for AnvilUpdateEvent.
[03:33:32.607][INFO]: Registering event listener for AnvilUpdateEvent.
[03:33:32.607][INFO]: Registering event listener for AnvilUpdateEvent.
[03:33:32.607][INFO]: Registering event listener for AnvilUpdateEvent.
[03:33:32.607][INFO]: Registering event listener for AnvilUpdateEvent.
[03:33:32.607][INFO]: Registering event listener for AnvilUpdateEvent.
[03:33:32.607][INFO]: Registering event listener for AnvilUpdateEvent.
[03:33:32.607][INFO]: Registering event listener for AnvilUpdateEvent.
[03:33:32.607][INFO]: Registering event listener for AnvilUpdateEvent.
[03:33:32.607][INFO]: Registering event listener for AnvilUpdateEvent.
[03:33:32.607][INFO]: Registering event listener for AnvilUpdateEvent.
[03:33:32.607][INFO]: Registering event listener for AnvilUpdateEvent.
[03:33:32.607][INFO]: Registering event listener for AnvilUpdateEvent.
[03:33:32.607][INFO]: Registering event listener for AnvilUpdateEvent.
[03:33:32.607][INFO]: Registering event listener for AnvilUpdateEvent.
[03:33:32.607][INFO]: Registering event listener for AnvilUpdateEvent.
[03:33:32.607][INFO]: Registering event listener for AnvilUpdateEvent.
[03:33:32.607][INFO]: Registering event listener for AnvilUpdateEvent.
[03:33:32.607][INFO]: Registering event listener for AnvilUpdateEvent.
[03:33:32.607][INFO]: Registering event listener for AnvilUpdateEvent.
[03:33:32.607][INFO]: Registering event listener for AnvilUpdateEvent.
[03:33:32.607][INFO]: Registering event listener for AnvilUpdateEvent.
[03:33:32.607][INFO]: Registering event listener for AnvilUpdateEvent.
[03:33:32.607][INFO]: Registering event listener for AnvilUpdateEvent.
[03:33:32.607][INFO]: Registering event listener for AnvilUpdateEvent.
[03:33:32.607][INFO]: Registering event listener for AnvilUpdateEvent.
[03:33:32.607][INFO]: Registering event listener for AnvilUpdateEvent.
[03:33:32.607][INFO]: Registering event listener for AnvilUpdateEvent.
[03:33:32.607][INFO]: Registering event listener for AnvilUpdateEvent.
[03:33:32.607][INFO]: Registering event listener for AnvilUpdateEvent.
[03:33:32.607][INFO]: Registering event listener for AnvilUpdateEvent.
[03:33:32.607][INFO]: Registering event listener for AnvilUpdateEvent.
[03:33:32.607][INFO]: Registering event listener for AnvilUpdateEvent.
[03:33:32.607][INFO]: Registering event listener for AnvilUpdateEvent.
[03:33:32.607][INFO]: Registering event listener for AnvilUpdateEvent.
[03:33:32.607][INFO]: Registering event listener for AnvilUpdateEvent.
[03:33:32.607][INFO]: Registering event listener for AnvilUpdateEvent.
[03:33:32.608][INFO]: Registering event listener for AnvilUpdateEvent.
[03:33:32.608][INFO]: Registering event listener for AnvilUpdateEvent.
[03:33:32.608][INFO]: Registering event listener for AnvilUpdateEvent.
[03:33:32.608][INFO]: Registering event listener for AnvilUpdateEvent.
[03:33:32.608][INFO]: Registering event listener for AnvilUpdateEvent.
[03:33:32.608][INFO]: Registering event listener for AnvilUpdateEvent.
[03:33:32.608][INFO]: Registering event listener for AnvilUpdateEvent.
[03:33:32.608][INFO]: Registering event listener for AnvilUpdateEvent.
[03:33:32.608][INFO]: Registering event listener for AnvilUpdateEvent.
[03:33:32.608][INFO]: Registering event listener for AnvilUpdateEvent.
[03:33:32.608][INFO]: Registering event listener for AnvilUpdateEvent.
[03:33:32.608][INFO]: Registering event listener for AnvilUpdateEvent.
[03:33:32.608][INFO]: Registering event listener for AnvilUpdateEvent.
[03:33:32.608][INFO]: Registering event listener for AnvilUpdateEvent.
[03:33:32.608][INFO]: Registering event listener for AnvilUpdateEvent.
[03:33:32.608][INFO]: Registering event listener for AnvilUpdateEvent.
[03:33:32.608][INFO]: Registering event listener for AnvilUpdateEvent.
[03:33:32.608][INFO]: Registering event listener for AnvilUpdateEvent.
[03:33:32.608][INFO]: Registering event listener for AnvilUpdateEvent.
[03:33:32.608][INFO]: Registering event listener for AnvilUpdateEvent.
[03:33:32.608][INFO]: Registering event listener for AnvilUpdateEvent.
[03:33:32.608][INFO]: Registering event listener for AnvilUpdateEvent.
[03:33:32.608][INFO]: Registering event listener for AnvilUpdateEvent.
[03:33:32.609][INFO]: Registering event listener for AnvilUpdateEvent.
[03:33:32.609][INFO]: Registering event listener for AnvilUpdateEvent.
[03:33:32.609][INFO]: Registering event listener for AnvilUpdateEvent.
[03:33:32.609][INFO]: Registering event listener for AnvilUpdateEvent.
[03:33:32.609][INFO]: Registering event listener for AnvilUpdateEvent.
[03:33:32.609][INFO]: Registering event listener for AnvilUpdateEvent.
[03:33:32.609][INFO]: Registering event listener for AnvilUpdateEvent.
[03:33:32.609][INFO]: Registering event listener for AnvilUpdateEvent.
[03:33:32.609][INFO]: Registering event listener for AnvilUpdateEvent.
[03:33:32.609][INFO]: Registering event listener for AnvilUpdateEvent.
[03:33:32.609][INFO]: Registering event listener for AnvilUpdateEvent.
[03:33:32.609][INFO]: Registering event listener for AnvilUpdateEvent.
[03:33:32.609][INFO]: Registering event listener for AnvilUpdateEvent.
[03:33:32.610][INFO]: Registering event listener for AnvilUpdateEvent.
[03:33:32.610][INFO]: Registering event listener for AnvilUpdateEvent.
[03:33:32.610][INFO]: Registering event listener for AnvilUpdateEvent.
[03:33:32.610][INFO]: Registering event listener for AnvilUpdateEvent.
[03:33:32.610][INFO]: Registering event listener for AnvilUpdateEvent.
[03:33:32.610][INFO]: Registering event listener for AnvilUpdateEvent.
[03:33:32.610][INFO]: Registering event listener for AnvilUpdateEvent.
[03:33:32.610][INFO]: Registering event listener for AnvilUpdateEvent.
[03:33:32.610][INFO]: Registering event listener for AnvilUpdateEvent.
[03:33:32.610][INFO]: Registering event listener for AnvilUpdateEvent.
[03:33:32.610][INFO]: Registering event listener for AnvilUpdateEvent.
[03:33:32.610][INFO]: Registering event listener for AnvilUpdateEvent.
[03:33:32.610][INFO]: Registering event listener for AnvilUpdateEvent.
[03:33:32.610][INFO]: Registering event listener for AnvilUpdateEvent.
[03:33:32.610][INFO]: Registering event listener for AnvilUpdateEvent.
[03:33:32.610][INFO]: Registering event listener for AnvilUpdateEvent.
[03:33:32.610][INFO]: Registering event listener for AnvilUpdateEvent.
[03:33:32.610][INFO]: Registering event listener for AnvilUpdateEvent.
[03:33:32.610][INFO]: Registering event listener for AnvilUpdateEvent.
[03:33:32.610][INFO]: Registering event listener for AnvilUpdateEvent.
[03:33:32.610][INFO]: Registering event listener for AnvilUpdateEvent.
[03:33:32.610][INFO]: Registering event listener for AnvilUpdateEvent.
[03:33:32.610][INFO]: Registering event listener for AnvilUpdateEvent.
[03:33:32.610][INFO]: Registering event listener for AnvilUpdateEvent.
[03:33:32.610][INFO]: Registering event listener for AnvilUpdateEvent.
[03:33:32.610][INFO]: Registering event listener for AnvilUpdateEvent.
[03:33:32.610][INFO]: Registering event listener for AnvilUpdateEvent.
[03:33:32.610][INFO]: Registering event listener for AnvilUpdateEvent.
[03:33:32.610][INFO]: Registering event listener for AnvilUpdateEvent.
[03:33:32.610][INFO]: Registering event listener for AnvilUpdateEvent.
[03:33:32.611][INFO]: Registering event listener for AnvilUpdateEvent.
[03:33:32.611][INFO]: Registering event listener for AnvilUpdateEvent.
[03:33:32.611][INFO]: Registering event listener for AnvilUpdateEvent.
[03:33:32.611][INFO]: Registering event listener for AnvilUpdateEvent.
[03:33:32.611][INFO]: Registering event listener for AnvilUpdateEvent.
[03:33:32.611][INFO]: Registering event listener for AnvilUpdateEvent.
[03:33:32.611][INFO]: Registering event listener for AnvilUpdateEvent.
[03:33:32.611][INFO]: Registering event listener for AnvilUpdateEvent.
[03:33:32.611][INFO]: Registering event listener for AnvilUpdateEvent.
[03:33:32.611][INFO]: Registering event listener for AnvilUpdateEvent.
[03:33:32.611][INFO]: Registering event listener for AnvilUpdateEvent.
[03:33:32.611][INFO]: Registering event listener for AnvilUpdateEvent.
[03:33:32.611][INFO]: Registering event listener for AnvilUpdateEvent.
[03:33:32.611][INFO]: Registering event listener for AnvilUpdateEvent.
[03:33:32.611][INFO]: Registering event listener for AnvilUpdateEvent.
[03:33:32.611][INFO]: Registering event listener for AnvilUpdateEvent.
[03:33:32.611][INFO]: Registering event listener for AnvilUpdateEvent.
[03:33:32.611][INFO]: Registering event listener for AnvilUpdateEvent.
[03:33:32.611][INFO]: Registering event listener for AnvilUpdateEvent.
[03:33:32.611][INFO]: Registering event listener for AnvilUpdateEvent.
[03:33:32.611][INFO]: Registering event listener for AnvilUpdateEvent.
[03:33:32.611][INFO]: Registering event listener for AnvilUpdateEvent.
[03:33:32.611][INFO]: Registering event listener for AnvilUpdateEvent.
[03:33:32.611][INFO]: Registering event listener for AnvilUpdateEvent.
[03:33:32.611][INFO]: Registering event listener for AnvilUpdateEvent.
[03:33:32.611][INFO]: Registering event listener for AnvilUpdateEvent.
[03:33:32.611][INFO]: Registering event listener for AnvilUpdateEvent.
[03:33:32.611][INFO]: Registering event listener for AnvilUpdateEvent.
[03:33:32.611][INFO]: Registering event listener for AnvilUpdateEvent.
[03:33:32.611][INFO]: Registering event listener for AnvilUpdateEvent.
[03:33:32.611][INFO]: Registering event listener for AnvilUpdateEvent.
[03:33:32.611][INFO]: Registering event listener for AnvilUpdateEvent.
[03:33:32.611][INFO]: Registering event listener for AnvilUpdateEvent.
[03:33:32.611][INFO]: Registering event listener for AnvilUpdateEvent.
[03:33:32.611][INFO]: Registering event listener for AnvilUpdateEvent.
[03:33:32.611][INFO]: Registering event listener for AnvilUpdateEvent.
[03:33:32.612][INFO]: Registering event listener for AnvilUpdateEvent.
[03:33:32.612][INFO]: Registering event listener for AnvilUpdateEvent.
[03:33:32.612][INFO]: Registering event listener for AnvilUpdateEvent.
[03:33:32.612][INFO]: Registering event listener for AnvilUpdateEvent.
[03:33:32.612][INFO]: Registering event listener for AnvilUpdateEvent.
[03:33:32.612][INFO]: Registering event listener for AnvilUpdateEvent.
[03:33:32.612][INFO]: Registering event listener for AnvilUpdateEvent.
[03:33:32.612][INFO]: Registering event listener for AnvilUpdateEvent.
[03:33:32.612][INFO]: Registering event listener for AnvilUpdateEvent.
[03:33:32.612][INFO]: Registering event listener for AnvilUpdateEvent.
[03:33:32.612][INFO]: Registering event listener for AnvilUpdateEvent.
[03:33:32.612][INFO]: Registering event listener for AnvilUpdateEvent.
[03:33:32.612][INFO]: Registering event listener for AnvilUpdateEvent.
[03:33:32.612][INFO]: Registering event listener for AnvilUpdateEvent.
[03:33:32.612][INFO]: Registering event listener for AnvilUpdateEvent.
[03:33:32.612][INFO]: Registering event listener for AnvilUpdateEvent.
[03:33:32.612][INFO]: Registering event listener for AnvilUpdateEvent.
[03:33:32.612][INFO]: Registering event listener for AnvilUpdateEvent.
[03:33:32.612][INFO]: Registering event listener for AnvilUpdateEvent.
[03:33:32.612][INFO]: Registering event listener for AnvilUpdateEvent.
[03:33:32.612][INFO]: Registering event listener for AnvilUpdateEvent.
[03:33:32.612][INFO]: Registering event listener for AnvilUpdateEvent.
[03:33:32.612][INFO]: Registering event listener for AnvilUpdateEvent.
[03:33:32.613][INFO]: Registering event listener for RightClickItem.
[03:33:32.614][INFO]: Registering new fluids tag with name <tag:fluids:forge:seedoil>
[03:33:32.615][INFO]: Adding: [createaddition:seed_oil] to tag: <tag:fluids:forge:seedoil>
[03:33:32.615][INFO]: Registering new items tag with name <tag:items:forge:bullet_molds>
[03:33:32.615][INFO]: Adding: [contenttweaker:mold_bullet_casing_9mm_round] to tag: <tag:items:forge:bullet_molds>
[03:33:32.615][INFO]: Adding: [contenttweaker:mold_bullet_casing_10_gauge_round] to tag: <tag:items:forge:bullet_molds>
[03:33:32.615][INFO]: Adding: [contenttweaker:mold_bullet_casing_46x30] to tag: <tag:items:forge:bullet_molds>
[03:33:32.616][INFO]: Adding: [contenttweaker:mold_bullet_casing_50bmg] to tag: <tag:items:forge:bullet_molds>
[03:33:32.616][INFO]: Adding: [contenttweaker:mold_bullet_casing_57x28] to tag: <tag:items:forge:bullet_molds>
[03:33:32.616][INFO]: Adding: [contenttweaker:mold_bullet_casing_58x42] to tag: <tag:items:forge:bullet_molds>
[03:33:32.616][INFO]: Adding: [contenttweaker:mold_bullet_casing_762x25] to tag: <tag:items:forge:bullet_molds>
[03:33:32.616][INFO]: Adding: [contenttweaker:mold_bullet_casing_762x39] to tag: <tag:items:forge:bullet_molds>
[03:33:32.617][INFO]: Adding: [contenttweaker:mold_bullet_casing_762x54] to tag: <tag:items:forge:bullet_molds>
[03:33:32.617][INFO]: Adding: [contenttweaker:mold_bullet_casing_ae50] to tag: <tag:items:forge:bullet_molds>
[03:33:32.617][INFO]: Adding: [contenttweaker:mold_bullet_casing_bmagnum] to tag: <tag:items:forge:bullet_molds>
[03:33:32.617][INFO]: Adding: [contenttweaker:mold_bullet_casing_bullet68] to tag: <tag:items:forge:bullet_molds>
[03:33:32.617][INFO]: Adding: [contenttweaker:mold_bullet_casing_bullet308] to tag: <tag:items:forge:bullet_molds>
[03:33:32.617][INFO]: Adding: [contenttweaker:mold_bullet_casing_lapua338] to tag: <tag:items:forge:bullet_molds>
[03:33:32.618][INFO]: Adding: [contenttweaker:mold_bullet_casing_nato556] to tag: <tag:items:forge:bullet_molds>
[03:33:32.618][INFO]: Adding: [contenttweaker:mold_bullet_casing_round45] to tag: <tag:items:forge:bullet_molds>
[03:33:32.618][INFO]: Adding: [contenttweaker:mold_bullet_casing_win3030] to tag: <tag:items:forge:bullet_molds>
[03:33:32.618][INFO]: Registering new items tag with name <tag:items:forge:bullets>
[03:33:32.618][INFO]: Adding: [tac:9mm_round] to tag: <tag:items:forge:bullets>
[03:33:32.619][INFO]: Adding: [tac:10_gauge_round] to tag: <tag:items:forge:bullets>
[03:33:32.619][INFO]: Adding: [tac:46x30] to tag: <tag:items:forge:bullets>
[03:33:32.619][INFO]: Adding: [tac:50bmg] to tag: <tag:items:forge:bullets>
[03:33:32.619][INFO]: Adding: [tac:57x28] to tag: <tag:items:forge:bullets>
[03:33:32.619][INFO]: Adding: [tac:58x42] to tag: <tag:items:forge:bullets>
[03:33:32.620][INFO]: Adding: [tac:762x25] to tag: <tag:items:forge:bullets>
[03:33:32.620][INFO]: Adding: [tac:762x39] to tag: <tag:items:forge:bullets>
[03:33:32.620][INFO]: Adding: [tac:762x54] to tag: <tag:items:forge:bullets>
[03:33:32.620][INFO]: Adding: [tac:ae50] to tag: <tag:items:forge:bullets>
[03:33:32.620][INFO]: Adding: [tac:b_magnum] to tag: <tag:items:forge:bullets>
[03:33:32.620][INFO]: Adding: [tac:bullet68] to tag: <tag:items:forge:bullets>
[03:33:32.621][INFO]: Adding: [tac:bullet_308] to tag: <tag:items:forge:bullets>
[03:33:32.621][INFO]: Adding: [tac:lapua338] to tag: <tag:items:forge:bullets>
[03:33:32.621][INFO]: Adding: [tac:nato_556_bullet] to tag: <tag:items:forge:bullets>
[03:33:32.621][INFO]: Adding: [tac:round45] to tag: <tag:items:forge:bullets>
[03:33:32.621][INFO]: Adding: [tac:win_30-30] to tag: <tag:items:forge:bullets>
[03:33:32.622][INFO]: Registering new items tag with name <tag:items:forge:bullet_casing>
[03:33:32.622][INFO]: Adding: [contenttweaker:bullet_casing_9mm_round] to tag: <tag:items:forge:bullet_casing>
[03:33:32.622][INFO]: Adding: [contenttweaker:bullet_casing_10_gauge_round] to tag: <tag:items:forge:bullet_casing>
[03:33:32.622][INFO]: Adding: [contenttweaker:bullet_casing_46x30] to tag: <tag:items:forge:bullet_casing>
[03:33:32.622][INFO]: Adding: [contenttweaker:bullet_casing_50bmg] to tag: <tag:items:forge:bullet_casing>
[03:33:32.622][INFO]: Adding: [contenttweaker:bullet_casing_57x28] to tag: <tag:items:forge:bullet_casing>
[03:33:32.623][INFO]: Adding: [contenttweaker:bullet_casing_58x42] to tag: <tag:items:forge:bullet_casing>
[03:33:32.623][INFO]: Adding: [contenttweaker:bullet_casing_762x25] to tag: <tag:items:forge:bullet_casing>
[03:33:32.623][INFO]: Adding: [contenttweaker:bullet_casing_762x39] to tag: <tag:items:forge:bullet_casing>
[03:33:32.623][INFO]: Adding: [contenttweaker:bullet_casing_762x54] to tag: <tag:items:forge:bullet_casing>
[03:33:32.623][INFO]: Adding: [contenttweaker:bullet_casing_ae50] to tag: <tag:items:forge:bullet_casing>
[03:33:32.624][INFO]: Adding: [contenttweaker:bullet_casing_bmagnum] to tag: <tag:items:forge:bullet_casing>
[03:33:32.624][INFO]: Adding: [contenttweaker:bullet_casing_bullet68] to tag: <tag:items:forge:bullet_casing>
[03:33:32.624][INFO]: Adding: [contenttweaker:bullet_casing_bullet308] to tag: <tag:items:forge:bullet_casing>
[03:33:32.624][INFO]: Adding: [contenttweaker:bullet_casing_lapua338] to tag: <tag:items:forge:bullet_casing>
[03:33:32.624][INFO]: Adding: [contenttweaker:bullet_casing_nato556] to tag: <tag:items:forge:bullet_casing>
[03:33:32.624][INFO]: Adding: [contenttweaker:bullet_casing_round45] to tag: <tag:items:forge:bullet_casing>
[03:33:32.625][INFO]: Adding: [contenttweaker:bullet_casing_win3030] to tag: <tag:items:forge:bullet_casing>
[03:33:32.625][INFO]: Registering new items tag with name <tag:items:forge:turret_cartridge>
[03:33:32.625][INFO]: Registering new items tag with name <tag:items:forge:rubber_cables>
[03:33:32.626][INFO]: Adding: [pipez:energy_pipe] to tag: <tag:items:forge:rubber_cables>
[03:33:32.626][INFO]: Adding: [pipez:item_pipe] to tag: <tag:items:forge:rubber_cables>
[03:33:32.626][INFO]: Adding: [pipez:fluid_pipe] to tag: <tag:items:forge:rubber_cables>
[03:33:32.626][INFO]: Adding: [thirst:sand_filter] to tag: <tag:blocks:minecraft:mineable/pickaxe>
[03:33:32.627][INFO]: Adding: [thirst:sand_filter] to tag: <tag:blocks:artifacts:mineable/digging_claws>
[03:33:32.627][INFO]: Adding: [minecraft:lantern] to tag: <tag:blocks:lostcities:lights>
[03:33:32.627][INFO]: Adding: [minecraft:soul_lantern] to tag: <tag:blocks:lostcities:lights>
[03:33:32.627][INFO]: Adding: [minecraft:torch] to tag: <tag:blocks:lostcities:lights>
[03:33:32.627][INFO]: Adding: [minecraft:soul_torch] to tag: <tag:blocks:lostcities:lights>
[03:33:32.627][INFO]: Adding: [minecraft:redstone_torch] to tag: <tag:blocks:lostcities:lights>
[03:33:32.627][INFO]: Adding: [minecraft:sea_lantern] to tag: <tag:blocks:lostcities:lights>
[03:33:32.628][INFO]: Adding: [minecraft:glowstone] to tag: <tag:blocks:lostcities:lights>
[03:33:32.628][INFO]: Adding: [minecraft:campfire] to tag: <tag:blocks:lostcities:lights>
[03:33:32.628][INFO]: Adding: [simplylight:rodlamp] to tag: <tag:blocks:lostcities:lights>
[03:33:32.628][INFO]: Adding: [simplylight:wall_lamp] to tag: <tag:blocks:lostcities:lights>
[03:33:32.628][INFO]: Adding: [simplylight:lightbulb] to tag: <tag:blocks:lostcities:lights>
[03:33:32.628][INFO]: Adding: [simplylight:illuminant_block_on] to tag: <tag:blocks:lostcities:lights>
[03:33:32.628][INFO]: Adding: [simplylight:illuminant_yellow_block_on] to tag: <tag:blocks:lostcities:lights>
[03:33:32.629][INFO]: Adding: [simplylight:illuminant_panel] to tag: <tag:blocks:lostcities:lights>
[03:33:32.629][INFO]: Adding: [simplylight:edge_light_top] to tag: <tag:blocks:lostcities:lights>
[03:33:32.629][INFO]: Adding: [simplylight:edge_light] to tag: <tag:blocks:lostcities:lights>
[03:33:32.629][INFO]: Adding: [simplylight:illuminant_light_gray_block_on] to tag: <tag:blocks:lostcities:lights>
[03:33:32.629][INFO]: Adding: [simplylight:lamp_post] to tag: <tag:blocks:lostcities:lights>
[03:33:32.629][INFO]: Adding: [buildersdelight:lantern_4] to tag: <tag:blocks:lostcities:lights>
[03:33:32.630][INFO]: Adding: [another_furniture:white_lamp, another_furniture:orange_lamp, another_furniture:magenta_lamp, another_furniture:light_blue_lamp, another_furniture:yellow_lamp, another_furniture:lime_lamp, another_furniture:pink_lamp, another_furniture:gray_lamp, another_furniture:light_gray_lamp, another_furniture:cyan_lamp, another_furniture:purple_lamp, another_furniture:blue_lamp, another_furniture:brown_lamp, another_furniture:green_lamp, another_furniture:red_lamp, another_furniture:black_lamp] to tag: <tag:blocks:lostcities:lights>
[03:33:32.630][INFO]: Adding: [immersivepetroleum:asphalt] to tag: <tag:blocks:car:drivable_blocks>
[03:33:32.630][INFO]: Adding: [immersivepetroleum:asphalt_slab] to tag: <tag:blocks:car:drivable_blocks>
[03:33:32.630][INFO]: Adding: [immersivepetroleum:asphalt_stair] to tag: <tag:blocks:car:drivable_blocks>
[03:33:32.630][INFO]: Adding: [another_furniture:oak_chair, another_furniture:spruce_chair, another_furniture:birch_chair, another_furniture:jungle_chair, another_furniture:acacia_chair, another_furniture:dark_oak_chair, another_furniture:crimson_chair, another_furniture:warped_chair] to tag: <tag:blocks:create:seats>
[03:33:32.631][INFO]: Adding: [another_furniture:white_sofa, another_furniture:orange_sofa, another_furniture:magenta_sofa, another_furniture:light_blue_sofa, another_furniture:yellow_sofa, another_furniture:lime_sofa, another_furniture:pink_sofa, another_furniture:gray_sofa, another_furniture:light_gray_sofa, another_furniture:cyan_sofa, another_furniture:purple_sofa, another_furniture:blue_sofa, another_furniture:brown_sofa, another_furniture:green_sofa, another_furniture:red_sofa, another_furniture:black_sofa] to tag: <tag:blocks:create:seats>
[03:33:32.631][INFO]: Adding: [another_furniture:white_tall_stool, another_furniture:orange_tall_stool, another_furniture:magenta_tall_stool, another_furniture:light_blue_tall_stool, another_furniture:yellow_tall_stool, another_furniture:lime_tall_stool, another_furniture:pink_tall_stool, another_furniture:gray_tall_stool, another_furniture:light_gray_tall_stool, another_furniture:cyan_tall_stool, another_furniture:purple_tall_stool, another_furniture:blue_tall_stool, another_furniture:brown_tall_stool, another_furniture:green_tall_stool, another_furniture:red_tall_stool, another_furniture:black_tall_stool] to tag: <tag:blocks:create:seats>
[03:33:32.631][INFO]: Adding: [another_furniture:oak_bench, another_furniture:spruce_bench, another_furniture:birch_bench, another_furniture:jungle_bench, another_furniture:acacia_bench, another_furniture:dark_oak_bench, another_furniture:crimson_bench, another_furniture:warped_bench] to tag: <tag:blocks:create:seats>
[03:33:32.632][INFO]: Adding: [another_furniture:white_stool, another_furniture:orange_stool, another_furniture:magenta_stool, another_furniture:light_blue_stool, another_furniture:yellow_stool, another_furniture:lime_stool, another_furniture:pink_stool, another_furniture:gray_stool, another_furniture:light_gray_stool, another_furniture:cyan_stool, another_furniture:purple_stool, another_furniture:blue_stool, another_furniture:brown_stool, another_furniture:green_stool, another_furniture:red_stool, another_furniture:black_stool] to tag: <tag:blocks:create:seats>
[03:33:32.632][INFO]: Adding: [embellishcraft:white_couch, embellishcraft:orange_couch, embellishcraft:magenta_couch, embellishcraft:light_blue_couch, embellishcraft:yellow_couch, embellishcraft:lime_couch, embellishcraft:pink_couch, embellishcraft:gray_couch, embellishcraft:light_gray_couch, embellishcraft:cyan_couch, embellishcraft:purple_couch, embellishcraft:blue_couch, embellishcraft:brown_couch, embellishcraft:green_couch, embellishcraft:red_couch, embellishcraft:black_couch] to tag: <tag:blocks:create:seats>
[03:33:32.632][INFO]: Adding: [embellishcraft:acacia_chair, embellishcraft:birch_chair, embellishcraft:dark_oak_chair, embellishcraft:jungle_chair, embellishcraft:oak_chair, embellishcraft:spruce_chair, embellishcraft:warped_chair, embellishcraft:crimson_chair, embellishcraft:acacia_terrace_chair, embellishcraft:birch_terrace_chair, embellishcraft:dark_oak_terrace_chair, embellishcraft:jungle_terrace_chair, embellishcraft:oak_terrace_chair, embellishcraft:spruce_terrace_chair, embellishcraft:warped_terrace_chair, embellishcraft:crimson_terrace_chair, embellishcraft:steel_terrace_chair] to tag: <tag:blocks:create:seats>
[03:33:32.632][INFO]: Adding: [embellishcraft:white_couch, embellishcraft:orange_couch, embellishcraft:magenta_couch, embellishcraft:light_blue_couch, embellishcraft:yellow_couch, embellishcraft:lime_couch, embellishcraft:pink_couch, embellishcraft:gray_couch, embellishcraft:light_gray_couch, embellishcraft:cyan_couch, embellishcraft:purple_couch, embellishcraft:blue_couch, embellishcraft:brown_couch, embellishcraft:green_couch, embellishcraft:red_couch, embellishcraft:black_couch] to tag: <tag:items:create:seats>
[03:33:32.633][INFO]: Adding: [another_furniture:oak_chair, another_furniture:spruce_chair, another_furniture:birch_chair, another_furniture:jungle_chair, another_furniture:acacia_chair, another_furniture:dark_oak_chair, another_furniture:crimson_chair, another_furniture:warped_chair] to tag: <tag:items:create:seats>
[03:33:32.633][INFO]: Adding: [another_furniture:white_sofa, another_furniture:orange_sofa, another_furniture:magenta_sofa, another_furniture:light_blue_sofa, another_furniture:yellow_sofa, another_furniture:lime_sofa, another_furniture:pink_sofa, another_furniture:gray_sofa, another_furniture:light_gray_sofa, another_furniture:cyan_sofa, another_furniture:purple_sofa, another_furniture:blue_sofa, another_furniture:brown_sofa, another_furniture:green_sofa, another_furniture:red_sofa, another_furniture:black_sofa] to tag: <tag:items:create:seats>
[03:33:32.633][INFO]: Adding: [another_furniture:white_tall_stool, another_furniture:orange_tall_stool, another_furniture:magenta_tall_stool, another_furniture:light_blue_tall_stool, another_furniture:yellow_tall_stool, another_furniture:lime_tall_stool, another_furniture:pink_tall_stool, another_furniture:gray_tall_stool, another_furniture:light_gray_tall_stool, another_furniture:cyan_tall_stool, another_furniture:purple_tall_stool, another_furniture:blue_tall_stool, another_furniture:brown_tall_stool, another_furniture:green_tall_stool, another_furniture:red_tall_stool, another_furniture:black_tall_stool] to tag: <tag:items:create:seats>
[03:33:32.634][INFO]: Adding: [another_furniture:oak_bench, another_furniture:spruce_bench, another_furniture:birch_bench, another_furniture:jungle_bench, another_furniture:acacia_bench, another_furniture:dark_oak_bench, another_furniture:crimson_bench, another_furniture:warped_bench] to tag: <tag:items:create:seats>
[03:33:32.634][INFO]: Adding: [another_furniture:white_stool, another_furniture:orange_stool, another_furniture:magenta_stool, another_furniture:light_blue_stool, another_furniture:yellow_stool, another_furniture:lime_stool, another_furniture:pink_stool, another_furniture:gray_stool, another_furniture:light_gray_stool, another_furniture:cyan_stool, another_furniture:purple_stool, another_furniture:blue_stool, another_furniture:brown_stool, another_furniture:green_stool, another_furniture:red_stool, another_furniture:black_stool] to tag: <tag:items:create:seats>
[03:33:32.634][INFO]: Adding: [buildersdelight:laboratory_3] to tag: <tag:blocks:create:non_movable>
[03:33:32.635][INFO]: Adding: [minecraft:bedrock] to tag: <tag:blocks:create:non_movable>
[03:33:32.635][INFO]: Registering new items tag with name <tag:items:simpleplanes:plane_upgrades>
[03:33:32.635][INFO]: Adding: [simpleplanes:floaty_bedding] to tag: <tag:items:simpleplanes:plane_upgrades>
[03:33:32.635][INFO]: Adding: [simpleplanes:booster] to tag: <tag:items:simpleplanes:plane_upgrades>
[03:33:32.635][INFO]: Adding: [simpleplanes:armor] to tag: <tag:items:simpleplanes:plane_upgrades>
[03:33:32.636][INFO]: Adding: [simpleplanes:solar_panel] to tag: <tag:items:simpleplanes:plane_upgrades>
[03:33:32.636][INFO]: Adding: [simpleplanes:seats] to tag: <tag:items:simpleplanes:plane_upgrades>
[03:33:32.636][INFO]: Adding: [simpleplanes:shooter] to tag: <tag:items:simpleplanes:plane_upgrades>
[03:33:32.636][INFO]: Registering new items tag with name <tag:items:simpleplanes:plane_engines>
[03:33:32.637][INFO]: Adding: [simpleplanes:electric_engine] to tag: <tag:items:simpleplanes:plane_engines>
[03:33:32.637][INFO]: Adding: [simpleplanes:furnace_engine] to tag: <tag:items:simpleplanes:plane_engines>
[03:33:32.637][INFO]: Adding: [simpleplanes:liquid_engine] to tag: <tag:items:simpleplanes:plane_engines>
[03:33:32.637][INFO]: Registering new items tag with name <tag:items:armorset:hunting>
[03:33:32.637][INFO]: Adding: [apocalypsenow:hunting_helmet] to tag: <tag:items:armorset:hunting>
[03:33:32.638][INFO]: Adding: [apocalypsenow:hunting_chestplate] to tag: <tag:items:armorset:hunting>
[03:33:32.638][INFO]: Registering new items tag with name <tag:items:armorset:beret>
[03:33:32.638][INFO]: Adding: [apocalypsenow:beret_helmet] to tag: <tag:items:armorset:beret>
[03:33:32.638][INFO]: Adding: [apocalypsenow:beret_chestplate] to tag: <tag:items:armorset:beret>
[03:33:32.639][INFO]: Registering new items tag with name <tag:items:armorset:military_beret>
[03:33:32.639][INFO]: Adding: [apocalypsenow:military_beret_helmet] to tag: <tag:items:armorset:military_beret>
[03:33:32.639][INFO]: Adding: [apocalypsenow:military_beret_chestplate] to tag: <tag:items:armorset:military_beret>
[03:33:32.639][INFO]: Registering new items tag with name <tag:items:armorset:officer_beret>
[03:33:32.639][INFO]: Adding: [apocalypsenow:officer_beret_helmet] to tag: <tag:items:armorset:officer_beret>
[03:33:32.640][INFO]: Adding: [apocalypsenow:officer_beret_chestplate] to tag: <tag:items:armorset:officer_beret>
[03:33:32.640][INFO]: Registering new items tag with name <tag:items:armorset:atlast_7>
[03:33:32.640][INFO]: Adding: [apocalypsenow:atlast_7_helmet] to tag: <tag:items:armorset:atlast_7>
[03:33:32.640][INFO]: Adding: [apocalypsenow:atlast_7_chestplate] to tag: <tag:items:armorset:atlast_7>
[03:33:32.640][INFO]: Registering new items tag with name <tag:items:armorset:military_pilot_headset>
[03:33:32.641][INFO]: Adding: [apocalypsenow:military_pilot_headset_helmet] to tag: <tag:items:armorset:military_pilot_headset>
[03:33:32.641][INFO]: Adding: [apocalypsenow:military_pilot_headset_chestplate] to tag: <tag:items:armorset:military_pilot_headset>
[03:33:32.641][INFO]: Registering new items tag with name <tag:items:armorset:leather>
[03:33:32.641][INFO]: Adding: [minecraft:leather_helmet] to tag: <tag:items:armorset:leather>
[03:33:32.641][INFO]: Adding: [minecraft:leather_chestplate] to tag: <tag:items:armorset:leather>
[03:33:32.642][INFO]: Adding: [minecraft:leather_leggings] to tag: <tag:items:armorset:leather>
[03:33:32.642][INFO]: Adding: [minecraft:leather_boots] to tag: <tag:items:armorset:leather>
[03:33:32.642][INFO]: Registering new items tag with name <tag:items:armorset:chainmail>
[03:33:32.642][INFO]: Adding: [minecraft:chainmail_helmet] to tag: <tag:items:armorset:chainmail>
[03:33:32.643][INFO]: Adding: [minecraft:chainmail_chestplate] to tag: <tag:items:armorset:chainmail>
[03:33:32.643][INFO]: Adding: [minecraft:chainmail_leggings] to tag: <tag:items:armorset:chainmail>
[03:33:32.643][INFO]: Adding: [minecraft:chainmail_boots] to tag: <tag:items:armorset:chainmail>
[03:33:32.643][INFO]: Registering new items tag with name <tag:items:armorset:armor_steel>
[03:33:32.644][INFO]: Registering new items tag with name <tag:items:armorset:netherite>
[03:33:32.644][INFO]: Adding: [minecraft:netherite_helmet] to tag: <tag:items:armorset:netherite>
[03:33:32.644][INFO]: Adding: [minecraft:netherite_chestplate] to tag: <tag:items:armorset:netherite>
[03:33:32.645][INFO]: Adding: [minecraft:netherite_leggings] to tag: <tag:items:armorset:netherite>
[03:33:32.645][INFO]: Adding: [minecraft:netherite_boots] to tag: <tag:items:armorset:netherite>
[03:33:32.645][INFO]: Registering new items tag with name <tag:items:armorset:police>
[03:33:32.645][INFO]: Adding: [apocalypsenow:police_helmet] to tag: <tag:items:armorset:police>
[03:33:32.645][INFO]: Adding: [apocalypsenow:police_chestplate] to tag: <tag:items:armorset:police>
[03:33:32.646][INFO]: Adding: [apocalypsenow:police_leggings] to tag: <tag:items:armorset:police>
[03:33:32.646][INFO]: Adding: [apocalypsenow:police_boots] to tag: <tag:items:armorset:police>
[03:33:32.646][INFO]: Registering new items tag with name <tag:items:armorset:fire_figther>
[03:33:32.646][INFO]: Adding: [apocalypsenow:fire_figther_helmet] to tag: <tag:items:armorset:fire_figther>
[03:33:32.647][INFO]: Adding: [apocalypsenow:fire_figther_chestplate] to tag: <tag:items:armorset:fire_figther>
[03:33:32.647][INFO]: Adding: [apocalypsenow:fire_figther_leggings] to tag: <tag:items:armorset:fire_figther>
[03:33:32.647][INFO]: Adding: [apocalypsenow:fire_figther_boots] to tag: <tag:items:armorset:fire_figther>
[03:33:32.647][INFO]: Registering new items tag with name <tag:items:armorset:nurse>
[03:33:32.647][INFO]: Adding: [apocalypsenow:nurse_helmet] to tag: <tag:items:armorset:nurse>
[03:33:32.648][INFO]: Adding: [apocalypsenow:nurse_chestplate] to tag: <tag:items:armorset:nurse>
[03:33:32.648][INFO]: Adding: [apocalypsenow:nurse_leggings] to tag: <tag:items:armorset:nurse>
[03:33:32.648][INFO]: Adding: [apocalypsenow:nurse_boots] to tag: <tag:items:armorset:nurse>
[03:33:32.648][INFO]: Registering new items tag with name <tag:items:armorset:anarchy>
[03:33:32.648][INFO]: Adding: [apocalypsenow:anarchy_helmet] to tag: <tag:items:armorset:anarchy>
[03:33:32.649][INFO]: Adding: [apocalypsenow:anarchy_chestplate] to tag: <tag:items:armorset:anarchy>
[03:33:32.649][INFO]: Adding: [apocalypsenow:anarchy_leggings] to tag: <tag:items:armorset:anarchy>
[03:33:32.649][INFO]: Adding: [apocalypsenow:anarchy_boots] to tag: <tag:items:armorset:anarchy>
[03:33:32.649][INFO]: Registering new items tag with name <tag:items:armorset:forestguard>
[03:33:32.649][INFO]: Adding: [apocalypsenow:forestguard_helmet] to tag: <tag:items:armorset:forestguard>
[03:33:32.650][INFO]: Adding: [apocalypsenow:forestguard_chestplate] to tag: <tag:items:armorset:forestguard>
[03:33:32.650][INFO]: Adding: [apocalypsenow:forestguard_leggings] to tag: <tag:items:armorset:forestguard>
[03:33:32.650][INFO]: Adding: [apocalypsenow:forestguard_boots] to tag: <tag:items:armorset:forestguard>
[03:33:32.650][INFO]: Registering new items tag with name <tag:items:armorset:construction>
[03:33:32.650][INFO]: Adding: [apocalypsenow:construction_helmet] to tag: <tag:items:armorset:construction>
[03:33:32.651][INFO]: Adding: [apocalypsenow:construction_chestplate] to tag: <tag:items:armorset:construction>
[03:33:32.651][INFO]: Adding: [apocalypsenow:construction_leggings] to tag: <tag:items:armorset:construction>
[03:33:32.651][INFO]: Adding: [apocalypsenow:construction_boots] to tag: <tag:items:armorset:construction>
[03:33:32.651][INFO]: Registering new items tag with name <tag:items:armorset:hazmat_suit>
[03:33:32.652][INFO]: Adding: [apocalypsenow:hazmat_suit_helmet] to tag: <tag:items:armorset:hazmat_suit>
[03:33:32.652][INFO]: Adding: [apocalypsenow:hazmat_suit_chestplate] to tag: <tag:items:armorset:hazmat_suit>
[03:33:32.652][INFO]: Adding: [apocalypsenow:hazmat_suit_leggings] to tag: <tag:items:armorset:hazmat_suit>
[03:33:32.652][INFO]: Adding: [apocalypsenow:hazmat_suit_boots] to tag: <tag:items:armorset:hazmat_suit>
[03:33:32.652][INFO]: Registering new items tag with name <tag:items:armorset:royal_canada_police_officer>
[03:33:32.653][INFO]: Adding: [apocalypsenow:royal_canada_police_officer_helmet] to tag: <tag:items:armorset:royal_canada_police_officer>
[03:33:32.653][INFO]: Adding: [apocalypsenow:royal_canada_police_officer_chestplate] to tag: <tag:items:armorset:royal_canada_police_officer>
[03:33:32.653][INFO]: Adding: [apocalypsenow:royal_canada_police_officer_leggings] to tag: <tag:items:armorset:royal_canada_police_officer>
[03:33:32.653][INFO]: Adding: [apocalypsenow:royal_canada_police_officer_boots] to tag: <tag:items:armorset:royal_canada_police_officer>
[03:33:32.653][INFO]: Registering new items tag with name <tag:items:armorset:headgear>
[03:33:32.654][INFO]: Adding: [apocalypsenow:red_bikers_helmet] to tag: <tag:items:armorset:headgear>
[03:33:32.654][INFO]: Adding: [apocalypsenow:green_bikers_helmet] to tag: <tag:items:armorset:headgear>
[03:33:32.654][INFO]: Adding: [apocalypsenow:black_bikers_helmet] to tag: <tag:items:armorset:headgear>
[03:33:32.654][INFO]: Adding: [apocalypsenow:pink_bikers_helmet] to tag: <tag:items:armorset:headgear>
[03:33:32.655][INFO]: Adding: [apocalypsenow:bikers_helmet] to tag: <tag:items:armorset:headgear>
[03:33:32.655][INFO]: Adding: [apocalypsenow:red_motorcycle_helmet_helmet] to tag: <tag:items:armorset:headgear>
[03:33:32.655][INFO]: Adding: [apocalypsenow:black_motorcycle_helmet_helmet] to tag: <tag:items:armorset:headgear>
[03:33:32.655][INFO]: Registering new items tag with name <tag:items:armorset:military_riot_armor>
[03:33:32.655][INFO]: Adding: [apocalypsenow:military_riot_armor_helmet] to tag: <tag:items:armorset:military_riot_armor>
[03:33:32.656][INFO]: Adding: [apocalypsenow:military_riot_armor_chestplate] to tag: <tag:items:armorset:military_riot_armor>
[03:33:32.656][INFO]: Adding: [apocalypsenow:military_riot_armor_leggings] to tag: <tag:items:armorset:military_riot_armor>
[03:33:32.656][INFO]: Adding: [apocalypsenow:military_riot_armor_boots] to tag: <tag:items:armorset:military_riot_armor>
[03:33:32.656][INFO]: Registering new items tag with name <tag:items:armorset:military_urban>
[03:33:32.656][INFO]: Adding: [apocalypsenow:military_urban_helmet] to tag: <tag:items:armorset:military_urban>
[03:33:32.657][INFO]: Adding: [apocalypsenow:military_urban_chestplate] to tag: <tag:items:armorset:military_urban>
[03:33:32.657][INFO]: Adding: [apocalypsenow:military_urban_leggings] to tag: <tag:items:armorset:military_urban>
[03:33:32.657][INFO]: Adding: [apocalypsenow:military_urban_boots] to tag: <tag:items:armorset:military_urban>
[03:33:32.657][INFO]: Registering new items tag with name <tag:items:armorset:un_armor>
[03:33:32.657][INFO]: Adding: [apocalypsenow:un_armor_helmet] to tag: <tag:items:armorset:un_armor>
[03:33:32.658][INFO]: Adding: [apocalypsenow:un_armor_chestplate] to tag: <tag:items:armorset:un_armor>
[03:33:32.658][INFO]: Adding: [apocalypsenow:un_armor_leggings] to tag: <tag:items:armorset:un_armor>
[03:33:32.658][INFO]: Adding: [apocalypsenow:un_armor_boots] to tag: <tag:items:armorset:un_armor>
[03:33:32.658][INFO]: Registering new items tag with name <tag:items:armorset:biohazard>
[03:33:32.659][INFO]: Adding: [apocalypsenow:biohazard_helmet] to tag: <tag:items:armorset:biohazard>
[03:33:32.659][INFO]: Adding: [apocalypsenow:biohazard_chestplate] to tag: <tag:items:armorset:biohazard>
[03:33:32.659][INFO]: Adding: [apocalypsenow:biohazard_leggings] to tag: <tag:items:armorset:biohazard>
[03:33:32.659][INFO]: Adding: [apocalypsenow:biohazard_boots] to tag: <tag:items:armorset:biohazard>
[03:33:32.659][INFO]: Registering new items tag with name <tag:items:armorset:swat>
[03:33:32.660][INFO]: Adding: [apocalypsenow:swat_helmet] to tag: <tag:items:armorset:swat>
[03:33:32.660][INFO]: Adding: [apocalypsenow:swat_chestplate] to tag: <tag:items:armorset:swat>
[03:33:32.660][INFO]: Adding: [apocalypsenow:swat_leggings] to tag: <tag:items:armorset:swat>
[03:33:32.660][INFO]: Adding: [apocalypsenow:swat_boots] to tag: <tag:items:armorset:swat>
[03:33:32.660][INFO]: Registering new items tag with name <tag:items:armorset:swatriotcontrol>
[03:33:32.661][INFO]: Adding: [apocalypsenow:swatriotcontrol_helmet] to tag: <tag:items:armorset:swatriotcontrol>
[03:33:32.661][INFO]: Adding: [apocalypsenow:swatriotcontrol_chestplate] to tag: <tag:items:armorset:swatriotcontrol>
[03:33:32.661][INFO]: Adding: [apocalypsenow:swatriotcontrol_leggings] to tag: <tag:items:armorset:swatriotcontrol>
[03:33:32.661][INFO]: Adding: [apocalypsenow:swatriotcontrol_boots] to tag: <tag:items:armorset:swatriotcontrol>
[03:33:32.661][INFO]: Registering new items tag with name <tag:items:armorset:juggernaut>
[03:33:32.662][INFO]: Adding: [apocalypsenow:juggernaut_helmet] to tag: <tag:items:armorset:juggernaut>
[03:33:32.662][INFO]: Adding: [apocalypsenow:juggernaut_chestplate] to tag: <tag:items:armorset:juggernaut>
[03:33:32.662][INFO]: Adding: [apocalypsenow:juggernaut_leggings] to tag: <tag:items:armorset:juggernaut>
[03:33:32.662][INFO]: Adding: [apocalypsenow:juggernaut_boots] to tag: <tag:items:armorset:juggernaut>
[03:33:32.663][INFO]: Registering new items tag with name <tag:items:armorset:bombsquad>
[03:33:32.663][INFO]: Adding: [apocalypsenow:bombsquad_helmet] to tag: <tag:items:armorset:bombsquad>
[03:33:32.663][INFO]: Adding: [apocalypsenow:bombsquad_chestplate] to tag: <tag:items:armorset:bombsquad>
[03:33:32.663][INFO]: Adding: [apocalypsenow:bombsquad_leggings] to tag: <tag:items:armorset:bombsquad>
[03:33:32.663][INFO]: Adding: [apocalypsenow:bombsquad_boots] to tag: <tag:items:armorset:bombsquad>
[03:33:32.664][INFO]: Registering new items tag with name <tag:items:armorset:soldier>
[03:33:32.664][INFO]: Adding: [apocalypsenow:soldier_helmet] to tag: <tag:items:armorset:soldier>
[03:33:32.664][INFO]: Adding: [apocalypsenow:soldier_chestplate] to tag: <tag:items:armorset:soldier>
[03:33:32.664][INFO]: Adding: [apocalypsenow:soldier_leggings] to tag: <tag:items:armorset:soldier>
[03:33:32.664][INFO]: Adding: [apocalypsenow:soldier_boots] to tag: <tag:items:armorset:soldier>
[03:33:32.665][INFO]: Registering new items tag with name <tag:items:armorset:spec_ops>
[03:33:32.665][INFO]: Adding: [apocalypsenow:spec_ops_helmet] to tag: <tag:items:armorset:spec_ops>
[03:33:32.665][INFO]: Adding: [apocalypsenow:spec_ops_chestplate] to tag: <tag:items:armorset:spec_ops>
[03:33:32.665][INFO]: Adding: [apocalypsenow:spec_ops_leggings] to tag: <tag:items:armorset:spec_ops>
[03:33:32.666][INFO]: Adding: [apocalypsenow:spec_ops_boots] to tag: <tag:items:armorset:spec_ops>
[03:33:32.666][INFO]: Registering new items tag with name <tag:items:car:wheels>
[03:33:32.666][INFO]: Adding: [car:wheel] to tag: <tag:items:car:wheels>
[03:33:32.666][INFO]: Adding: [car:big_wheel] to tag: <tag:items:car:wheels>
[03:33:32.666][INFO]: Registering new items tag with name <tag:items:car:body>
[03:33:32.667][INFO]: Adding: [car:oak_body] to tag: <tag:items:car:body>
[03:33:32.667][INFO]: Adding: [car:acacia_body] to tag: <tag:items:car:body>
[03:33:32.667][INFO]: Adding: [car:dark_oak_body] to tag: <tag:items:car:body>
[03:33:32.667][INFO]: Adding: [car:birch_body] to tag: <tag:items:car:body>
[03:33:32.667][INFO]: Adding: [car:jungle_body] to tag: <tag:items:car:body>
[03:33:32.668][INFO]: Adding: [car:spruce_body] to tag: <tag:items:car:body>
[03:33:32.668][INFO]: Adding: [car:crimson_body] to tag: <tag:items:car:body>
[03:33:32.668][INFO]: Adding: [car:warped_body] to tag: <tag:items:car:body>
[03:33:32.668][INFO]: Adding: [car:big_oak_body] to tag: <tag:items:car:body>
[03:33:32.669][INFO]: Adding: [car:big_acacia_body] to tag: <tag:items:car:body>
[03:33:32.669][INFO]: Adding: [car:big_dark_oak_body] to tag: <tag:items:car:body>
[03:33:32.669][INFO]: Adding: [car:big_birch_body] to tag: <tag:items:car:body>
[03:33:32.669][INFO]: Adding: [car:big_jungle_body] to tag: <tag:items:car:body>
[03:33:32.669][INFO]: Adding: [car:big_spruce_body] to tag: <tag:items:car:body>
[03:33:32.670][INFO]: Adding: [car:big_crimson_body] to tag: <tag:items:car:body>
[03:33:32.670][INFO]: Adding: [car:big_warped_body] to tag: <tag:items:car:body>
[03:33:32.670][INFO]: Adding: [car:black_transporter_body] to tag: <tag:items:car:body>
[03:33:32.670][INFO]: Adding: [car:blue_transporter_body] to tag: <tag:items:car:body>
[03:33:32.671][INFO]: Adding: [car:brown_transporter_body] to tag: <tag:items:car:body>
[03:33:32.671][INFO]: Adding: [car:cyan_transporter_body] to tag: <tag:items:car:body>
[03:33:32.671][INFO]: Adding: [car:gray_transporter_body] to tag: <tag:items:car:body>
[03:33:32.671][INFO]: Adding: [car:green_transporter_body] to tag: <tag:items:car:body>
[03:33:32.671][INFO]: Adding: [car:light_blue_transporter_body] to tag: <tag:items:car:body>
[03:33:32.672][INFO]: Adding: [car:lime_transporter_body] to tag: <tag:items:car:body>
[03:33:32.672][INFO]: Adding: [car:magenta_transporter_body] to tag: <tag:items:car:body>
[03:33:32.672][INFO]: Adding: [car:orange_transporter_body] to tag: <tag:items:car:body>
[03:33:32.672][INFO]: Adding: [car:pink_transporter_body] to tag: <tag:items:car:body>
[03:33:32.672][INFO]: Adding: [car:red_transporter_body] to tag: <tag:items:car:body>
[03:33:32.673][INFO]: Adding: [car:light_gray_transporter_body] to tag: <tag:items:car:body>
[03:33:32.673][INFO]: Adding: [car:white_transporter_body] to tag: <tag:items:car:body>
[03:33:32.673][INFO]: Adding: [car:yellow_transporter_body] to tag: <tag:items:car:body>
[03:33:32.673][INFO]: Adding: [car:black_suv_body] to tag: <tag:items:car:body>
[03:33:32.674][INFO]: Adding: [car:blue_suv_body] to tag: <tag:items:car:body>
[03:33:32.674][INFO]: Adding: [car:brown_suv_body] to tag: <tag:items:car:body>
[03:33:32.674][INFO]: Adding: [car:cyan_suv_body] to tag: <tag:items:car:body>
[03:33:32.674][INFO]: Adding: [car:gray_suv_body] to tag: <tag:items:car:body>
[03:33:32.675][INFO]: Adding: [car:green_suv_body] to tag: <tag:items:car:body>
[03:33:32.675][INFO]: Adding: [car:light_blue_suv_body] to tag: <tag:items:car:body>
[03:33:32.675][INFO]: Adding: [car:lime_suv_body] to tag: <tag:items:car:body>
[03:33:32.675][INFO]: Adding: [car:magenta_suv_body] to tag: <tag:items:car:body>
[03:33:32.676][INFO]: Adding: [car:orange_suv_body] to tag: <tag:items:car:body>
[03:33:32.676][INFO]: Adding: [car:pink_suv_body] to tag: <tag:items:car:body>
[03:33:32.676][INFO]: Adding: [car:red_suv_body] to tag: <tag:items:car:body>
[03:33:32.676][INFO]: Adding: [car:light_gray_suv_body] to tag: <tag:items:car:body>
[03:33:32.677][INFO]: Adding: [car:white_suv_body] to tag: <tag:items:car:body>
[03:33:32.677][INFO]: Adding: [car:yellow_suv_body] to tag: <tag:items:car:body>
[03:33:32.677][INFO]: Adding: [car:black_sport_body] to tag: <tag:items:car:body>
[03:33:32.677][INFO]: Adding: [car:blue_sport_body] to tag: <tag:items:car:body>
[03:33:32.678][INFO]: Adding: [car:brown_sport_body] to tag: <tag:items:car:body>
[03:33:32.678][INFO]: Adding: [car:cyan_sport_body] to tag: <tag:items:car:body>
[03:33:32.678][INFO]: Adding: [car:gray_sport_body] to tag: <tag:items:car:body>
[03:33:32.678][INFO]: Adding: [car:green_sport_body] to tag: <tag:items:car:body>
[03:33:32.678][INFO]: Adding: [car:light_blue_sport_body] to tag: <tag:items:car:body>
[03:33:32.679][INFO]: Adding: [car:lime_sport_body] to tag: <tag:items:car:body>
[03:33:32.679][INFO]: Adding: [car:magenta_sport_body] to tag: <tag:items:car:body>
[03:33:32.679][INFO]: Adding: [car:orange_sport_body] to tag: <tag:items:car:body>
[03:33:32.679][INFO]: Adding: [car:pink_sport_body] to tag: <tag:items:car:body>
[03:33:32.680][INFO]: Adding: [car:red_sport_body] to tag: <tag:items:car:body>
[03:33:32.680][INFO]: Adding: [car:light_gray_sport_body] to tag: <tag:items:car:body>
[03:33:32.680][INFO]: Adding: [car:white_sport_body] to tag: <tag:items:car:body>
[03:33:32.680][INFO]: Adding: [car:yellow_sport_body] to tag: <tag:items:car:body>
[03:33:32.681][INFO]: Registering new items tag with name <tag:items:car:engine>
[03:33:32.681][INFO]: Adding: [car:engine_3_cylinder] to tag: <tag:items:car:engine>
[03:33:32.681][INFO]: Adding: [car:engine_6_cylinder] to tag: <tag:items:car:engine>
[03:33:32.681][INFO]: Adding: [car:engine_truck] to tag: <tag:items:car:engine>
[03:33:32.681][INFO]: Registering new items tag with name <tag:items:car:tank>
[03:33:32.682][INFO]: Adding: [car:small_tank] to tag: <tag:items:car:tank>
[03:33:32.682][INFO]: Adding: [car:medium_tank] to tag: <tag:items:car:tank>
[03:33:32.682][INFO]: Adding: [car:large_tank] to tag: <tag:items:car:tank>
[03:33:32.682][INFO]: Registering new items tag with name <tag:items:car:container>
[03:33:32.683][INFO]: Adding: [car:black_container] to tag: <tag:items:car:container>
[03:33:32.683][INFO]: Adding: [car:blue_container] to tag: <tag:items:car:container>
[03:33:32.683][INFO]: Adding: [car:brown_container] to tag: <tag:items:car:container>
[03:33:32.684][INFO]: Adding: [car:cyan_container] to tag: <tag:items:car:container>
[03:33:32.684][INFO]: Adding: [car:gray_container] to tag: <tag:items:car:container>
[03:33:32.684][INFO]: Adding: [car:green_container] to tag: <tag:items:car:container>
[03:33:32.684][INFO]: Adding: [car:light_blue_container] to tag: <tag:items:car:container>
[03:33:32.685][INFO]: Adding: [car:lime_container] to tag: <tag:items:car:container>
[03:33:32.685][INFO]: Adding: [car:magenta_container] to tag: <tag:items:car:container>
[03:33:32.685][INFO]: Adding: [car:orange_container] to tag: <tag:items:car:container>
[03:33:32.686][INFO]: Adding: [car:pink_container] to tag: <tag:items:car:container>
[03:33:32.686][INFO]: Adding: [car:red_container] to tag: <tag:items:car:container>
[03:33:32.686][INFO]: Adding: [car:light_gray_container] to tag: <tag:items:car:container>
[03:33:32.686][INFO]: Adding: [car:white_container] to tag: <tag:items:car:container>
[03:33:32.687][INFO]: Adding: [car:yellow_container] to tag: <tag:items:car:container>
[03:33:32.687][INFO]: Adding: [car:black_tank_container] to tag: <tag:items:car:container>
[03:33:32.687][INFO]: Adding: [car:blue_tank_container] to tag: <tag:items:car:container>
[03:33:32.688][INFO]: Adding: [car:brown_tank_container] to tag: <tag:items:car:container>
[03:33:32.688][INFO]: Adding: [car:cyan_tank_container] to tag: <tag:items:car:container>
[03:33:32.688][INFO]: Adding: [car:gray_tank_container] to tag: <tag:items:car:container>
[03:33:32.689][INFO]: Adding: [car:green_tank_container] to tag: <tag:items:car:container>
[03:33:32.689][INFO]: Adding: [car:light_blue_tank_container] to tag: <tag:items:car:container>
[03:33:32.689][INFO]: Adding: [car:lime_tank_container] to tag: <tag:items:car:container>
[03:33:32.689][INFO]: Adding: [car:magenta_tank_container] to tag: <tag:items:car:container>
[03:33:32.690][INFO]: Adding: [car:orange_tank_container] to tag: <tag:items:car:container>
[03:33:32.690][INFO]: Adding: [car:pink_tank_container] to tag: <tag:items:car:container>
[03:33:32.690][INFO]: Adding: [car:red_tank_container] to tag: <tag:items:car:container>
[03:33:32.691][INFO]: Adding: [car:light_gray_tank_container] to tag: <tag:items:car:container>
[03:33:32.691][INFO]: Adding: [car:white_tank_container] to tag: <tag:items:car:container>
[03:33:32.691][INFO]: Adding: [car:yellow_tank_container] to tag: <tag:items:car:container>
[03:33:32.691][INFO]: Registering new items tag with name <tag:items:car:license_plate_holder>
[03:33:32.692][INFO]: Adding: [car:oak_license_plate_holder] to tag: <tag:items:car:license_plate_holder>
[03:33:32.692][INFO]: Adding: [car:acacia_license_plate_holder] to tag: <tag:items:car:license_plate_holder>
[03:33:32.692][INFO]: Adding: [car:dark_oak_license_plate_holder] to tag: <tag:items:car:license_plate_holder>
[03:33:32.692][INFO]: Adding: [car:birch_license_plate_holder] to tag: <tag:items:car:license_plate_holder>
[03:33:32.693][INFO]: Adding: [car:jungle_license_plate_holder] to tag: <tag:items:car:license_plate_holder>
[03:33:32.693][INFO]: Adding: [car:spruce_license_plate_holder] to tag: <tag:items:car:license_plate_holder>
[03:33:32.693][INFO]: Adding: [car:crimson_license_plate_holder] to tag: <tag:items:car:license_plate_holder>
[03:33:32.693][INFO]: Adding: [car:warped_license_plate_holder] to tag: <tag:items:car:license_plate_holder>
[03:33:32.693][INFO]: Adding: [car:iron_license_plate_holder] to tag: <tag:items:car:license_plate_holder>
[03:33:32.694][INFO]: Adding: [car:gold_license_plate_holder] to tag: <tag:items:car:license_plate_holder>
[03:33:32.694][INFO]: Adding: [car:diamond_license_plate_holder] to tag: <tag:items:car:license_plate_holder>
[03:33:32.694][INFO]: Adding: [car:emerald_license_plate_holder] to tag: <tag:items:car:license_plate_holder>
[03:33:32.694][INFO]: Registering new items tag with name <tag:items:forge:flares>
[03:33:32.694][INFO]: Adding: [drg_flares:drg_flare_black] to tag: <tag:items:forge:flares>
[03:33:32.695][INFO]: Adding: [drg_flares:drg_flare_blue] to tag: <tag:items:forge:flares>
[03:33:32.695][INFO]: Adding: [drg_flares:drg_flare_brown] to tag: <tag:items:forge:flares>
[03:33:32.695][INFO]: Adding: [drg_flares:drg_flare_cyan] to tag: <tag:items:forge:flares>
[03:33:32.695][INFO]: Adding: [drg_flares:drg_flare_gray] to tag: <tag:items:forge:flares>
[03:33:32.695][INFO]: Adding: [drg_flares:drg_flare_green] to tag: <tag:items:forge:flares>
[03:33:32.695][INFO]: Adding: [drg_flares:drg_flare_light_blue] to tag: <tag:items:forge:flares>
[03:33:32.696][INFO]: Adding: [drg_flares:drg_flare_lime] to tag: <tag:items:forge:flares>
[03:33:32.696][INFO]: Adding: [drg_flares:drg_flare_magenta] to tag: <tag:items:forge:flares>
[03:33:32.696][INFO]: Adding: [drg_flares:drg_flare_orange] to tag: <tag:items:forge:flares>
[03:33:32.696][INFO]: Adding: [drg_flares:drg_flare_pink] to tag: <tag:items:forge:flares>
[03:33:32.696][INFO]: Adding: [drg_flares:drg_flare_red] to tag: <tag:items:forge:flares>
[03:33:32.697][INFO]: Adding: [drg_flares:drg_flare_light_gray] to tag: <tag:items:forge:flares>
[03:33:32.697][INFO]: Adding: [drg_flares:drg_flare_white] to tag: <tag:items:forge:flares>
[03:33:32.697][INFO]: Adding: [drg_flares:drg_flare_yellow] to tag: <tag:items:forge:flares>
[03:33:32.699][INFO]: Modifying Attributes of: <item:apocalypsenow:baseball_bat>.anyDamage()
[03:33:32.699][INFO]: Modifying Attributes of: <item:apocalypsenow:baseball_bat>.anyDamage()
[03:33:32.699][INFO]: Modifying Attributes of: <item:apocalypsenow:baseball_bat>.anyDamage()
[03:33:32.699][INFO]: Modifying Attributes of: <item:apocalypsenow:baseball_bat>.anyDamage()
[03:33:32.699][INFO]: Set the value of Max Damage on <item:apocalypsenow:baseball_bat> to: '120'
[03:33:32.699][INFO]: Modifying Attributes of: <item:apocalypsenow:spiked_baseball_bat>.anyDamage()
[03:33:32.699][INFO]: Modifying Attributes of: <item:apocalypsenow:spiked_baseball_bat>.anyDamage()
[03:33:32.699][INFO]: Modifying Attributes of: <item:apocalypsenow:spiked_baseball_bat>.anyDamage()
[03:33:32.699][INFO]: Modifying Attributes of: <item:apocalypsenow:spiked_baseball_bat>.anyDamage()
[03:33:32.700][INFO]: Set the value of Max Damage on <item:apocalypsenow:spiked_baseball_bat> to: '150'
[03:33:32.700][INFO]: Modifying Attributes of: <item:apocalypsenow:wrapped_baseball_bat>.anyDamage()
[03:33:32.700][INFO]: Modifying Attributes of: <item:apocalypsenow:wrapped_baseball_bat>.anyDamage()
[03:33:32.700][INFO]: Modifying Attributes of: <item:apocalypsenow:wrapped_baseball_bat>.anyDamage()
[03:33:32.700][INFO]: Modifying Attributes of: <item:apocalypsenow:wrapped_baseball_bat>.anyDamage()
[03:33:32.700][INFO]: Set the value of Max Damage on <item:apocalypsenow:wrapped_baseball_bat> to: '200'
[03:33:32.700][INFO]: Modifying Attributes of: <item:apocalypsenow:wired_baseball_bat>.anyDamage()
[03:33:32.700][INFO]: Modifying Attributes of: <item:apocalypsenow:wired_baseball_bat>.anyDamage()
[03:33:32.700][INFO]: Modifying Attributes of: <item:apocalypsenow:wired_baseball_bat>.anyDamage()
[03:33:32.700][INFO]: Modifying Attributes of: <item:apocalypsenow:wired_baseball_bat>.anyDamage()
[03:33:32.700][INFO]: Set the value of Max Damage on <item:apocalypsenow:wired_baseball_bat> to: '180'
[03:33:32.700][INFO]: Modifying Attributes of: <item:apocalypsenow:saw_baseball_bat>.anyDamage()
[03:33:32.700][INFO]: Modifying Attributes of: <item:apocalypsenow:saw_baseball_bat>.anyDamage()
[03:33:32.700][INFO]: Modifying Attributes of: <item:apocalypsenow:saw_baseball_bat>.anyDamage()
[03:33:32.700][INFO]: Modifying Attributes of: <item:apocalypsenow:saw_baseball_bat>.anyDamage()
[03:33:32.700][INFO]: Set the value of Max Damage on <item:apocalypsenow:saw_baseball_bat> to: '451'
[03:33:32.700][INFO]: Modifying Attributes of: <item:apocalypsenow:electrical_baseball_bat>.anyDamage()
[03:33:32.700][INFO]: Modifying Attributes of: <item:apocalypsenow:electrical_baseball_bat>.anyDamage()
[03:33:32.700][INFO]: Modifying Attributes of: <item:apocalypsenow:electrical_baseball_bat>.anyDamage()
[03:33:32.700][INFO]: Modifying Attributes of: <item:apocalypsenow:electrical_baseball_bat>.anyDamage()
[03:33:32.700][INFO]: Set the value of Max Damage on <item:apocalypsenow:electrical_baseball_bat> to: '304'
[03:33:32.700][INFO]: Modifying Attributes of: <item:apocalypsenow:iron_baseball_bat>.anyDamage()
[03:33:32.700][INFO]: Modifying Attributes of: <item:apocalypsenow:iron_baseball_bat>.anyDamage()
[03:33:32.700][INFO]: Modifying Attributes of: <item:apocalypsenow:iron_baseball_bat>.anyDamage()
[03:33:32.700][INFO]: Modifying Attributes of: <item:apocalypsenow:iron_baseball_bat>.anyDamage()
[03:33:32.700][INFO]: Set the value of Max Damage on <item:apocalypsenow:iron_baseball_bat> to: '560'
[03:33:32.700][INFO]: Modifying Attributes of: <item:apocalypsenow:spiked_iron_baseball_bat>.anyDamage()
[03:33:32.700][INFO]: Modifying Attributes of: <item:apocalypsenow:spiked_iron_baseball_bat>.anyDamage()
[03:33:32.701][INFO]: Modifying Attributes of: <item:apocalypsenow:spiked_iron_baseball_bat>.anyDamage()
[03:33:32.701][INFO]: Modifying Attributes of: <item:apocalypsenow:spiked_iron_baseball_bat>.anyDamage()
[03:33:32.701][INFO]: Set the value of Max Damage on <item:apocalypsenow:spiked_iron_baseball_bat> to: '624'
[03:33:32.701][INFO]: Modifying Attributes of: <item:apocalypsenow:laminated_iron_baseball_bat>.anyDamage()
[03:33:32.701][INFO]: Modifying Attributes of: <item:apocalypsenow:laminated_iron_baseball_bat>.anyDamage()
[03:33:32.701][INFO]: Modifying Attributes of: <item:apocalypsenow:laminated_iron_baseball_bat>.anyDamage()
[03:33:32.701][INFO]: Modifying Attributes of: <item:apocalypsenow:laminated_iron_baseball_bat>.anyDamage()
[03:33:32.701][INFO]: Set the value of Max Damage on <item:apocalypsenow:laminated_iron_baseball_bat> to: '739'
[03:33:32.701][INFO]: Modifying Attributes of: <item:apocalypsenow:night_stick>.anyDamage()
[03:33:32.701][INFO]: Modifying Attributes of: <item:apocalypsenow:night_stick>.anyDamage()
[03:33:32.701][INFO]: Modifying Attributes of: <item:apocalypsenow:night_stick>.anyDamage()
[03:33:32.701][INFO]: Modifying Attributes of: <item:apocalypsenow:night_stick>.anyDamage()
[03:33:32.701][INFO]: Set the value of Max Damage on <item:apocalypsenow:night_stick> to: '600'
[03:33:32.701][INFO]: Modifying Attributes of: <item:apocalypsenow:electric_baton>.anyDamage()
[03:33:32.701][INFO]: Modifying Attributes of: <item:apocalypsenow:electric_baton>.anyDamage()
[03:33:32.701][INFO]: Modifying Attributes of: <item:apocalypsenow:electric_baton>.anyDamage()
[03:33:32.701][INFO]: Modifying Attributes of: <item:apocalypsenow:electric_baton>.anyDamage()
[03:33:32.701][INFO]: Set the value of Max Damage on <item:apocalypsenow:electric_baton> to: '1150'
[03:33:32.701][INFO]: Modifying Attributes of: <item:apocalypsenow:sledge_hammer>.anyDamage()
[03:33:32.701][INFO]: Modifying Attributes of: <item:apocalypsenow:sledge_hammer>.anyDamage()
[03:33:32.701][INFO]: Modifying Attributes of: <item:apocalypsenow:sledge_hammer>.anyDamage()
[03:33:32.701][INFO]: Modifying Attributes of: <item:apocalypsenow:sledge_hammer>.anyDamage()
[03:33:32.701][INFO]: Set the value of Max Damage on <item:apocalypsenow:sledge_hammer> to: '945'
[03:33:32.701][INFO]: Modifying Attributes of: <item:apocalypsenow:fire_axe>.anyDamage()
[03:33:32.701][INFO]: Modifying Attributes of: <item:apocalypsenow:fire_axe>.anyDamage()
[03:33:32.701][INFO]: Modifying Attributes of: <item:apocalypsenow:fire_axe>.anyDamage()
[03:33:32.701][INFO]: Modifying Attributes of: <item:apocalypsenow:fire_axe>.anyDamage()
[03:33:32.701][INFO]: Set the value of Max Damage on <item:apocalypsenow:fire_axe> to: '894'
[03:33:32.701][INFO]: Modifying Attributes of: <item:apocalypsenow:emergency_axe>.anyDamage()
[03:33:32.701][INFO]: Modifying Attributes of: <item:apocalypsenow:emergency_axe>.anyDamage()
[03:33:32.701][INFO]: Modifying Attributes of: <item:apocalypsenow:emergency_axe>.anyDamage()
[03:33:32.701][INFO]: Modifying Attributes of: <item:apocalypsenow:emergency_axe>.anyDamage()
[03:33:32.702][INFO]: Set the value of Max Damage on <item:apocalypsenow:emergency_axe> to: '894'
[03:33:32.702][INFO]: Modifying Attributes of: <item:apocalypsenow:wooden_fire_axe>.anyDamage()
[03:33:32.702][INFO]: Modifying Attributes of: <item:apocalypsenow:wooden_fire_axe>.anyDamage()
[03:33:32.702][INFO]: Modifying Attributes of: <item:apocalypsenow:wooden_fire_axe>.anyDamage()
[03:33:32.702][INFO]: Modifying Attributes of: <item:apocalypsenow:wooden_fire_axe>.anyDamage()
[03:33:32.702][INFO]: Set the value of Max Damage on <item:apocalypsenow:wooden_fire_axe> to: '485'
[03:33:32.702][INFO]: Modifying Attributes of: <item:apocalypsenow:construction_axe>.anyDamage()
[03:33:32.702][INFO]: Modifying Attributes of: <item:apocalypsenow:construction_axe>.anyDamage()
[03:33:32.702][INFO]: Modifying Attributes of: <item:apocalypsenow:construction_axe>.anyDamage()
[03:33:32.702][INFO]: Modifying Attributes of: <item:apocalypsenow:construction_axe>.anyDamage()
[03:33:32.702][INFO]: Set the value of Max Damage on <item:apocalypsenow:construction_axe> to: '894'
[03:33:32.702][INFO]: Modifying Attributes of: <item:apocalypsenow:hand_axe>.anyDamage()
[03:33:32.702][INFO]: Modifying Attributes of: <item:apocalypsenow:hand_axe>.anyDamage()
[03:33:32.702][INFO]: Modifying Attributes of: <item:apocalypsenow:hand_axe>.anyDamage()
[03:33:32.702][INFO]: Modifying Attributes of: <item:apocalypsenow:hand_axe>.anyDamage()
[03:33:32.702][INFO]: Set the value of Max Damage on <item:apocalypsenow:hand_axe> to: '421'
[03:33:32.702][INFO]: Modifying Attributes of: <item:apocalypsenow:lumber_jack_axe>.anyDamage()
[03:33:32.702][INFO]: Modifying Attributes of: <item:apocalypsenow:lumber_jack_axe>.anyDamage()
[03:33:32.702][INFO]: Modifying Attributes of: <item:apocalypsenow:lumber_jack_axe>.anyDamage()
[03:33:32.702][INFO]: Modifying Attributes of: <item:apocalypsenow:lumber_jack_axe>.anyDamage()
[03:33:32.702][INFO]: Set the value of Max Damage on <item:apocalypsenow:lumber_jack_axe> to: '231'
[03:33:32.702][INFO]: Modifying Attributes of: <item:apocalypsenow:red_lumberjack_axe>.anyDamage()
[03:33:32.702][INFO]: Modifying Attributes of: <item:apocalypsenow:red_lumberjack_axe>.anyDamage()
[03:33:32.702][INFO]: Modifying Attributes of: <item:apocalypsenow:red_lumberjack_axe>.anyDamage()
[03:33:32.702][INFO]: Modifying Attributes of: <item:apocalypsenow:red_lumberjack_axe>.anyDamage()
[03:33:32.702][INFO]: Set the value of Max Damage on <item:apocalypsenow:red_lumberjack_axe> to: '231'
[03:33:32.702][INFO]: Modifying Attributes of: <item:apocalypsenow:tourist_axe>.anyDamage()
[03:33:32.702][INFO]: Modifying Attributes of: <item:apocalypsenow:tourist_axe>.anyDamage()
[03:33:32.703][INFO]: Modifying Attributes of: <item:apocalypsenow:tourist_axe>.anyDamage()
[03:33:32.703][INFO]: Modifying Attributes of: <item:apocalypsenow:tourist_axe>.anyDamage()
[03:33:32.703][INFO]: Set the value of Max Damage on <item:apocalypsenow:tourist_axe> to: '378'
[03:33:32.703][INFO]: Modifying Attributes of: <item:apocalypsenow:survival_axe>.anyDamage()
[03:33:32.703][INFO]: Modifying Attributes of: <item:apocalypsenow:survival_axe>.anyDamage()
[03:33:32.703][INFO]: Modifying Attributes of: <item:apocalypsenow:survival_axe>.anyDamage()
[03:33:32.703][INFO]: Modifying Attributes of: <item:apocalypsenow:survival_axe>.anyDamage()
[03:33:32.703][INFO]: Set the value of Max Damage on <item:apocalypsenow:survival_axe> to: '392'
[03:33:32.703][INFO]: Modifying Attributes of: <item:apocalypsenow:ice_axe>.anyDamage()
[03:33:32.703][INFO]: Modifying Attributes of: <item:apocalypsenow:ice_axe>.anyDamage()
[03:33:32.703][INFO]: Modifying Attributes of: <item:apocalypsenow:ice_axe>.anyDamage()
[03:33:32.703][INFO]: Modifying Attributes of: <item:apocalypsenow:ice_axe>.anyDamage()
[03:33:32.703][INFO]: Set the value of Max Damage on <item:apocalypsenow:ice_axe> to: '392'
[03:33:32.703][INFO]: Modifying Attributes of: <item:apocalypsenow:gardening_axe>.anyDamage()
[03:33:32.703][INFO]: Modifying Attributes of: <item:apocalypsenow:gardening_axe>.anyDamage()
[03:33:32.703][INFO]: Modifying Attributes of: <item:apocalypsenow:gardening_axe>.anyDamage()
[03:33:32.703][INFO]: Modifying Attributes of: <item:apocalypsenow:gardening_axe>.anyDamage()
[03:33:32.703][INFO]: Set the value of Max Damage on <item:apocalypsenow:gardening_axe> to: '421'
[03:33:32.703][INFO]: Modifying Attributes of: <item:apocalypsenow:combat_axe>.anyDamage()
[03:33:32.703][INFO]: Modifying Attributes of: <item:apocalypsenow:combat_axe>.anyDamage()
[03:33:32.703][INFO]: Modifying Attributes of: <item:apocalypsenow:combat_axe>.anyDamage()
[03:33:32.703][INFO]: Modifying Attributes of: <item:apocalypsenow:combat_axe>.anyDamage()
[03:33:32.703][INFO]: Set the value of Max Damage on <item:apocalypsenow:combat_axe> to: '2651'
[03:33:32.703][INFO]: Modifying Attributes of: <item:apocalypsenow:electrical_combat_axe>.anyDamage()
[03:33:32.703][INFO]: Modifying Attributes of: <item:apocalypsenow:electrical_combat_axe>.anyDamage()
[03:33:32.703][INFO]: Modifying Attributes of: <item:apocalypsenow:electrical_combat_axe>.anyDamage()
[03:33:32.703][INFO]: Modifying Attributes of: <item:apocalypsenow:electrical_combat_axe>.anyDamage()
[03:33:32.703][INFO]: Set the value of Max Damage on <item:apocalypsenow:electrical_combat_axe> to: '2885'
[03:33:32.703][INFO]: Modifying Attributes of: <item:apocalypsenow:pipe>.anyDamage()
[03:33:32.703][INFO]: Modifying Attributes of: <item:apocalypsenow:pipe>.anyDamage()
[03:33:32.704][INFO]: Modifying Attributes of: <item:apocalypsenow:pipe>.anyDamage()
[03:33:32.704][INFO]: Modifying Attributes of: <item:apocalypsenow:pipe>.anyDamage()
[03:33:32.704][INFO]: Set the value of Max Damage on <item:apocalypsenow:pipe> to: '820'
[03:33:32.704][INFO]: Modifying Attributes of: <item:apocalypsenow:machete>.anyDamage()
[03:33:32.704][INFO]: Modifying Attributes of: <item:apocalypsenow:machete>.anyDamage()
[03:33:32.704][INFO]: Modifying Attributes of: <item:apocalypsenow:machete>.anyDamage()
[03:33:32.704][INFO]: Modifying Attributes of: <item:apocalypsenow:machete>.anyDamage()
[03:33:32.704][INFO]: Set the value of Max Damage on <item:apocalypsenow:machete> to: '524'
[03:33:32.704][INFO]: Modifying Attributes of: <item:apocalypsenow:serrated_machete>.anyDamage()
[03:33:32.704][INFO]: Modifying Attributes of: <item:apocalypsenow:serrated_machete>.anyDamage()
[03:33:32.704][INFO]: Modifying Attributes of: <item:apocalypsenow:serrated_machete>.anyDamage()
[03:33:32.704][INFO]: Modifying Attributes of: <item:apocalypsenow:serrated_machete>.anyDamage()
[03:33:32.704][INFO]: Set the value of Max Damage on <item:apocalypsenow:serrated_machete> to: '631'
[03:33:32.704][INFO]: Modifying Attributes of: <item:apocalypsenow:hawkbill_machete>.anyDamage()
[03:33:32.704][INFO]: Modifying Attributes of: <item:apocalypsenow:hawkbill_machete>.anyDamage()
[03:33:32.704][INFO]: Modifying Attributes of: <item:apocalypsenow:hawkbill_machete>.anyDamage()
[03:33:32.704][INFO]: Modifying Attributes of: <item:apocalypsenow:hawkbill_machete>.anyDamage()
[03:33:32.704][INFO]: Set the value of Max Damage on <item:apocalypsenow:hawkbill_machete> to: '524'
[03:33:32.704][INFO]: Modifying Attributes of: <item:apocalypsenow:bowie_machete>.anyDamage()
[03:33:32.704][INFO]: Modifying Attributes of: <item:apocalypsenow:bowie_machete>.anyDamage()
[03:33:32.704][INFO]: Modifying Attributes of: <item:apocalypsenow:bowie_machete>.anyDamage()
[03:33:32.704][INFO]: Modifying Attributes of: <item:apocalypsenow:bowie_machete>.anyDamage()
[03:33:32.704][INFO]: Set the value of Max Damage on <item:apocalypsenow:bowie_machete> to: '524'
[03:33:32.704][INFO]: Modifying Attributes of: <item:apocalypsenow:heavy_machete>.anyDamage()
[03:33:32.704][INFO]: Modifying Attributes of: <item:apocalypsenow:heavy_machete>.anyDamage()
[03:33:32.704][INFO]: Modifying Attributes of: <item:apocalypsenow:heavy_machete>.anyDamage()
[03:33:32.704][INFO]: Modifying Attributes of: <item:apocalypsenow:heavy_machete>.anyDamage()
[03:33:32.704][INFO]: Set the value of Max Damage on <item:apocalypsenow:heavy_machete> to: '796'
[03:33:32.704][INFO]: Modifying Attributes of: <item:apocalypsenow:tactical_machete>.anyDamage()
[03:33:32.704][INFO]: Modifying Attributes of: <item:apocalypsenow:tactical_machete>.anyDamage()
[03:33:32.705][INFO]: Modifying Attributes of: <item:apocalypsenow:tactical_machete>.anyDamage()
[03:33:32.705][INFO]: Modifying Attributes of: <item:apocalypsenow:tactical_machete>.anyDamage()
[03:33:32.705][INFO]: Set the value of Max Damage on <item:apocalypsenow:tactical_machete> to: '2651'
[03:33:32.705][INFO]: Modifying Attributes of: <item:apocalypsenow:kukri_machete>.anyDamage()
[03:33:32.705][INFO]: Modifying Attributes of: <item:apocalypsenow:kukri_machete>.anyDamage()
[03:33:32.705][INFO]: Modifying Attributes of: <item:apocalypsenow:kukri_machete>.anyDamage()
[03:33:32.705][INFO]: Modifying Attributes of: <item:apocalypsenow:kukri_machete>.anyDamage()
[03:33:32.705][INFO]: Set the value of Max Damage on <item:apocalypsenow:kukri_machete> to: '1510'
[03:33:32.705][INFO]: Modifying Attributes of: <item:apocalypsenow:taiga_1_survival_machete>.anyDamage()
[03:33:32.705][INFO]: Modifying Attributes of: <item:apocalypsenow:taiga_1_survival_machete>.anyDamage()
[03:33:32.705][INFO]: Modifying Attributes of: <item:apocalypsenow:taiga_1_survival_machete>.anyDamage()
[03:33:32.705][INFO]: Modifying Attributes of: <item:apocalypsenow:taiga_1_survival_machete>.anyDamage()
[03:33:32.705][INFO]: Set the value of Max Damage on <item:apocalypsenow:taiga_1_survival_machete> to: '638'
[03:33:32.705][INFO]: Modifying Attributes of: <item:apocalypsenow:combat_survival_knife>.anyDamage()
[03:33:32.705][INFO]: Modifying Attributes of: <item:apocalypsenow:combat_survival_knife>.anyDamage()
[03:33:32.705][INFO]: Modifying Attributes of: <item:apocalypsenow:combat_survival_knife>.anyDamage()
[03:33:32.705][INFO]: Modifying Attributes of: <item:apocalypsenow:combat_survival_knife>.anyDamage()
[03:33:32.705][INFO]: Set the value of Max Damage on <item:apocalypsenow:combat_survival_knife> to: '452'
[03:33:32.705][INFO]: Modifying Attributes of: <item:apocalypsenow:combat_knife>.anyDamage()
[03:33:32.705][INFO]: Modifying Attributes of: <item:apocalypsenow:combat_knife>.anyDamage()
[03:33:32.705][INFO]: Modifying Attributes of: <item:apocalypsenow:combat_knife>.anyDamage()
[03:33:32.705][INFO]: Modifying Attributes of: <item:apocalypsenow:combat_knife>.anyDamage()
[03:33:32.705][INFO]: Set the value of Max Damage on <item:apocalypsenow:combat_knife> to: '687'
[03:33:32.705][INFO]: Modifying Attributes of: <item:apocalypsenow:kitchen_knife>.anyDamage()
[03:33:32.705][INFO]: Modifying Attributes of: <item:apocalypsenow:kitchen_knife>.anyDamage()
[03:33:32.705][INFO]: Modifying Attributes of: <item:apocalypsenow:kitchen_knife>.anyDamage()
[03:33:32.705][INFO]: Modifying Attributes of: <item:apocalypsenow:kitchen_knife>.anyDamage()
[03:33:32.705][INFO]: Set the value of Max Damage on <item:apocalypsenow:kitchen_knife> to: '345'
[03:33:32.706][INFO]: Modifying Attributes of: <item:apocalypsenow:mk_knife>.anyDamage()
[03:33:32.706][INFO]: Modifying Attributes of: <item:apocalypsenow:mk_knife>.anyDamage()
[03:33:32.706][INFO]: Modifying Attributes of: <item:apocalypsenow:mk_knife>.anyDamage()
[03:33:32.706][INFO]: Modifying Attributes of: <item:apocalypsenow:mk_knife>.anyDamage()
[03:33:32.706][INFO]: Set the value of Max Damage on <item:apocalypsenow:mk_knife> to: '333'
[03:33:32.706][INFO]: Modifying Attributes of: <item:apocalypsenow:knife>.anyDamage()
[03:33:32.706][INFO]: Modifying Attributes of: <item:apocalypsenow:knife>.anyDamage()
[03:33:32.706][INFO]: Modifying Attributes of: <item:apocalypsenow:knife>.anyDamage()
[03:33:32.706][INFO]: Modifying Attributes of: <item:apocalypsenow:knife>.anyDamage()
[03:33:32.706][INFO]: Set the value of Max Damage on <item:apocalypsenow:knife> to: '345'
[03:33:32.706][INFO]: Modifying Attributes of: <item:apocalypsenow:military_knife>.anyDamage()
[03:33:32.706][INFO]: Modifying Attributes of: <item:apocalypsenow:military_knife>.anyDamage()
[03:33:32.706][INFO]: Modifying Attributes of: <item:apocalypsenow:military_knife>.anyDamage()
[03:33:32.706][INFO]: Modifying Attributes of: <item:apocalypsenow:military_knife>.anyDamage()
[03:33:32.706][INFO]: Set the value of Max Damage on <item:apocalypsenow:military_knife> to: '895'
[03:33:32.706][INFO]: Modifying Attributes of: <item:apocalypsenow:hunting_knife>.anyDamage()
[03:33:32.706][INFO]: Modifying Attributes of: <item:apocalypsenow:hunting_knife>.anyDamage()
[03:33:32.706][INFO]: Modifying Attributes of: <item:apocalypsenow:hunting_knife>.anyDamage()
[03:33:32.706][INFO]: Modifying Attributes of: <item:apocalypsenow:hunting_knife>.anyDamage()
[03:33:32.706][INFO]: Set the value of Max Damage on <item:apocalypsenow:hunting_knife> to: '294'
[03:33:32.706][INFO]: Modifying Attributes of: <item:apocalypsenow:english_punch_knife>.anyDamage()
[03:33:32.706][INFO]: Modifying Attributes of: <item:apocalypsenow:english_punch_knife>.anyDamage()
[03:33:32.706][INFO]: Modifying Attributes of: <item:apocalypsenow:english_punch_knife>.anyDamage()
[03:33:32.706][INFO]: Modifying Attributes of: <item:apocalypsenow:english_punch_knife>.anyDamage()
[03:33:32.706][INFO]: Set the value of Max Damage on <item:apocalypsenow:english_punch_knife> to: '168'
[03:33:32.706][INFO]: Modifying Attributes of: <item:apocalypsenow:switch_knife>.anyDamage()
[03:33:32.706][INFO]: Modifying Attributes of: <item:apocalypsenow:switch_knife>.anyDamage()
[03:33:32.706][INFO]: Modifying Attributes of: <item:apocalypsenow:switch_knife>.anyDamage()
[03:33:32.706][INFO]: Modifying Attributes of: <item:apocalypsenow:switch_knife>.anyDamage()
[03:33:32.706][INFO]: Set the value of Max Damage on <item:apocalypsenow:switch_knife> to: '290'
[03:33:32.706][INFO]: Modifying Attributes of: <item:apocalypsenow:butterfly_knife>.anyDamage()
[03:33:32.706][INFO]: Modifying Attributes of: <item:apocalypsenow:butterfly_knife>.anyDamage()
[03:33:32.707][INFO]: Modifying Attributes of: <item:apocalypsenow:butterfly_knife>.anyDamage()
[03:33:32.707][INFO]: Modifying Attributes of: <item:apocalypsenow:butterfly_knife>.anyDamage()
[03:33:32.707][INFO]: Set the value of Max Damage on <item:apocalypsenow:butterfly_knife> to: '362'
[03:33:32.707][INFO]: Modifying Attributes of: <item:apocalypsenow:tactical_knife>.anyDamage()
[03:33:32.707][INFO]: Modifying Attributes of: <item:apocalypsenow:tactical_knife>.anyDamage()
[03:33:32.707][INFO]: Modifying Attributes of: <item:apocalypsenow:tactical_knife>.anyDamage()
[03:33:32.707][INFO]: Modifying Attributes of: <item:apocalypsenow:tactical_knife>.anyDamage()
[03:33:32.707][INFO]: Set the value of Max Damage on <item:apocalypsenow:tactical_knife> to: '1243'
[03:33:32.707][INFO]: Modifying Attributes of: <item:apocalypsenow:long_knife>.anyDamage()
[03:33:32.707][INFO]: Modifying Attributes of: <item:apocalypsenow:long_knife>.anyDamage()
[03:33:32.707][INFO]: Modifying Attributes of: <item:apocalypsenow:long_knife>.anyDamage()
[03:33:32.707][INFO]: Modifying Attributes of: <item:apocalypsenow:long_knife>.anyDamage()
[03:33:32.707][INFO]: Set the value of Max Damage on <item:apocalypsenow:long_knife> to: '267'
[03:33:32.707][INFO]: Modifying Attributes of: <item:apocalypsenow:throwableknife>.anyDamage()
[03:33:32.707][INFO]: Modifying Attributes of: <item:apocalypsenow:throwableknife>.anyDamage()
[03:33:32.707][INFO]: Modifying Attributes of: <item:apocalypsenow:throwableknife>.anyDamage()
[03:33:32.707][INFO]: Modifying Attributes of: <item:apocalypsenow:throwableknife>.anyDamage()
[03:33:32.707][INFO]: Set the value of Max Damage on <item:apocalypsenow:throwableknife> to: '30'
[03:33:32.707][INFO]: Modifying Attributes of: <item:apocalypsenow:bread_knife>.anyDamage()
[03:33:32.707][INFO]: Modifying Attributes of: <item:apocalypsenow:bread_knife>.anyDamage()
[03:33:32.707][INFO]: Modifying Attributes of: <item:apocalypsenow:bread_knife>.anyDamage()
[03:33:32.707][INFO]: Modifying Attributes of: <item:apocalypsenow:bread_knife>.anyDamage()
[03:33:32.707][INFO]: Set the value of Max Damage on <item:apocalypsenow:bread_knife> to: '123'
[03:33:32.707][INFO]: Modifying Attributes of: <item:apocalypsenow:chefs_knife>.anyDamage()
[03:33:32.707][INFO]: Modifying Attributes of: <item:apocalypsenow:chefs_knife>.anyDamage()
[03:33:32.707][INFO]: Modifying Attributes of: <item:apocalypsenow:chefs_knife>.anyDamage()
[03:33:32.707][INFO]: Modifying Attributes of: <item:apocalypsenow:chefs_knife>.anyDamage()
[03:33:32.707][INFO]: Set the value of Max Damage on <item:apocalypsenow:chefs_knife> to: '267'
[03:33:32.707][INFO]: Modifying Attributes of: <item:apocalypsenow:stilettoknife>.anyDamage()
[03:33:32.707][INFO]: Modifying Attributes of: <item:apocalypsenow:stilettoknife>.anyDamage()
[03:33:32.707][INFO]: Modifying Attributes of: <item:apocalypsenow:stilettoknife>.anyDamage()
[03:33:32.707][INFO]: Modifying Attributes of: <item:apocalypsenow:stilettoknife>.anyDamage()
[03:33:32.707][INFO]: Set the value of Max Damage on <item:apocalypsenow:stilettoknife> to: '456'
[03:33:32.707][INFO]: Modifying Attributes of: <item:apocalypsenow:cutter_knife>.anyDamage()
[03:33:32.708][INFO]: Modifying Attributes of: <item:apocalypsenow:cutter_knife>.anyDamage()
[03:33:32.708][INFO]: Modifying Attributes of: <item:apocalypsenow:cutter_knife>.anyDamage()
[03:33:32.708][INFO]: Modifying Attributes of: <item:apocalypsenow:cutter_knife>.anyDamage()
[03:33:32.708][INFO]: Set the value of Max Damage on <item:apocalypsenow:cutter_knife> to: '24'
[03:33:32.708][INFO]: Modifying Attributes of: <item:apocalypsenow:expedition_knife>.anyDamage()
[03:33:32.708][INFO]: Modifying Attributes of: <item:apocalypsenow:expedition_knife>.anyDamage()
[03:33:32.708][INFO]: Modifying Attributes of: <item:apocalypsenow:expedition_knife>.anyDamage()
[03:33:32.708][INFO]: Modifying Attributes of: <item:apocalypsenow:expedition_knife>.anyDamage()
[03:33:32.708][INFO]: Set the value of Max Damage on <item:apocalypsenow:expedition_knife> to: '594'
[03:33:32.708][INFO]: Modifying Attributes of: <item:apocalypsenow:premium_hammer>.anyDamage()
[03:33:32.708][INFO]: Modifying Attributes of: <item:apocalypsenow:premium_hammer>.anyDamage()
[03:33:32.708][INFO]: Modifying Attributes of: <item:apocalypsenow:premium_hammer>.anyDamage()
[03:33:32.708][INFO]: Modifying Attributes of: <item:apocalypsenow:premium_hammer>.anyDamage()
[03:33:32.708][INFO]: Set the value of Max Damage on <item:apocalypsenow:premium_hammer> to: '546'
[03:33:32.708][INFO]: Modifying Attributes of: <item:apocalypsenow:meat_hammer>.anyDamage()
[03:33:32.708][INFO]: Modifying Attributes of: <item:apocalypsenow:meat_hammer>.anyDamage()
[03:33:32.708][INFO]: Modifying Attributes of: <item:apocalypsenow:meat_hammer>.anyDamage()
[03:33:32.708][INFO]: Modifying Attributes of: <item:apocalypsenow:meat_hammer>.anyDamage()
[03:33:32.709][INFO]: Set the value of Max Damage on <item:apocalypsenow:meat_hammer> to: '474'
[03:33:32.709][INFO]: Modifying Attributes of: <item:apocalypsenow:improvised_hammer>.anyDamage()
[03:33:32.709][INFO]: Modifying Attributes of: <item:apocalypsenow:improvised_hammer>.anyDamage()
[03:33:32.709][INFO]: Modifying Attributes of: <item:apocalypsenow:improvised_hammer>.anyDamage()
[03:33:32.709][INFO]: Modifying Attributes of: <item:apocalypsenow:improvised_hammer>.anyDamage()
[03:33:32.709][INFO]: Set the value of Max Damage on <item:apocalypsenow:improvised_hammer> to: '256'
[03:33:32.709][INFO]: Modifying Attributes of: <item:apocalypsenow:ballpeen_hammer>.anyDamage()
[03:33:32.709][INFO]: Modifying Attributes of: <item:apocalypsenow:ballpeen_hammer>.anyDamage()
[03:33:32.709][INFO]: Modifying Attributes of: <item:apocalypsenow:ballpeen_hammer>.anyDamage()
[03:33:32.709][INFO]: Modifying Attributes of: <item:apocalypsenow:ballpeen_hammer>.anyDamage()
[03:33:32.709][INFO]: Set the value of Max Damage on <item:apocalypsenow:ballpeen_hammer> to: '789'
[03:33:32.709][INFO]: Modifying Attributes of: <item:apocalypsenow:rubber_hammer>.anyDamage()
[03:33:32.709][INFO]: Modifying Attributes of: <item:apocalypsenow:rubber_hammer>.anyDamage()
[03:33:32.710][INFO]: Modifying Attributes of: <item:apocalypsenow:rubber_hammer>.anyDamage()
[03:33:32.710][INFO]: Modifying Attributes of: <item:apocalypsenow:rubber_hammer>.anyDamage()
[03:33:32.710][INFO]: Set the value of Max Damage on <item:apocalypsenow:rubber_hammer> to: '199'
[03:33:32.710][INFO]: Modifying Attributes of: <item:apocalypsenow:scissors>.anyDamage()
[03:33:32.710][INFO]: Modifying Attributes of: <item:apocalypsenow:scissors>.anyDamage()
[03:33:32.710][INFO]: Modifying Attributes of: <item:apocalypsenow:scissors>.anyDamage()
[03:33:32.710][INFO]: Modifying Attributes of: <item:apocalypsenow:scissors>.anyDamage()
[03:33:32.710][INFO]: Set the value of Max Damage on <item:apocalypsenow:scissors> to: '89'
[03:33:32.710][INFO]: Modifying Attributes of: <item:apocalypsenow:scissorst>.anyDamage()
[03:33:32.710][INFO]: Modifying Attributes of: <item:apocalypsenow:scissorst>.anyDamage()
[03:33:32.710][INFO]: Modifying Attributes of: <item:apocalypsenow:scissorst>.anyDamage()
[03:33:32.710][INFO]: Modifying Attributes of: <item:apocalypsenow:scissorst>.anyDamage()
[03:33:32.710][INFO]: Set the value of Max Damage on <item:apocalypsenow:scissorst> to: '254'
[03:33:32.710][INFO]: Modifying Attributes of: <item:apocalypsenow:crowbar>.anyDamage()
[03:33:32.710][INFO]: Modifying Attributes of: <item:apocalypsenow:crowbar>.anyDamage()
[03:33:32.711][INFO]: Modifying Attributes of: <item:apocalypsenow:crowbar>.anyDamage()
[03:33:32.711][INFO]: Modifying Attributes of: <item:apocalypsenow:crowbar>.anyDamage()
[03:33:32.711][INFO]: Set the value of Max Damage on <item:apocalypsenow:crowbar> to: '781'
[03:33:32.711][INFO]: Modifying Attributes of: <item:apocalypsenow:red_crowbar>.anyDamage()
[03:33:32.711][INFO]: Modifying Attributes of: <item:apocalypsenow:red_crowbar>.anyDamage()
[03:33:32.711][INFO]: Modifying Attributes of: <item:apocalypsenow:red_crowbar>.anyDamage()
[03:33:32.711][INFO]: Modifying Attributes of: <item:apocalypsenow:red_crowbar>.anyDamage()
[03:33:32.711][INFO]: Set the value of Max Damage on <item:apocalypsenow:red_crowbar> to: '781'
[03:33:32.711][INFO]: Modifying Attributes of: <item:apocalypsenow:road_sign>.anyDamage()
[03:33:32.711][INFO]: Modifying Attributes of: <item:apocalypsenow:road_sign>.anyDamage()
[03:33:32.711][INFO]: Modifying Attributes of: <item:apocalypsenow:road_sign>.anyDamage()
[03:33:32.711][INFO]: Modifying Attributes of: <item:apocalypsenow:road_sign>.anyDamage()
[03:33:32.711][INFO]: Set the value of Max Damage on <item:apocalypsenow:road_sign> to: '416'
[03:33:32.711][INFO]: Modifying Attributes of: <item:apocalypsenow:saw_pole>.anyDamage()
[03:33:32.711][INFO]: Modifying Attributes of: <item:apocalypsenow:saw_pole>.anyDamage()
[03:33:32.712][INFO]: Modifying Attributes of: <item:apocalypsenow:saw_pole>.anyDamage()
[03:33:32.712][INFO]: Modifying Attributes of: <item:apocalypsenow:saw_pole>.anyDamage()
[03:33:32.712][INFO]: Set the value of Max Damage on <item:apocalypsenow:saw_pole> to: '423'
[03:33:32.712][INFO]: Modifying Attributes of: <item:apocalypsenow:katana>.anyDamage()
[03:33:32.712][INFO]: Modifying Attributes of: <item:apocalypsenow:katana>.anyDamage()
[03:33:32.712][INFO]: Modifying Attributes of: <item:apocalypsenow:katana>.anyDamage()
[03:33:32.712][INFO]: Modifying Attributes of: <item:apocalypsenow:katana>.anyDamage()
[03:33:32.712][INFO]: Set the value of Max Damage on <item:apocalypsenow:katana> to: '2451'
[03:33:32.712][INFO]: Modifying Attributes of: <item:apocalypsenow:hookey_stick>.anyDamage()
[03:33:32.712][INFO]: Modifying Attributes of: <item:apocalypsenow:hookey_stick>.anyDamage()
[03:33:32.712][INFO]: Modifying Attributes of: <item:apocalypsenow:hookey_stick>.anyDamage()
[03:33:32.712][INFO]: Modifying Attributes of: <item:apocalypsenow:hookey_stick>.anyDamage()
[03:33:32.712][INFO]: Set the value of Max Damage on <item:apocalypsenow:hookey_stick> to: '256'
[03:33:32.713][INFO]: Modifying Attributes of: <item:apocalypsenow:golf_stick>.anyDamage()
[03:33:32.713][INFO]: Modifying Attributes of: <item:apocalypsenow:golf_stick>.anyDamage()
[03:33:32.713][INFO]: Modifying Attributes of: <item:apocalypsenow:golf_stick>.anyDamage()
[03:33:32.713][INFO]: Modifying Attributes of: <item:apocalypsenow:golf_stick>.anyDamage()
[03:33:32.713][INFO]: Set the value of Max Damage on <item:apocalypsenow:golf_stick> to: '488'
[03:33:32.713][INFO]: Modifying Attributes of: <item:apocalypsenow:cleaver>.anyDamage()
[03:33:32.713][INFO]: Modifying Attributes of: <item:apocalypsenow:cleaver>.anyDamage()
[03:33:32.713][INFO]: Modifying Attributes of: <item:apocalypsenow:cleaver>.anyDamage()
[03:33:32.713][INFO]: Modifying Attributes of: <item:apocalypsenow:cleaver>.anyDamage()
[03:33:32.713][INFO]: Set the value of Max Damage on <item:apocalypsenow:cleaver> to: '267'
[03:33:32.713][INFO]: Modifying Attributes of: <item:apocalypsenow:pan>.anyDamage()
[03:33:32.713][INFO]: Modifying Attributes of: <item:apocalypsenow:pan>.anyDamage()
[03:33:32.713][INFO]: Modifying Attributes of: <item:apocalypsenow:pan>.anyDamage()
[03:33:32.713][INFO]: Modifying Attributes of: <item:apocalypsenow:pan>.anyDamage()
[03:33:32.713][INFO]: Set the value of Max Damage on <item:apocalypsenow:pan> to: '730'
[03:33:32.714][INFO]: Modifying Attributes of: <item:apocalypsenow:pipe_wrench>.anyDamage()
[03:33:32.714][INFO]: Modifying Attributes of: <item:apocalypsenow:pipe_wrench>.anyDamage()
[03:33:32.714][INFO]: Modifying Attributes of: <item:apocalypsenow:pipe_wrench>.anyDamage()
[03:33:32.714][INFO]: Modifying Attributes of: <item:apocalypsenow:pipe_wrench>.anyDamage()
[03:33:32.714][INFO]: Set the value of Max Damage on <item:apocalypsenow:pipe_wrench> to: '820'
[03:33:32.714][INFO]: Modifying Attributes of: <item:apocalypsenow:mace>.anyDamage()
[03:33:32.714][INFO]: Modifying Attributes of: <item:apocalypsenow:mace>.anyDamage()
[03:33:32.714][INFO]: Modifying Attributes of: <item:apocalypsenow:mace>.anyDamage()
[03:33:32.714][INFO]: Modifying Attributes of: <item:apocalypsenow:mace>.anyDamage()
[03:33:32.714][INFO]: Set the value of Max Damage on <item:apocalypsenow:mace> to: '645'
[03:33:32.714][INFO]: Modifying Attributes of: <item:apocalypsenow:tatical_mace>.anyDamage()
[03:33:32.714][INFO]: Modifying Attributes of: <item:apocalypsenow:tatical_mace>.anyDamage()
[03:33:32.714][INFO]: Modifying Attributes of: <item:apocalypsenow:tatical_mace>.anyDamage()
[03:33:32.714][INFO]: Modifying Attributes of: <item:apocalypsenow:tatical_mace>.anyDamage()
[03:33:32.715][INFO]: Set the value of Max Damage on <item:apocalypsenow:tatical_mace> to: '1364'
[03:33:32.715][INFO]: Modifying Attributes of: <item:apocalypsenow:electrical_tactical_mace>.anyDamage()
[03:33:32.715][INFO]: Modifying Attributes of: <item:apocalypsenow:electrical_tactical_mace>.anyDamage()
[03:33:32.715][INFO]: Modifying Attributes of: <item:apocalypsenow:electrical_tactical_mace>.anyDamage()
[03:33:32.715][INFO]: Modifying Attributes of: <item:apocalypsenow:electrical_tactical_mace>.anyDamage()
[03:33:32.715][INFO]: Set the value of Max Damage on <item:apocalypsenow:electrical_tactical_mace> to: '1450'
[03:33:32.715][INFO]: Modifying Attributes of: <item:apocalypsenow:dagger>.anyDamage()
[03:33:32.715][INFO]: Modifying Attributes of: <item:apocalypsenow:dagger>.anyDamage()
[03:33:32.715][INFO]: Modifying Attributes of: <item:apocalypsenow:dagger>.anyDamage()
[03:33:32.715][INFO]: Modifying Attributes of: <item:apocalypsenow:dagger>.anyDamage()
[03:33:32.715][INFO]: Set the value of Max Damage on <item:apocalypsenow:dagger> to: '789'
[03:33:32.715][INFO]: Modifying Attributes of: <item:apocalypsenow:club>.anyDamage()
[03:33:32.715][INFO]: Modifying Attributes of: <item:apocalypsenow:club>.anyDamage()
[03:33:32.716][INFO]: Modifying Attributes of: <item:apocalypsenow:club>.anyDamage()
[03:33:32.716][INFO]: Modifying Attributes of: <item:apocalypsenow:club>.anyDamage()
[03:33:32.716][INFO]: Set the value of Max Damage on <item:apocalypsenow:club> to: '235'
[03:33:32.716][INFO]: Modifying Attributes of: <item:apocalypsenow:electric_club>.anyDamage()
[03:33:32.716][INFO]: Modifying Attributes of: <item:apocalypsenow:electric_club>.anyDamage()
[03:33:32.716][INFO]: Modifying Attributes of: <item:apocalypsenow:electric_club>.anyDamage()
[03:33:32.716][INFO]: Modifying Attributes of: <item:apocalypsenow:electric_club>.anyDamage()
[03:33:32.716][INFO]: Set the value of Max Damage on <item:apocalypsenow:electric_club> to: '285'
[03:33:32.716][INFO]: Modifying Attributes of: <item:apocalypsenow:sai>.anyDamage()
[03:33:32.716][INFO]: Modifying Attributes of: <item:apocalypsenow:sai>.anyDamage()
[03:33:32.716][INFO]: Modifying Attributes of: <item:apocalypsenow:sai>.anyDamage()
[03:33:32.716][INFO]: Modifying Attributes of: <item:apocalypsenow:sai>.anyDamage()
[03:33:32.716][INFO]: Set the value of Max Damage on <item:apocalypsenow:sai> to: '426'
[03:33:32.716][INFO]: Modifying Attributes of: <item:apocalypsenow:letter_opener>.anyDamage()
[03:33:32.716][INFO]: Modifying Attributes of: <item:apocalypsenow:letter_opener>.anyDamage()
[03:33:32.716][INFO]: Modifying Attributes of: <item:apocalypsenow:letter_opener>.anyDamage()
[03:33:32.716][INFO]: Modifying Attributes of: <item:apocalypsenow:letter_opener>.anyDamage()
[03:33:32.716][INFO]: Set the value of Max Damage on <item:apocalypsenow:letter_opener> to: '149'
[03:33:32.716][INFO]: Modifying Attributes of: <item:apocalypsenow:gardening_scissors>.anyDamage()
[03:33:32.716][INFO]: Modifying Attributes of: <item:apocalypsenow:gardening_scissors>.anyDamage()
[03:33:32.716][INFO]: Modifying Attributes of: <item:apocalypsenow:gardening_scissors>.anyDamage()
[03:33:32.716][INFO]: Modifying Attributes of: <item:apocalypsenow:gardening_scissors>.anyDamage()
[03:33:32.716][INFO]: Set the value of Max Damage on <item:apocalypsenow:gardening_scissors> to: '149'
[03:33:32.716][INFO]: Modifying Attributes of: <item:apocalypsenow:shiv>.anyDamage()
[03:33:32.716][INFO]: Modifying Attributes of: <item:apocalypsenow:shiv>.anyDamage()
[03:33:32.716][INFO]: Modifying Attributes of: <item:apocalypsenow:shiv>.anyDamage()
[03:33:32.716][INFO]: Modifying Attributes of: <item:apocalypsenow:shiv>.anyDamage()
[03:33:32.716][INFO]: Set the value of Max Damage on <item:apocalypsenow:shiv> to: '118'
[03:33:32.717][INFO]: Modifying Attributes of: <item:apocalypsenow:plunger>.anyDamage()
[03:33:32.717][INFO]: Modifying Attributes of: <item:apocalypsenow:plunger>.anyDamage()
[03:33:32.717][INFO]: Modifying Attributes of: <item:apocalypsenow:plunger>.anyDamage()
[03:33:32.717][INFO]: Modifying Attributes of: <item:apocalypsenow:plunger>.anyDamage()
[03:33:32.717][INFO]: Set the value of Max Damage on <item:apocalypsenow:plunger> to: '61'
[03:33:32.717][INFO]: Modifying Attributes of: <item:apocalypsenow:icepick>.anyDamage()
[03:33:32.717][INFO]: Modifying Attributes of: <item:apocalypsenow:icepick>.anyDamage()
[03:33:32.717][INFO]: Modifying Attributes of: <item:apocalypsenow:icepick>.anyDamage()
[03:33:32.717][INFO]: Modifying Attributes of: <item:apocalypsenow:icepick>.anyDamage()
[03:33:32.717][INFO]: Set the value of Max Damage on <item:apocalypsenow:icepick> to: '118'
[03:33:32.717][INFO]: Modifying Attributes of: <item:apocalypsenow:scalpel>.anyDamage()
[03:33:32.717][INFO]: Modifying Attributes of: <item:apocalypsenow:scalpel>.anyDamage()
[03:33:32.717][INFO]: Modifying Attributes of: <item:apocalypsenow:scalpel>.anyDamage()
[03:33:32.717][INFO]: Modifying Attributes of: <item:apocalypsenow:scalpel>.anyDamage()
[03:33:32.717][INFO]: Set the value of Max Damage on <item:apocalypsenow:scalpel> to: '160'
[03:33:32.717][INFO]: Modifying Attributes of: <item:apocalypsenow:karambit>.anyDamage()
[03:33:32.717][INFO]: Modifying Attributes of: <item:apocalypsenow:karambit>.anyDamage()
[03:33:32.717][INFO]: Modifying Attributes of: <item:apocalypsenow:karambit>.anyDamage()
[03:33:32.717][INFO]: Modifying Attributes of: <item:apocalypsenow:karambit>.anyDamage()
[03:33:32.717][INFO]: Set the value of Max Damage on <item:apocalypsenow:karambit> to: '484'
[03:33:32.717][INFO]: Modifying Attributes of: <item:apocalypsenow:woddenspear>.anyDamage()
[03:33:32.717][INFO]: Modifying Attributes of: <item:apocalypsenow:woddenspear>.anyDamage()
[03:33:32.717][INFO]: Modifying Attributes of: <item:apocalypsenow:woddenspear>.anyDamage()
[03:33:32.717][INFO]: Modifying Attributes of: <item:apocalypsenow:woddenspear>.anyDamage()
[03:33:32.717][INFO]: Set the value of Max Damage on <item:apocalypsenow:woddenspear> to: '42'
[03:33:32.717][INFO]: Modifying Attributes of: <item:apocalypsenow:gardening_spade>.anyDamage()
[03:33:32.717][INFO]: Modifying Attributes of: <item:apocalypsenow:gardening_spade>.anyDamage()
[03:33:32.717][INFO]: Modifying Attributes of: <item:apocalypsenow:gardening_spade>.anyDamage()
[03:33:32.717][INFO]: Modifying Attributes of: <item:apocalypsenow:gardening_spade>.anyDamage()
[03:33:32.717][INFO]: Set the value of Max Damage on <item:apocalypsenow:gardening_spade> to: '49'
[03:33:32.717][INFO]: Modifying Attributes of: <item:apocalypsenow:rolling_pin>.anyDamage()
[03:33:32.717][INFO]: Modifying Attributes of: <item:apocalypsenow:rolling_pin>.anyDamage()
[03:33:32.717][INFO]: Modifying Attributes of: <item:apocalypsenow:rolling_pin>.anyDamage()
[03:33:32.717][INFO]: Modifying Attributes of: <item:apocalypsenow:rolling_pin>.anyDamage()
[03:33:32.717][INFO]: Set the value of Max Damage on <item:apocalypsenow:rolling_pin> to: '124'
[03:33:32.717][INFO]: Modifying Attributes of: <item:apocalypsenow:knife_spear>.anyDamage()
[03:33:32.717][INFO]: Modifying Attributes of: <item:apocalypsenow:knife_spear>.anyDamage()
[03:33:32.718][INFO]: Modifying Attributes of: <item:apocalypsenow:knife_spear>.anyDamage()
[03:33:32.718][INFO]: Modifying Attributes of: <item:apocalypsenow:knife_spear>.anyDamage()
[03:33:32.718][INFO]: Set the value of Max Damage on <item:apocalypsenow:knife_spear> to: '89'
[03:33:32.718][INFO]: Modifying Attributes of: <item:apocalypsenow:tennis_racket>.anyDamage()
[03:33:32.718][INFO]: Modifying Attributes of: <item:apocalypsenow:tennis_racket>.anyDamage()
[03:33:32.718][INFO]: Modifying Attributes of: <item:apocalypsenow:tennis_racket>.anyDamage()
[03:33:32.718][INFO]: Modifying Attributes of: <item:apocalypsenow:tennis_racket>.anyDamage()
[03:33:32.718][INFO]: Set the value of Max Damage on <item:apocalypsenow:tennis_racket> to: '124'
[03:33:32.718][INFO]: Modifying Attributes of: <item:apocalypsenow:snow_shovel>.anyDamage()
[03:33:32.718][INFO]: Modifying Attributes of: <item:apocalypsenow:snow_shovel>.anyDamage()
[03:33:32.718][INFO]: Modifying Attributes of: <item:apocalypsenow:snow_shovel>.anyDamage()
[03:33:32.718][INFO]: Modifying Attributes of: <item:apocalypsenow:snow_shovel>.anyDamage()
[03:33:32.723][INFO]: Set the value of Max Damage on <item:apocalypsenow:snow_shovel> to: '641'
[03:33:32.723][INFO]: Modifying Attributes of: <item:apocalypsenow:black_cleaver>.anyDamage()
[03:33:32.724][INFO]: Modifying Attributes of: <item:apocalypsenow:black_cleaver>.anyDamage()
[03:33:32.724][INFO]: Modifying Attributes of: <item:apocalypsenow:black_cleaver>.anyDamage()
[03:33:32.724][INFO]: Modifying Attributes of: <item:apocalypsenow:black_cleaver>.anyDamage()
[03:33:32.724][INFO]: Set the value of Max Damage on <item:apocalypsenow:black_cleaver> to: '313'
[03:33:32.726][INFO]: Modifying Attributes of: <item:apocalypsenow:garden_fork>.anyDamage()
[03:33:32.726][INFO]: Modifying Attributes of: <item:apocalypsenow:garden_fork>.anyDamage()
[03:33:32.726][INFO]: Modifying Attributes of: <item:apocalypsenow:garden_fork>.anyDamage()
[03:33:32.726][INFO]: Modifying Attributes of: <item:apocalypsenow:garden_fork>.anyDamage()
[03:33:32.726][INFO]: Set the value of Max Damage on <item:apocalypsenow:garden_fork> to: '343'
[03:33:32.726][INFO]: Modifying Attributes of: <item:apocalypsenow:dumbbell>.anyDamage()
[03:33:32.726][INFO]: Modifying Attributes of: <item:apocalypsenow:dumbbell>.anyDamage()
[03:33:32.726][INFO]: Modifying Attributes of: <item:apocalypsenow:dumbbell>.anyDamage()
[03:33:32.726][INFO]: Modifying Attributes of: <item:apocalypsenow:dumbbell>.anyDamage()
[03:33:32.726][INFO]: Set the value of Max Damage on <item:apocalypsenow:dumbbell> to: '656'
[03:33:32.726][INFO]: Modifying Attributes of: <item:apocalypsenow:bayonet>.anyDamage()
[03:33:32.726][INFO]: Modifying Attributes of: <item:apocalypsenow:bayonet>.anyDamage()
[03:33:32.726][INFO]: Modifying Attributes of: <item:apocalypsenow:bayonet>.anyDamage()
[03:33:32.726][INFO]: Modifying Attributes of: <item:apocalypsenow:bayonet>.anyDamage()
[03:33:32.726][INFO]: Set the value of Max Damage on <item:apocalypsenow:bayonet> to: '451'
[03:33:32.726][INFO]: Modifying Attributes of: <item:apocalypsenow:razor>.anyDamage()
[03:33:32.726][INFO]: Modifying Attributes of: <item:apocalypsenow:razor>.anyDamage()
[03:33:32.726][INFO]: Modifying Attributes of: <item:apocalypsenow:razor>.anyDamage()
[03:33:32.726][INFO]: Modifying Attributes of: <item:apocalypsenow:razor>.anyDamage()
[03:33:32.727][INFO]: Set the value of Max Damage on <item:apocalypsenow:razor> to: '198'
[03:33:32.727][INFO]: Modifying Attributes of: <item:apocalypsenow:stun_baton>.anyDamage()
[03:33:32.727][INFO]: Modifying Attributes of: <item:apocalypsenow:stun_baton>.anyDamage()
[03:33:32.727][INFO]: Modifying Attributes of: <item:apocalypsenow:stun_baton>.anyDamage()
[03:33:32.727][INFO]: Modifying Attributes of: <item:apocalypsenow:stun_baton>.anyDamage()
[03:33:32.727][INFO]: Set the value of Max Damage on <item:apocalypsenow:stun_baton> to: '715'
[03:33:32.727][INFO]: Modifying Attributes of: <item:apocalypsenow:tactical_sword>.anyDamage()
[03:33:32.727][INFO]: Modifying Attributes of: <item:apocalypsenow:tactical_sword>.anyDamage()
[03:33:32.727][INFO]: Modifying Attributes of: <item:apocalypsenow:tactical_sword>.anyDamage()
[03:33:32.727][INFO]: Modifying Attributes of: <item:apocalypsenow:tactical_sword>.anyDamage()
[03:33:32.727][INFO]: Set the value of Max Damage on <item:apocalypsenow:tactical_sword> to: '2451'
[03:33:32.727][INFO]: Modifying Attributes of: <item:apocalypsenow:military_shovel>.anyDamage()
[03:33:32.727][INFO]: Modifying Attributes of: <item:apocalypsenow:military_shovel>.anyDamage()
[03:33:32.727][INFO]: Modifying Attributes of: <item:apocalypsenow:military_shovel>.anyDamage()
[03:33:32.727][INFO]: Modifying Attributes of: <item:apocalypsenow:military_shovel>.anyDamage()
[03:33:32.727][INFO]: Set the value of Max Damage on <item:apocalypsenow:military_shovel> to: '2451'
[03:33:32.727][INFO]: Modifying Attributes of: <item:apocalypsenow:construction_shovel>.anyDamage()
[03:33:32.727][INFO]: Modifying Attributes of: <item:apocalypsenow:construction_shovel>.anyDamage()
[03:33:32.727][INFO]: Modifying Attributes of: <item:apocalypsenow:construction_shovel>.anyDamage()
[03:33:32.727][INFO]: Modifying Attributes of: <item:apocalypsenow:construction_shovel>.anyDamage()
[03:33:32.727][INFO]: Set the value of Max Damage on <item:apocalypsenow:construction_shovel> to: '798'
[03:33:32.727][INFO]: Modifying Attributes of: <item:minecraft:wooden_shovel>.anyDamage()
[03:33:32.727][INFO]: Modifying Attributes of: <item:minecraft:wooden_shovel>.anyDamage()
[03:33:32.727][INFO]: Modifying Attributes of: <item:minecraft:wooden_shovel>.anyDamage()
[03:33:32.727][INFO]: Modifying Attributes of: <item:minecraft:wooden_shovel>.anyDamage()
[03:33:32.727][INFO]: Set the value of Max Damage on <item:minecraft:wooden_shovel> to: '59'
[03:33:32.727][INFO]: Modifying Attributes of: <item:minecraft:stone_shovel>.anyDamage()
[03:33:32.727][INFO]: Modifying Attributes of: <item:minecraft:stone_shovel>.anyDamage()
[03:33:32.727][INFO]: Modifying Attributes of: <item:minecraft:stone_shovel>.anyDamage()
[03:33:32.727][INFO]: Modifying Attributes of: <item:minecraft:stone_shovel>.anyDamage()
[03:33:32.728][INFO]: Set the value of Max Damage on <item:minecraft:stone_shovel> to: '131'
[03:33:32.728][INFO]: Modifying Attributes of: <item:minecraft:iron_shovel>.anyDamage()
[03:33:32.728][INFO]: Modifying Attributes of: <item:minecraft:iron_shovel>.anyDamage()
[03:33:32.728][INFO]: Modifying Attributes of: <item:minecraft:iron_shovel>.anyDamage()
[03:33:32.728][INFO]: Modifying Attributes of: <item:minecraft:iron_shovel>.anyDamage()
[03:33:32.728][INFO]: Set the value of Max Damage on <item:minecraft:iron_shovel> to: '250'
[03:33:32.728][INFO]: Modifying Attributes of: <item:minecraft:diamond_shovel>.anyDamage()
[03:33:32.728][INFO]: Modifying Attributes of: <item:minecraft:diamond_shovel>.anyDamage()
[03:33:32.728][INFO]: Modifying Attributes of: <item:minecraft:diamond_shovel>.anyDamage()
[03:33:32.735][INFO]: Modifying Attributes of: <item:minecraft:diamond_shovel>.anyDamage()
[03:33:32.735][INFO]: Set the value of Max Damage on <item:minecraft:diamond_shovel> to: '1561'
[03:33:32.735][INFO]: Modifying Attributes of: <item:minecraft:netherite_shovel>.anyDamage()
[03:33:32.735][INFO]: Modifying Attributes of: <item:minecraft:netherite_shovel>.anyDamage()
[03:33:32.736][INFO]: Modifying Attributes of: <item:minecraft:netherite_shovel>.anyDamage()
[03:33:32.736][INFO]: Modifying Attributes of: <item:minecraft:netherite_shovel>.anyDamage()
[03:33:32.736][INFO]: Set the value of Max Damage on <item:minecraft:netherite_shovel> to: '2031'
[03:33:32.736][INFO]: Modifying Attributes of: <item:create_sa:brass_shovel>.anyDamage()
[03:33:32.736][INFO]: Modifying Attributes of: <item:create_sa:brass_shovel>.anyDamage()
[03:33:32.736][INFO]: Modifying Attributes of: <item:create_sa:brass_shovel>.anyDamage()
[03:33:32.736][INFO]: Modifying Attributes of: <item:create_sa:brass_shovel>.anyDamage()
[03:33:32.736][INFO]: Set the value of Max Damage on <item:create_sa:brass_shovel> to: '450'
[03:33:32.736][INFO]: Modifying Attributes of: <item:create_sa:copper_shovel>.anyDamage()
[03:33:32.736][INFO]: Modifying Attributes of: <item:create_sa:copper_shovel>.anyDamage()
[03:33:32.736][INFO]: Modifying Attributes of: <item:create_sa:copper_shovel>.anyDamage()
[03:33:32.736][INFO]: Modifying Attributes of: <item:create_sa:copper_shovel>.anyDamage()
[03:33:32.736][INFO]: Set the value of Max Damage on <item:create_sa:copper_shovel> to: '164'
[03:33:32.736][INFO]: Modifying Attributes of: <item:create_sa:zinc_shovel>.anyDamage()
[03:33:32.736][INFO]: Modifying Attributes of: <item:create_sa:zinc_shovel>.anyDamage()
[03:33:32.736][INFO]: Modifying Attributes of: <item:create_sa:zinc_shovel>.anyDamage()
[03:33:32.736][INFO]: Modifying Attributes of: <item:create_sa:zinc_shovel>.anyDamage()
[03:33:32.736][INFO]: Set the value of Max Damage on <item:create_sa:zinc_shovel> to: '243'
[03:33:32.736][INFO]: Modifying Attributes of: <item:create_sa:rose_quartz_shovel>.anyDamage()
[03:33:32.736][INFO]: Modifying Attributes of: <item:create_sa:rose_quartz_shovel>.anyDamage()
[03:33:32.736][INFO]: Modifying Attributes of: <item:create_sa:rose_quartz_shovel>.anyDamage()
[03:33:32.736][INFO]: Modifying Attributes of: <item:create_sa:rose_quartz_shovel>.anyDamage()
[03:33:32.736][INFO]: Set the value of Max Damage on <item:create_sa:rose_quartz_shovel> to: '1644'
[03:33:32.736][INFO]: Modifying Attributes of: <item:create_sa:blazing_shovel>.anyDamage()
[03:33:32.736][INFO]: Modifying Attributes of: <item:create_sa:blazing_shovel>.anyDamage()
[03:33:32.736][INFO]: Modifying Attributes of: <item:create_sa:blazing_shovel>.anyDamage()
[03:33:32.736][INFO]: Modifying Attributes of: <item:create_sa:blazing_shovel>.anyDamage()
[03:33:32.736][INFO]: Set the value of Max Damage on <item:create_sa:blazing_shovel> to: '450'
[03:33:32.736][INFO]: Modifying Attributes of: <item:minecraft:diamond_sword>.anyDamage()
[03:33:32.736][INFO]: Modifying Attributes of: <item:minecraft:diamond_sword>.anyDamage()
[03:33:32.736][INFO]: Modifying Attributes of: <item:minecraft:diamond_sword>.anyDamage()
[03:33:32.736][INFO]: Modifying Attributes of: <item:minecraft:diamond_sword>.anyDamage()
[03:33:32.736][INFO]: Set the value of Max Damage on <item:minecraft:diamond_sword> to: '1561'
[03:33:32.736][INFO]: Modifying Attributes of: <item:minecraft:netherite_sword>.anyDamage()
[03:33:32.736][INFO]: Modifying Attributes of: <item:minecraft:netherite_sword>.anyDamage()
[03:33:32.736][INFO]: Modifying Attributes of: <item:minecraft:netherite_sword>.anyDamage()
[03:33:32.737][INFO]: Modifying Attributes of: <item:minecraft:netherite_sword>.anyDamage()
[03:33:32.737][INFO]: Set the value of Max Damage on <item:minecraft:netherite_sword> to: '2031'
[03:33:32.737][INFO]: Modifying Attributes of: <item:create_sa:brass_sword>.anyDamage()
[03:33:32.737][INFO]: Modifying Attributes of: <item:create_sa:brass_sword>.anyDamage()
[03:33:32.737][INFO]: Modifying Attributes of: <item:create_sa:brass_sword>.anyDamage()
[03:33:32.737][INFO]: Modifying Attributes of: <item:create_sa:brass_sword>.anyDamage()
[03:33:32.737][INFO]: Set the value of Max Damage on <item:create_sa:brass_sword> to: '450'
[03:33:32.737][INFO]: Modifying Attributes of: <item:create_sa:copper_sword>.anyDamage()
[03:33:32.737][INFO]: Modifying Attributes of: <item:create_sa:copper_sword>.anyDamage()
[03:33:32.737][INFO]: Modifying Attributes of: <item:create_sa:copper_sword>.anyDamage()
[03:33:32.737][INFO]: Modifying Attributes of: <item:create_sa:copper_sword>.anyDamage()
[03:33:32.737][INFO]: Set the value of Max Damage on <item:create_sa:copper_sword> to: '131'
[03:33:32.737][INFO]: Modifying Attributes of: <item:create_sa:zinc_shovel>.anyDamage()
[03:33:32.737][INFO]: Modifying Attributes of: <item:create_sa:zinc_shovel>.anyDamage()
[03:33:32.737][INFO]: Modifying Attributes of: <item:create_sa:zinc_shovel>.anyDamage()
[03:33:32.737][INFO]: Modifying Attributes of: <item:create_sa:zinc_shovel>.anyDamage()
[03:33:32.737][INFO]: Set the value of Max Damage on <item:create_sa:zinc_shovel> to: '250'
[03:33:32.737][INFO]: Modifying Attributes of: <item:create_sa:rose_quartz_sword>.anyDamage()
[03:33:32.737][INFO]: Modifying Attributes of: <item:create_sa:rose_quartz_sword>.anyDamage()
[03:33:32.737][INFO]: Modifying Attributes of: <item:create_sa:rose_quartz_sword>.anyDamage()
[03:33:32.737][INFO]: Modifying Attributes of: <item:create_sa:rose_quartz_sword>.anyDamage()
[03:33:32.737][INFO]: Set the value of Max Damage on <item:create_sa:rose_quartz_sword> to: '1644'
[03:33:32.737][INFO]: Modifying Attributes of: <item:minecraft:stone_axe>.anyDamage()
[03:33:32.737][INFO]: Modifying Attributes of: <item:minecraft:stone_axe>.anyDamage()
[03:33:32.737][INFO]: Modifying Attributes of: <item:minecraft:stone_axe>.anyDamage()
[03:33:32.737][INFO]: Modifying Attributes of: <item:minecraft:stone_axe>.anyDamage()
[03:33:32.737][INFO]: Set the value of Max Damage on <item:minecraft:stone_axe> to: '131'
[03:33:32.737][INFO]: Modifying Attributes of: <item:minecraft:iron_axe>.anyDamage()
[03:33:32.737][INFO]: Modifying Attributes of: <item:minecraft:iron_axe>.anyDamage()
[03:33:32.737][INFO]: Modifying Attributes of: <item:minecraft:iron_axe>.anyDamage()
[03:33:32.737][INFO]: Modifying Attributes of: <item:minecraft:iron_axe>.anyDamage()
[03:33:32.737][INFO]: Set the value of Max Damage on <item:minecraft:iron_axe> to: '250'
[03:33:32.737][INFO]: Modifying Attributes of: <item:minecraft:diamond_axe>.anyDamage()
[03:33:32.737][INFO]: Modifying Attributes of: <item:minecraft:diamond_axe>.anyDamage()
[03:33:32.737][INFO]: Modifying Attributes of: <item:minecraft:diamond_axe>.anyDamage()
[03:33:32.738][INFO]: Modifying Attributes of: <item:minecraft:diamond_axe>.anyDamage()
[03:33:32.738][INFO]: Set the value of Max Damage on <item:minecraft:diamond_axe> to: '1561'
[03:33:32.738][INFO]: Modifying Attributes of: <item:minecraft:netherite_axe>.anyDamage()
[03:33:32.738][INFO]: Modifying Attributes of: <item:minecraft:netherite_axe>.anyDamage()
[03:33:32.738][INFO]: Modifying Attributes of: <item:minecraft:netherite_axe>.anyDamage()
[03:33:32.738][INFO]: Modifying Attributes of: <item:minecraft:netherite_axe>.anyDamage()
[03:33:32.738][INFO]: Set the value of Max Damage on <item:minecraft:netherite_axe> to: '2031'
[03:33:32.738][INFO]: Modifying Attributes of: <item:create_sa:rose_quartz_axe>.anyDamage()
[03:33:32.738][INFO]: Modifying Attributes of: <item:create_sa:rose_quartz_axe>.anyDamage()
[03:33:32.738][INFO]: Modifying Attributes of: <item:create_sa:rose_quartz_axe>.anyDamage()
[03:33:32.738][INFO]: Modifying Attributes of: <item:create_sa:rose_quartz_axe>.anyDamage()
[03:33:32.738][INFO]: Set the value of Max Damage on <item:create_sa:rose_quartz_axe> to: '1644'
[03:33:32.738][INFO]: Modifying Attributes of: <item:farmersdelight:skillet>.anyDamage()
[03:33:32.738][INFO]: Modifying Attributes of: <item:farmersdelight:skillet>.anyDamage()
[03:33:32.738][INFO]: Modifying Attributes of: <item:farmersdelight:skillet>.anyDamage()
[03:33:32.738][INFO]: Modifying Attributes of: <item:farmersdelight:skillet>.anyDamage()
[03:33:32.739][INFO]: Set the value of Max Damage on <item:farmersdelight:skillet> to: '730'
[03:33:32.739][INFO]: Modifying Attributes of: <item:apocalypsenow:spear>.anyDamage()
[03:33:32.739][INFO]: Modifying Attributes of: <item:apocalypsenow:spear>.anyDamage()
[03:33:32.739][INFO]: Modifying Attributes of: <item:apocalypsenow:spear>.anyDamage()
[03:33:32.739][INFO]: Modifying Attributes of: <item:apocalypsenow:spear>.anyDamage()
[03:33:32.739][INFO]: Set the value of Max Damage on <item:apocalypsenow:spear> to: '489'
[03:33:32.739][INFO]: Modifying Attributes of: <item:apocalypsenow:guitar>.anyDamage()
[03:33:32.739][INFO]: Modifying Attributes of: <item:apocalypsenow:guitar>.anyDamage()
[03:33:32.739][INFO]: Modifying Attributes of: <item:apocalypsenow:guitar>.anyDamage()
[03:33:32.739][INFO]: Modifying Attributes of: <item:apocalypsenow:guitar>.anyDamage()
[03:33:32.739][INFO]: Set the value of Max Damage on <item:apocalypsenow:guitar> to: '78'
[03:33:32.739][INFO]: Modifying Attributes of: <item:apocalypsenow:bass>.anyDamage()
[03:33:32.739][INFO]: Modifying Attributes of: <item:apocalypsenow:bass>.anyDamage()
[03:33:32.740][INFO]: Modifying Attributes of: <item:apocalypsenow:bass>.anyDamage()
[03:33:32.740][INFO]: Modifying Attributes of: <item:apocalypsenow:bass>.anyDamage()
[03:33:32.740][INFO]: Set the value of Max Damage on <item:apocalypsenow:bass> to: '78'
[03:33:32.740][INFO]: Modifying Attributes of: <item:apocalypsenow:kitchen_knife>.anyDamage()
[03:33:32.740][INFO]: Modifying Attributes of: <item:apocalypsenow:kitchen_knife>.anyDamage()
[03:33:32.740][INFO]: Modifying Attributes of: <item:apocalypsenow:kitchen_knife>.anyDamage()
[03:33:32.741][INFO]: Modifying Attributes of: <item:apocalypsenow:kitchen_knife>.anyDamage()
[03:33:32.741][INFO]: Set the value of Max Damage on <item:apocalypsenow:kitchen_knife> to: '195'
[03:33:32.741][INFO]: Modifying Attributes of: <item:apocalypsenow:scythe>.anyDamage()
[03:33:32.741][INFO]: Modifying Attributes of: <item:apocalypsenow:scythe>.anyDamage()
[03:33:32.741][INFO]: Modifying Attributes of: <item:apocalypsenow:scythe>.anyDamage()
[03:33:32.741][INFO]: Modifying Attributes of: <item:apocalypsenow:scythe>.anyDamage()
[03:33:32.741][INFO]: Set the value of Max Damage on <item:apocalypsenow:scythe> to: '623'
[03:33:32.741][INFO]: Modifying Attributes of: <item:create_sa:zinc_axe>.anyDamage()
[03:33:32.741][INFO]: Modifying Attributes of: <item:create_sa:zinc_axe>.anyDamage()
[03:33:32.741][INFO]: Modifying Attributes of: <item:create_sa:zinc_axe>.anyDamage()
[03:33:32.742][INFO]: Modifying Attributes of: <item:create_sa:zinc_axe>.anyDamage()
[03:33:32.742][INFO]: Set the value of Max Damage on <item:create_sa:zinc_axe> to: '161'
[03:33:32.742][INFO]: Modifying Attributes of: <item:create_sa:copper_axe>.anyDamage()
[03:33:32.742][INFO]: Modifying Attributes of: <item:create_sa:copper_axe>.anyDamage()
[03:33:32.742][INFO]: Modifying Attributes of: <item:create_sa:copper_axe>.anyDamage()
[03:33:32.742][INFO]: Modifying Attributes of: <item:create_sa:copper_axe>.anyDamage()
[03:33:32.742][INFO]: Set the value of Max Damage on <item:create_sa:copper_axe> to: '161'
[03:33:32.742][INFO]: Modifying Attributes of: <item:minecraft:stone_hoe>.anyDamage()
[03:33:32.742][INFO]: Modifying Attributes of: <item:minecraft:stone_hoe>.anyDamage()
[03:33:32.742][INFO]: Modifying Attributes of: <item:minecraft:stone_hoe>.anyDamage()
[03:33:32.742][INFO]: Modifying Attributes of: <item:minecraft:stone_hoe>.anyDamage()
[03:33:32.743][INFO]: Set the value of Max Damage on <item:minecraft:stone_hoe> to: '131'
[03:33:32.743][INFO]: Modifying Attributes of: <item:minecraft:iron_hoe>.anyDamage()
[03:33:32.743][INFO]: Modifying Attributes of: <item:minecraft:iron_hoe>.anyDamage()
[03:33:32.743][INFO]: Modifying Attributes of: <item:minecraft:iron_hoe>.anyDamage()
[03:33:32.743][INFO]: Modifying Attributes of: <item:minecraft:iron_hoe>.anyDamage()
[03:33:32.743][INFO]: Set the value of Max Damage on <item:minecraft:iron_hoe> to: '250'
[03:33:32.743][INFO]: Modifying Attributes of: <item:minecraft:diamond_hoe>.anyDamage()
[03:33:32.743][INFO]: Modifying Attributes of: <item:minecraft:diamond_hoe>.anyDamage()
[03:33:32.743][INFO]: Modifying Attributes of: <item:minecraft:diamond_hoe>.anyDamage()
[03:33:32.743][INFO]: Modifying Attributes of: <item:minecraft:diamond_hoe>.anyDamage()
[03:33:32.744][INFO]: Set the value of Max Damage on <item:minecraft:diamond_hoe> to: '1561'
[03:33:32.744][INFO]: Modifying Attributes of: <item:create_sa:brass_hoe>.anyDamage()
[03:33:32.744][INFO]: Modifying Attributes of: <item:create_sa:brass_hoe>.anyDamage()
[03:33:32.744][INFO]: Modifying Attributes of: <item:create_sa:brass_hoe>.anyDamage()
[03:33:32.744][INFO]: Modifying Attributes of: <item:create_sa:brass_hoe>.anyDamage()
[03:33:32.744][INFO]: Set the value of Max Damage on <item:create_sa:brass_hoe> to: '450'
[03:33:32.744][INFO]: Modifying Attributes of: <item:create_sa:zinc_hoe>.anyDamage()
[03:33:32.744][INFO]: Modifying Attributes of: <item:create_sa:zinc_hoe>.anyDamage()
[03:33:32.744][INFO]: Modifying Attributes of: <item:create_sa:zinc_hoe>.anyDamage()
[03:33:32.744][INFO]: Modifying Attributes of: <item:create_sa:zinc_hoe>.anyDamage()
[03:33:32.744][INFO]: Set the value of Max Damage on <item:create_sa:zinc_hoe> to: '250'
[03:33:32.744][INFO]: Modifying Attributes of: <item:create_sa:copper_hoe>.anyDamage()
[03:33:32.745][INFO]: Modifying Attributes of: <item:create_sa:copper_hoe>.anyDamage()
[03:33:32.745][INFO]: Modifying Attributes of: <item:create_sa:copper_hoe>.anyDamage()
[03:33:32.745][INFO]: Modifying Attributes of: <item:create_sa:copper_hoe>.anyDamage()
[03:33:32.745][INFO]: Set the value of Max Damage on <item:create_sa:copper_hoe> to: '131'
[03:33:32.745][INFO]: Modifying Attributes of: <item:minecraft:netherite_hoe>.anyDamage()
[03:33:32.745][INFO]: Modifying Attributes of: <item:minecraft:netherite_hoe>.anyDamage()
[03:33:32.745][INFO]: Modifying Attributes of: <item:minecraft:netherite_hoe>.anyDamage()
[03:33:32.745][INFO]: Modifying Attributes of: <item:minecraft:netherite_hoe>.anyDamage()
[03:33:32.745][INFO]: Set the value of Max Damage on <item:minecraft:netherite_hoe> to: '2031'
[03:33:32.745][INFO]: Modifying Attributes of: <item:apocalypsenow:tactical_saber>.anyDamage()
[03:33:32.746][INFO]: Modifying Attributes of: <item:apocalypsenow:tactical_saber>.anyDamage()
[03:33:32.746][INFO]: Modifying Attributes of: <item:apocalypsenow:tactical_saber>.anyDamage()
[03:33:32.746][INFO]: Modifying Attributes of: <item:apocalypsenow:tactical_saber>.anyDamage()
[03:33:32.746][INFO]: Set the value of Max Damage on <item:apocalypsenow:tactical_saber> to: '1364'
[03:33:32.746][INFO]: Modifying Attributes of: <item:apocalypsenow:red_boxing_gloves>.anyDamage()
[03:33:32.746][INFO]: Modifying Attributes of: <item:apocalypsenow:red_boxing_gloves>.anyDamage()
[03:33:32.746][INFO]: Modifying Attributes of: <item:apocalypsenow:red_boxing_gloves>.anyDamage()
[03:33:32.746][INFO]: Modifying Attributes of: <item:apocalypsenow:red_boxing_gloves>.anyDamage()
[03:33:32.746][INFO]: Set the value of Max Damage on <item:apocalypsenow:red_boxing_gloves> to: '200'
[03:33:32.746][INFO]: Modifying Attributes of: <item:apocalypsenow:reiforced_red_boxing_gloves>.anyDamage()
[03:33:32.746][INFO]: Modifying Attributes of: <item:apocalypsenow:reiforced_red_boxing_gloves>.anyDamage()
[03:33:32.746][INFO]: Modifying Attributes of: <item:apocalypsenow:reiforced_red_boxing_gloves>.anyDamage()
[03:33:32.746][INFO]: Modifying Attributes of: <item:apocalypsenow:reiforced_red_boxing_gloves>.anyDamage()
[03:33:32.746][INFO]: Set the value of Max Damage on <item:apocalypsenow:reiforced_red_boxing_gloves> to: '250'
[03:33:32.746][INFO]: Modifying Attributes of: <item:apocalypsenow:blue_boxing_gloves>.anyDamage()
[03:33:32.747][INFO]: Modifying Attributes of: <item:apocalypsenow:blue_boxing_gloves>.anyDamage()
[03:33:32.747][INFO]: Modifying Attributes of: <item:apocalypsenow:blue_boxing_gloves>.anyDamage()
[03:33:32.747][INFO]: Modifying Attributes of: <item:apocalypsenow:blue_boxing_gloves>.anyDamage()
[03:33:32.747][INFO]: Set the value of Max Damage on <item:apocalypsenow:blue_boxing_gloves> to: '200'
[03:33:32.747][INFO]: Modifying Attributes of: <item:apocalypsenow:reiforced_blue_boxing_gloves>.anyDamage()
[03:33:32.747][INFO]: Modifying Attributes of: <item:apocalypsenow:reiforced_blue_boxing_gloves>.anyDamage()
[03:33:32.747][INFO]: Modifying Attributes of: <item:apocalypsenow:reiforced_blue_boxing_gloves>.anyDamage()
[03:33:32.747][INFO]: Modifying Attributes of: <item:apocalypsenow:reiforced_blue_boxing_gloves>.anyDamage()
[03:33:32.747][INFO]: Set the value of Max Damage on <item:apocalypsenow:reiforced_blue_boxing_gloves> to: '250'
[03:33:32.749][INFO]: Removing 'crafting' recipes with output: 'com.blamejared.crafttweaker.api.item.MCItemStack@db8a6a86'
[03:33:32.755][INFO]: Adding 'minecraft:crafting' recipe, of type: "mirroring shaped", with name: 'crafttweaker:baseball_bat' that outputs: '<item:apocalypsenow:baseball_bat>'
[03:33:32.755][INFO]: Removing 'crafting' recipes with output: 'com.blamejared.crafttweaker.api.item.MCItemStack@e82ce947'
[03:33:32.761][INFO]: Adding 'minecraft:crafting' recipe, of type: "shapeless", with name: 'crafttweaker:wrapped_baseball_bat' that outputs: '<item:apocalypsenow:wrapped_baseball_bat>'
[03:33:32.761][INFO]: Removing 'crafting' recipes with output: 'com.blamejared.crafttweaker.api.item.MCItemStack@da6dbb9c'
[03:33:32.767][INFO]: Adding 'minecraft:crafting' recipe, of type: "shapeless", with name: 'crafttweaker:saw_baseball_bat' that outputs: '<item:apocalypsenow:saw_baseball_bat>'
[03:33:32.767][INFO]: Removing 'crafting' recipes with output: 'com.blamejared.crafttweaker.api.item.MCItemStack@9c878905'
[03:33:32.772][INFO]: Adding 'minecraft:crafting' recipe, of type: "shapeless", with name: 'crafttweaker:electrical_baseball_bat' that outputs: '<item:apocalypsenow:electrical_baseball_bat>'
[03:33:32.773][INFO]: Removing 'crafting' recipes with output: 'com.blamejared.crafttweaker.api.item.MCItemStack@aa537865'
[03:33:32.778][INFO]: Adding 'minecraft:crafting' recipe, of type: "mirroring shaped", with name: 'crafttweaker:iron_baseball_bat' that outputs: '<item:apocalypsenow:iron_baseball_bat>'
[03:33:32.778][INFO]: Removing 'crafting' recipes with output: 'com.blamejared.crafttweaker.api.item.MCItemStack@8a78014d'
[03:33:32.782][INFO]: Adding 'minecraft:crafting' recipe, of type: "shapeless", with name: 'crafttweaker:spiked_iron_baseball_bat' that outputs: '<item:apocalypsenow:spiked_iron_baseball_bat>'
[03:33:32.782][INFO]: Removing 'crafting' recipes with output: 'com.blamejared.crafttweaker.api.item.MCItemStack@b7a9aadd'
[03:33:32.789][INFO]: Adding 'minecraft:crafting' recipe, of type: "mirroring shaped", with name: 'crafttweaker:club' that outputs: '<item:apocalypsenow:club>'
[03:33:32.790][INFO]: Removing 'crafting' recipes with output: 'com.blamejared.crafttweaker.api.item.MCItemStack@10b60e59'
[03:33:32.798][INFO]: Adding 'minecraft:crafting' recipe, of type: "shapeless", with name: 'crafttweaker:electric_club' that outputs: '<item:apocalypsenow:electric_club>'
[03:33:32.798][INFO]: Removing 'crafting' recipes with output: 'com.blamejared.crafttweaker.api.item.MCItemStack@e56b42f7'
[03:33:32.803][INFO]: Adding 'minecraft:crafting' recipe, of type: "mirroring shaped", with name: 'crafttweaker:sledge_hammer' that outputs: '<item:apocalypsenow:sledge_hammer>'
[03:33:32.803][INFO]: Removing 'crafting' recipes with output: 'com.blamejared.crafttweaker.api.item.MCItemStack@cf4a18b3'
[03:33:32.807][INFO]: Adding 'minecraft:crafting' recipe, of type: "mirroring shaped", with name: 'crafttweaker:fire_axe' that outputs: '<item:apocalypsenow:fire_axe>'
[03:33:32.807][INFO]: Removing 'crafting' recipes with output: 'com.blamejared.crafttweaker.api.item.MCItemStack@80cef423'
[03:33:32.810][INFO]: Adding 'minecraft:crafting' recipe, of type: "mirroring shaped", with name: 'crafttweaker:emergency_axe' that outputs: '<item:apocalypsenow:emergency_axe>'
[03:33:32.810][INFO]: Removing 'crafting' recipes with output: 'com.blamejared.crafttweaker.api.item.MCItemStack@50d9037'
[03:33:32.813][INFO]: Adding 'minecraft:crafting' recipe, of type: "mirroring shaped", with name: 'crafttweaker:wooden_fire_axe' that outputs: '<item:apocalypsenow:wooden_fire_axe>'
[03:33:32.813][INFO]: Removing 'crafting' recipes with output: 'com.blamejared.crafttweaker.api.item.MCItemStack@224f03fe'
[03:33:32.815][INFO]: Adding 'minecraft:crafting' recipe, of type: "mirroring shaped", with name: 'crafttweaker:lumber_jack_axe' that outputs: '<item:apocalypsenow:lumber_jack_axe>'
[03:33:32.815][INFO]: Removing 'crafting' recipes with output: 'com.blamejared.crafttweaker.api.item.MCItemStack@16467bff'
[03:33:32.817][INFO]: Adding 'minecraft:crafting' recipe, of type: "mirroring shaped", with name: 'crafttweaker:red_lumberjack_axe' that outputs: '<item:apocalypsenow:red_lumberjack_axe>'
[03:33:32.817][INFO]: Removing 'crafting' recipes with output: 'com.blamejared.crafttweaker.api.item.MCItemStack@25f9df00'
[03:33:32.819][INFO]: Adding 'minecraft:crafting' recipe, of type: "mirroring shaped", with name: 'crafttweaker:construction_axe' that outputs: '<item:apocalypsenow:construction_axe>'
[03:33:32.819][INFO]: Removing 'crafting' recipes with output: 'com.blamejared.crafttweaker.api.item.MCItemStack@338d7351'
[03:33:32.822][INFO]: Adding 'minecraft:crafting' recipe, of type: "mirroring shaped", with name: 'crafttweaker:hand_axe' that outputs: '<item:apocalypsenow:hand_axe>'
[03:33:32.822][INFO]: Removing 'crafting' recipes with output: 'com.blamejared.crafttweaker.api.item.MCItemStack@7c0158d8'
[03:33:32.824][INFO]: Adding 'minecraft:crafting' recipe, of type: "mirroring shaped", with name: 'crafttweaker:gardening_axe' that outputs: '<item:apocalypsenow:gardening_axe>'
[03:33:32.824][INFO]: Removing 'crafting' recipes with output: 'com.blamejared.crafttweaker.api.item.MCItemStack@2daa9e8b'
[03:33:32.827][INFO]: Adding 'minecraft:crafting' recipe, of type: "mirroring shaped", with name: 'crafttweaker:ice_axe' that outputs: '<item:apocalypsenow:ice_axe>'
[03:33:32.827][INFO]: Removing 'crafting' recipes with output: 'com.blamejared.crafttweaker.api.item.MCItemStack@7d9a543e'
[03:33:32.829][INFO]: Adding 'minecraft:crafting' recipe, of type: "mirroring shaped", with name: 'crafttweaker:survival_axe' that outputs: '<item:apocalypsenow:survival_axe>'
[03:33:32.830][INFO]: Removing 'crafting' recipes with output: 'com.blamejared.crafttweaker.api.item.MCItemStack@67de70e7'
[03:33:32.832][INFO]: Adding 'minecraft:crafting' recipe, of type: "mirroring shaped", with name: 'crafttweaker:tourist_axe' that outputs: '<item:apocalypsenow:tourist_axe>'
[03:33:32.832][INFO]: Removing 'crafting' recipes with output: 'com.blamejared.crafttweaker.api.item.MCItemStack@f8002b01'
[03:33:32.834][INFO]: Adding 'minecraft:crafting' recipe, of type: "mirroring shaped", with name: 'crafttweaker:combat_axe' that outputs: '<item:apocalypsenow:combat_axe>'
[03:33:32.834][INFO]: Removing 'crafting' recipes with output: 'com.blamejared.crafttweaker.api.item.MCItemStack@3c4d9a0a'
[03:33:32.836][INFO]: Adding 'minecraft:crafting' recipe, of type: "shapeless", with name: 'crafttweaker:electrical_combat_axe' that outputs: '<item:apocalypsenow:electrical_combat_axe>'
[03:33:32.836][INFO]: Removing 'crafting' recipes with output: 'com.blamejared.crafttweaker.api.item.MCItemStack@a2ba0d20'
[03:33:32.838][INFO]: Adding 'minecraft:crafting' recipe, of type: "mirroring shaped", with name: 'crafttweaker:red_boxing_gloves' that outputs: '<item:apocalypsenow:red_boxing_gloves>'
[03:33:32.838][INFO]: Removing 'crafting' recipes with output: 'com.blamejared.crafttweaker.api.item.MCItemStack@fc23ef46'
[03:33:32.840][INFO]: Adding 'minecraft:crafting' recipe, of type: "mirroring shaped", with name: 'crafttweaker:blue_boxing_gloves' that outputs: '<item:apocalypsenow:blue_boxing_gloves>'
[03:33:32.840][INFO]: Removing 'crafting' recipes with output: 'com.blamejared.crafttweaker.api.item.MCItemStack@d9c80e7e'
[03:33:32.842][INFO]: Adding 'minecraft:crafting' recipe, of type: "mirroring shaped", with name: 'crafttweaker:reiforced_red_boxing_gloves' that outputs: '<item:apocalypsenow:reiforced_red_boxing_gloves>'
[03:33:32.842][INFO]: Removing 'crafting' recipes with output: 'com.blamejared.crafttweaker.api.item.MCItemStack@7ac6ab36'
[03:33:32.845][INFO]: Adding 'minecraft:crafting' recipe, of type: "mirroring shaped", with name: 'crafttweaker:reiforced_blue_boxing_gloves' that outputs: '<item:apocalypsenow:reiforced_blue_boxing_gloves>'
[03:33:32.845][INFO]: Removing 'crafting' recipes with output: 'com.blamejared.crafttweaker.api.item.MCItemStack@80e121e0'
[03:33:32.847][INFO]: Adding 'minecraft:crafting' recipe, of type: "mirroring shaped", with name: 'crafttweaker:machete' that outputs: '<item:apocalypsenow:machete>'
[03:33:32.847][INFO]: Removing 'crafting' recipes with output: 'com.blamejared.crafttweaker.api.item.MCItemStack@c5606800'
[03:33:32.849][INFO]: Adding 'minecraft:crafting' recipe, of type: "shapeless", with name: 'crafttweaker:serrated_machete' that outputs: '<item:apocalypsenow:serrated_machete>'
[03:33:32.849][INFO]: Removing 'crafting' recipes with output: 'com.blamejared.crafttweaker.api.item.MCItemStack@fc935ba2'
[03:33:32.851][INFO]: Adding 'minecraft:crafting' recipe, of type: "mirroring shaped", with name: 'crafttweaker:hawkbill_machete' that outputs: '<item:apocalypsenow:hawkbill_machete>'
[03:33:32.851][INFO]: Removing 'crafting' recipes with output: 'com.blamejared.crafttweaker.api.item.MCItemStack@a588d6ea'
[03:33:32.852][INFO]: Adding 'minecraft:crafting' recipe, of type: "mirroring shaped", with name: 'crafttweaker:bowie_machete' that outputs: '<item:apocalypsenow:bowie_machete>'
[03:33:32.853][INFO]: Removing 'crafting' recipes with output: 'com.blamejared.crafttweaker.api.item.MCItemStack@38c465ef'
[03:33:32.854][INFO]: Adding 'minecraft:crafting' recipe, of type: "shapeless", with name: 'crafttweaker:heavy_machete' that outputs: '<item:apocalypsenow:heavy_machete>'
[03:33:32.854][INFO]: Removing 'crafting' recipes with output: 'com.blamejared.crafttweaker.api.item.MCItemStack@45ef70fd'
[03:33:32.856][INFO]: Adding 'minecraft:crafting' recipe, of type: "mirroring shaped", with name: 'crafttweaker:tactical_machete' that outputs: '<item:apocalypsenow:tactical_machete>'
[03:33:32.856][INFO]: Removing 'crafting' recipes with output: 'com.blamejared.crafttweaker.api.item.MCItemStack@b51501b8'
[03:33:32.858][INFO]: Adding 'minecraft:crafting' recipe, of type: "mirroring shaped", with name: 'crafttweaker:kukri_machete' that outputs: '<item:apocalypsenow:kukri_machete>'
[03:33:32.858][INFO]: Removing 'crafting' recipes with output: 'com.blamejared.crafttweaker.api.item.MCItemStack@3fb24def'
[03:33:32.860][INFO]: Adding 'minecraft:crafting' recipe, of type: "mirroring shaped", with name: 'crafttweaker:combat_knife' that outputs: '<item:apocalypsenow:combat_knife>'
[03:33:32.860][INFO]: Removing 'crafting' recipes with output: 'com.blamejared.crafttweaker.api.item.MCItemStack@5f5db639'
[03:33:32.862][INFO]: Adding 'minecraft:crafting' recipe, of type: "mirroring shaped", with name: 'crafttweaker:mk_knife' that outputs: '<item:apocalypsenow:mk_knife>'
[03:33:32.862][INFO]: Removing 'crafting' recipes with output: 'com.blamejared.crafttweaker.api.item.MCItemStack@7364902f'
[03:33:32.865][INFO]: Adding 'minecraft:crafting' recipe, of type: "mirroring shaped", with name: 'crafttweaker:kitchen_knife' that outputs: '<item:apocalypsenow:kitchen_knife>'
[03:33:32.865][INFO]: Removing 'crafting' recipes with output: 'com.blamejared.crafttweaker.api.item.MCItemStack@72976ff1'
[03:33:32.868][INFO]: Adding 'minecraft:crafting' recipe, of type: "mirroring shaped", with name: 'crafttweaker:knife' that outputs: '<item:apocalypsenow:knife>'
[03:33:32.868][INFO]: Removing 'crafting' recipes with output: 'com.blamejared.crafttweaker.api.item.MCItemStack@8d4c45b5'
[03:33:32.871][INFO]: Adding 'minecraft:crafting' recipe, of type: "mirroring shaped", with name: 'crafttweaker:military_knife' that outputs: '<item:apocalypsenow:military_knife>'
[03:33:32.871][INFO]: Removing 'crafting' recipes with output: 'com.blamejared.crafttweaker.api.item.MCItemStack@2138933f'
[03:33:32.873][INFO]: Adding 'minecraft:crafting' recipe, of type: "mirroring shaped", with name: 'crafttweaker:hunting_knife' that outputs: '<item:apocalypsenow:hunting_knife>'
[03:33:32.873][INFO]: Removing 'crafting' recipes with output: 'com.blamejared.crafttweaker.api.item.MCItemStack@7a4a544f'
[03:33:32.875][INFO]: Adding 'minecraft:crafting' recipe, of type: "mirroring shaped", with name: 'crafttweaker:english_punch_knife' that outputs: '<item:apocalypsenow:english_punch_knife>'
[03:33:32.875][INFO]: Removing 'crafting' recipes with output: 'com.blamejared.crafttweaker.api.item.MCItemStack@c66ce3d0'
[03:33:32.877][INFO]: Adding 'minecraft:crafting' recipe, of type: "mirroring shaped", with name: 'crafttweaker:switch_knife' that outputs: '<item:apocalypsenow:switch_knife>'
[03:33:32.877][INFO]: Removing 'crafting' recipes with output: 'com.blamejared.crafttweaker.api.item.MCItemStack@c60cf817'
[03:33:32.879][INFO]: Adding 'minecraft:crafting' recipe, of type: "mirroring shaped", with name: 'crafttweaker:long_knife' that outputs: '<item:apocalypsenow:long_knife>'
[03:33:32.879][INFO]: Removing 'crafting' recipes with output: 'com.blamejared.crafttweaker.api.item.MCItemStack@f9acac77'
[03:33:32.881][INFO]: Adding 'minecraft:crafting' recipe, of type: "mirroring shaped", with name: 'crafttweaker:throwableknife' that outputs: '<item:apocalypsenow:throwableknife>'
[03:33:32.881][INFO]: Removing 'crafting' recipes with output: 'com.blamejared.crafttweaker.api.item.MCItemStack@c96438f7'
[03:33:32.883][INFO]: Adding 'minecraft:crafting' recipe, of type: "mirroring shaped", with name: 'crafttweaker:letter_opener' that outputs: '<item:apocalypsenow:letter_opener>'
[03:33:32.883][INFO]: Removing 'crafting' recipes with output: 'com.blamejared.crafttweaker.api.item.MCItemStack@a0c56b87'
[03:33:32.885][INFO]: Adding 'minecraft:crafting' recipe, of type: "mirroring shaped", with name: 'crafttweaker:bread_knife' that outputs: '<item:apocalypsenow:bread_knife>'
[03:33:32.885][INFO]: Removing 'crafting' recipes with output: 'com.blamejared.crafttweaker.api.item.MCItemStack@eac3e33b'
[03:33:32.887][INFO]: Adding 'minecraft:crafting' recipe, of type: "mirroring shaped", with name: 'crafttweaker:butterfly_knife' that outputs: '<item:apocalypsenow:butterfly_knife>'
[03:33:32.887][INFO]: Removing 'crafting' recipes with output: 'com.blamejared.crafttweaker.api.item.MCItemStack@25d5820f'
[03:33:32.890][INFO]: Adding 'minecraft:crafting' recipe, of type: "mirroring shaped", with name: 'crafttweaker:stilettoknife' that outputs: '<item:apocalypsenow:stilettoknife>'
[03:33:32.890][INFO]: Removing 'crafting' recipes with output: 'com.blamejared.crafttweaker.api.item.MCItemStack@3d1b183c'
[03:33:32.892][INFO]: Adding 'minecraft:crafting' recipe, of type: "mirroring shaped", with name: 'crafttweaker:expedition_knife' that outputs: '<item:apocalypsenow:expedition_knife>'
[03:33:32.892][INFO]: Removing 'crafting' recipes with output: 'com.blamejared.crafttweaker.api.item.MCItemStack@38e1014f'
[03:33:32.895][INFO]: Adding 'minecraft:crafting' recipe, of type: "mirroring shaped", with name: 'crafttweaker:bayonet' that outputs: '<item:apocalypsenow:bayonet>'
[03:33:32.895][INFO]: Removing 'crafting' recipes with output: 'com.blamejared.crafttweaker.api.item.MCItemStack@24d1b738'
[03:33:32.898][INFO]: Adding 'minecraft:crafting' recipe, of type: "mirroring shaped", with name: 'crafttweaker:tactical_knife' that outputs: '<item:apocalypsenow:tactical_knife>'
[03:33:32.898][INFO]: Removing 'crafting' recipes with output: 'com.blamejared.crafttweaker.api.item.MCItemStack@bb38d39f'
[03:33:32.900][INFO]: Adding 'minecraft:crafting' recipe, of type: "mirroring shaped", with name: 'crafttweaker:mace' that outputs: '<item:apocalypsenow:mace>'
[03:33:32.900][INFO]: Removing 'crafting' recipes with output: 'com.blamejared.crafttweaker.api.item.MCItemStack@db69ac1d'
[03:33:32.902][INFO]: Adding 'minecraft:crafting' recipe, of type: "mirroring shaped", with name: 'crafttweaker:tatical_mace' that outputs: '<item:apocalypsenow:tatical_mace>'
[03:33:32.902][INFO]: Removing 'crafting' recipes with output: 'com.blamejared.crafttweaker.api.item.MCItemStack@28d118e1'
[03:33:32.904][INFO]: Adding 'minecraft:crafting' recipe, of type: "shapeless", with name: 'crafttweaker:electrical_tactical_mace' that outputs: '<item:apocalypsenow:electrical_tactical_mace>'
[03:33:32.904][INFO]: Removing 'crafting' recipes with output: 'com.blamejared.crafttweaker.api.item.MCItemStack@da04312d'
[03:33:32.907][INFO]: Adding 'minecraft:crafting' recipe, of type: "mirroring shaped", with name: 'crafttweaker:meat_hammer' that outputs: '<item:apocalypsenow:meat_hammer>'
[03:33:32.907][INFO]: Removing 'crafting' recipes with output: 'com.blamejared.crafttweaker.api.item.MCItemStack@c36e5176'
[03:33:32.909][INFO]: Adding 'minecraft:crafting' recipe, of type: "mirroring shaped", with name: 'crafttweaker:improvised_hammer' that outputs: '<item:apocalypsenow:improvised_hammer>'
[03:33:32.909][INFO]: Removing 'crafting' recipes with output: 'com.blamejared.crafttweaker.api.item.MCItemStack@d05b5e27'
[03:33:32.911][INFO]: Adding 'minecraft:crafting' recipe, of type: "mirroring shaped", with name: 'crafttweaker:premium_hammer' that outputs: '<item:apocalypsenow:premium_hammer>'
[03:33:32.911][INFO]: Removing 'crafting' recipes with output: 'com.blamejared.crafttweaker.api.item.MCItemStack@2d46e4a'
[03:33:32.913][INFO]: Adding 'minecraft:crafting' recipe, of type: "mirroring shaped", with name: 'crafttweaker:ballpeen_hammer' that outputs: '<item:apocalypsenow:ballpeen_hammer>'
[03:33:32.913][INFO]: Removing 'crafting' recipes with output: 'com.blamejared.crafttweaker.api.item.MCItemStack@bc00af01'
[03:33:32.915][INFO]: Adding 'minecraft:crafting' recipe, of type: "mirroring shaped", with name: 'crafttweaker:rubber_hammer' that outputs: '<item:apocalypsenow:rubber_hammer>'
[03:33:32.915][INFO]: Removing 'crafting' recipes with output: 'com.blamejared.crafttweaker.api.item.MCItemStack@4995d358'
[03:33:32.917][INFO]: Adding 'minecraft:crafting' recipe, of type: "mirroring shaped", with name: 'crafttweaker:construction_shovel' that outputs: '<item:apocalypsenow:construction_shovel>'
[03:33:32.917][INFO]: Removing 'crafting' recipes with output: 'com.blamejared.crafttweaker.api.item.MCItemStack@caa27c55'
[03:33:32.919][INFO]: Adding 'minecraft:crafting' recipe, of type: "mirroring shaped", with name: 'crafttweaker:military_shovel' that outputs: '<item:apocalypsenow:military_shovel>'
[03:33:32.919][INFO]: Removing 'crafting' recipes with output: 'com.blamejared.crafttweaker.api.item.MCItemStack@a330dc7'
[03:33:32.921][INFO]: Adding 'minecraft:crafting' recipe, of type: "mirroring shaped", with name: 'crafttweaker:snow_shovel' that outputs: '<item:apocalypsenow:snow_shovel>'
[03:33:32.921][INFO]: Removing 'crafting' recipes with output: 'com.blamejared.crafttweaker.api.item.MCItemStack@2b076d8e'
[03:33:32.923][INFO]: Adding 'minecraft:crafting' recipe, of type: "mirroring shaped", with name: 'crafttweaker:garden_fork' that outputs: '<item:apocalypsenow:garden_fork>'
[03:33:32.923][INFO]: Removing 'crafting' recipes with output: 'com.blamejared.crafttweaker.api.item.MCItemStack@542df732'
[03:33:32.926][INFO]: Adding 'minecraft:crafting' recipe, of type: "mirroring shaped", with name: 'crafttweaker:knife_spear' that outputs: '<item:apocalypsenow:knife_spear>'
[03:33:32.926][INFO]: Removing 'crafting' recipes with output: 'com.blamejared.crafttweaker.api.item.MCItemStack@bf75d0b0'
[03:33:32.928][INFO]: Adding 'minecraft:crafting' recipe, of type: "mirroring shaped", with name: 'crafttweaker:spear' that outputs: '<item:apocalypsenow:spear>'
[03:33:32.928][INFO]: Removing 'crafting' recipes with output: 'com.blamejared.crafttweaker.api.item.MCItemStack@48b8217d'
[03:33:32.930][INFO]: Adding 'minecraft:crafting' recipe, of type: "mirroring shaped", with name: 'crafttweaker:wooden_spear' that outputs: '<item:apocalypsenow:woddenspear>'
[03:33:32.930][INFO]: Removing 'crafting' recipes with output: 'com.blamejared.crafttweaker.api.item.MCItemStack@51ab1da8'
[03:33:32.932][INFO]: Adding 'minecraft:crafting' recipe, of type: "mirroring shaped", with name: 'crafttweaker:pipe' that outputs: '<item:apocalypsenow:pipe>'
[03:33:32.932][INFO]: Removing 'crafting' recipes with output: 'com.blamejared.crafttweaker.api.item.MCItemStack@a55b2186'
[03:33:32.934][INFO]: Adding 'minecraft:crafting' recipe, of type: "mirroring shaped", with name: 'crafttweaker:night_stick' that outputs: '<item:apocalypsenow:night_stick>'
[03:33:32.934][INFO]: Removing 'crafting' recipes with output: 'com.blamejared.crafttweaker.api.item.MCItemStack@b643a0bc'
[03:33:32.937][INFO]: Adding 'minecraft:crafting' recipe, of type: "mirroring shaped", with name: 'crafttweaker:electric_baton' that outputs: '<item:apocalypsenow:electric_baton>'
[03:33:32.937][INFO]: Removing 'crafting' recipes with output: 'com.blamejared.crafttweaker.api.item.MCItemStack@ab12271a'
[03:33:32.939][INFO]: Adding 'minecraft:crafting' recipe, of type: "mirroring shaped", with name: 'crafttweaker:scissors' that outputs: '<item:apocalypsenow:scissors>'
[03:33:32.939][INFO]: Removing 'crafting' recipes with output: 'com.blamejared.crafttweaker.api.item.MCItemStack@8a6b1376'
[03:33:32.941][INFO]: Adding 'minecraft:crafting' recipe, of type: "mirroring shaped", with name: 'crafttweaker:scissorst' that outputs: '<item:apocalypsenow:scissorst>'
[03:33:32.941][INFO]: Removing 'crafting' recipes with output: 'com.blamejared.crafttweaker.api.item.MCItemStack@dcb7d59c'
[03:33:32.943][INFO]: Adding 'minecraft:crafting' recipe, of type: "mirroring shaped", with name: 'crafttweaker:crowbar' that outputs: '<item:apocalypsenow:crowbar>'
[03:33:32.943][INFO]: Removing 'crafting' recipes with output: 'com.blamejared.crafttweaker.api.item.MCItemStack@491439e6'
[03:33:32.945][INFO]: Adding 'minecraft:crafting' recipe, of type: "mirroring shaped", with name: 'crafttweaker:red_crowbar' that outputs: '<item:apocalypsenow:red_crowbar>'
[03:33:32.945][INFO]: Removing 'crafting' recipes with output: 'com.blamejared.crafttweaker.api.item.MCItemStack@72289213'
[03:33:32.947][INFO]: Adding 'minecraft:crafting' recipe, of type: "mirroring shaped", with name: 'crafttweaker:road_sign' that outputs: '<item:apocalypsenow:road_sign>'
[03:33:32.947][INFO]: Removing 'crafting' recipes with output: 'com.blamejared.crafttweaker.api.item.MCItemStack@b229f57'
[03:33:32.949][INFO]: Adding 'minecraft:crafting' recipe, of type: "mirroring shaped", with name: 'crafttweaker:saw_pole' that outputs: '<item:apocalypsenow:saw_pole>'
[03:33:32.949][INFO]: Removing 'crafting' recipes with output: 'com.blamejared.crafttweaker.api.item.MCItemStack@9623e686'
[03:33:32.951][INFO]: Adding 'minecraft:crafting' recipe, of type: "mirroring shaped", with name: 'crafttweaker:hookey_stick' that outputs: '<item:apocalypsenow:hookey_stick>'
[03:33:32.951][INFO]: Removing 'crafting' recipes with output: 'com.blamejared.crafttweaker.api.item.MCItemStack@e3a1a359'
[03:33:32.954][INFO]: Adding 'minecraft:crafting' recipe, of type: "mirroring shaped", with name: 'crafttweaker:golf_stick' that outputs: '<item:apocalypsenow:golf_stick>'
[03:33:32.954][INFO]: Removing 'crafting' recipes with output: 'com.blamejared.crafttweaker.api.item.MCItemStack@ae77e24b'
[03:33:32.956][INFO]: Adding 'minecraft:crafting' recipe, of type: "mirroring shaped", with name: 'crafttweaker:cleaver' that outputs: '<item:apocalypsenow:cleaver>'
[03:33:32.956][INFO]: Removing 'crafting' recipes with output: 'com.blamejared.crafttweaker.api.item.MCItemStack@ae77e24b'
[03:33:32.958][INFO]: Adding 'minecraft:crafting' recipe, of type: "mirroring shaped", with name: 'crafttweaker:cleaver' that outputs: '<item:apocalypsenow:cleaver>'
[03:33:32.958][INFO]: Removing 'crafting' recipes with output: 'com.blamejared.crafttweaker.api.item.MCItemStack@be0e95b5'
[03:33:32.960][INFO]: Adding 'minecraft:crafting' recipe, of type: "mirroring shaped", with name: 'crafttweaker:pipe_wrench' that outputs: '<item:apocalypsenow:pipe_wrench>'
[03:33:32.960][INFO]: Removing 'crafting' recipes with output: 'com.blamejared.crafttweaker.api.item.MCItemStack@ac628f07'
[03:33:32.962][INFO]: Adding 'minecraft:crafting' recipe, of type: "mirroring shaped", with name: 'crafttweaker:dagger' that outputs: '<item:apocalypsenow:dagger>'
[03:33:32.962][INFO]: Removing 'crafting' recipes with output: 'com.blamejared.crafttweaker.api.item.MCItemStack@8c097828'
[03:33:32.964][INFO]: Adding 'minecraft:crafting' recipe, of type: "mirroring shaped", with name: 'crafttweaker:sai' that outputs: '<item:apocalypsenow:sai>'
[03:33:32.964][INFO]: Removing 'crafting' recipes with output: 'com.blamejared.crafttweaker.api.item.MCItemStack@24785c84'
[03:33:32.967][INFO]: Adding 'minecraft:crafting' recipe, of type: "mirroring shaped", with name: 'crafttweaker:scythe' that outputs: '<item:apocalypsenow:scythe>'
[03:33:32.967][INFO]: Removing 'crafting' recipes with output: 'com.blamejared.crafttweaker.api.item.MCItemStack@314e6bde'
[03:33:32.969][INFO]: Adding 'minecraft:crafting' recipe, of type: "mirroring shaped", with name: 'crafttweaker:gardening_scissors' that outputs: '<item:apocalypsenow:gardening_scissors>'
[03:33:32.969][INFO]: Removing 'crafting' recipes with output: 'com.blamejared.crafttweaker.api.item.MCItemStack@a77f8a7'
[03:33:32.971][INFO]: Adding 'minecraft:crafting' recipe, of type: "mirroring shaped", with name: 'crafttweaker:shuriken' that outputs: '<item:apocalypsenow:shuriken>'
[03:33:32.971][INFO]: Removing 'crafting' recipes with output: 'com.blamejared.crafttweaker.api.item.MCItemStack@a387f481'
[03:33:32.973][INFO]: Adding 'minecraft:crafting' recipe, of type: "mirroring shaped", with name: 'crafttweaker:shiv' that outputs: '<item:apocalypsenow:shiv>'
[03:33:32.973][INFO]: Removing 'crafting' recipes with output: 'com.blamejared.crafttweaker.api.item.MCItemStack@a700407d'
[03:33:32.976][INFO]: Adding 'minecraft:crafting' recipe, of type: "mirroring shaped", with name: 'crafttweaker:plunger' that outputs: '<item:apocalypsenow:plunger>'
[03:33:32.976][INFO]: Removing 'crafting' recipes with output: 'com.blamejared.crafttweaker.api.item.MCItemStack@6748f159'
[03:33:32.979][INFO]: Adding 'minecraft:crafting' recipe, of type: "mirroring shaped", with name: 'crafttweaker:karambit' that outputs: '<item:apocalypsenow:karambit>'
[03:33:32.979][INFO]: Removing 'crafting' recipes with output: 'com.blamejared.crafttweaker.api.item.MCItemStack@3125c658'
[03:33:32.981][INFO]: Adding 'minecraft:crafting' recipe, of type: "mirroring shaped", with name: 'crafttweaker:gardening_spade' that outputs: '<item:apocalypsenow:gardening_spade>'
[03:33:32.981][INFO]: Removing 'crafting' recipes with output: 'com.blamejared.crafttweaker.api.item.MCItemStack@ded7ce64'
[03:33:32.984][INFO]: Adding 'minecraft:crafting' recipe, of type: "mirroring shaped", with name: 'crafttweaker:dumbbell' that outputs: '<item:apocalypsenow:dumbbell>'
[03:33:32.984][INFO]: Removing 'crafting' recipes with output: 'com.blamejared.crafttweaker.api.item.MCItemStack@126fafc'
[03:33:32.987][INFO]: Adding 'minecraft:crafting' recipe, of type: "shaped", with name: 'crafttweaker:tactical_sword' that outputs: '<item:apocalypsenow:tactical_sword>'
[03:33:32.987][INFO]: Removing 'crafting' recipes with output: 'com.blamejared.crafttweaker.api.item.MCItemStack@89c616a8'
[03:33:32.989][INFO]: Adding 'create:mechanical_crafting' recipe, with name: 'crafttweaker:katana' that outputs: '<item:apocalypsenow:katana>'
[03:33:32.989][INFO]: Removing 'minecraft:crafting' recipe(s) with name(s): '[minecraft:diamond_sword]'
[03:33:32.989][INFO]: Adding 'minecraft:crafting' recipe, of type: "shaped", with name: 'crafttweaker:diamond_sword' that outputs: '<item:minecraft:diamond_sword>'
[03:33:32.990][INFO]: Removing 'minecraft:crafting' recipe(s) with name(s): '[create_sa:brass_sword_recipe]'
[03:33:32.990][INFO]: Adding 'minecraft:crafting' recipe, of type: "shaped", with name: 'crafttweaker:brass_sword' that outputs: '<item:create_sa:brass_sword>'
[03:33:32.991][INFO]: Removing 'minecraft:smithing' recipe(s) with name(s): '[minecraft:netherite_sword_smithing]'
[03:33:32.991][INFO]: Adding 'minecraft:crafting' recipe, of type: "shaped", with name: 'crafttweaker:netherite_sword' that outputs: '<item:minecraft:netherite_sword>'
[03:33:32.991][INFO]: Removing 'create:mechanical_crafting' recipe(s) with name(s): '[create_sa:rose_quartz_sword_recipe]'
[03:33:32.991][INFO]: Adding 'minecraft:crafting' recipe, of type: "shaped", with name: 'crafttweaker:rose_quartz_sword' that outputs: '<item:create_sa:rose_quartz_sword>'
[03:33:32.991][INFO]: Removing 'minecraft:smithing' recipe(s) with name(s): '[minecraft:netherite_shovel_smithing]'
[03:33:32.992][INFO]: Adding 'minecraft:crafting' recipe, of type: "shaped", with name: 'crafttweaker:netherite_shovel' that outputs: '<item:minecraft:netherite_shovel>'
[03:33:32.992][INFO]: Removing 'minecraft:smithing' recipe(s) with name(s): '[minecraft:netherite_pickaxe_smithing]'
[03:33:32.992][INFO]: Adding 'minecraft:crafting' recipe, of type: "shaped", with name: 'crafttweaker:netherite_pickaxe' that outputs: '<item:minecraft:netherite_pickaxe>'
[03:33:32.992][INFO]: Removing 'minecraft:smithing' recipe(s) with name(s): '[minecraft:netherite_axe_smithing]'
[03:33:32.992][INFO]: Adding 'minecraft:crafting' recipe, of type: "shaped", with name: 'crafttweaker:netherite_axe' that outputs: '<item:minecraft:netherite_axe>'
[03:33:32.992][INFO]: Removing 'minecraft:smithing' recipe(s) with name(s): '[minecraft:netherite_hoe_smithing]'
[03:33:32.993][INFO]: Adding 'minecraft:crafting' recipe, of type: "shaped", with name: 'crafttweaker:netherite_hoe' that outputs: '<item:minecraft:netherite_hoe>'
[03:33:32.993][INFO]: Removing 'minecraft:smithing' recipe(s) with name(s): '[crossbowverhaul:crossbow_netherite]'
[03:33:32.993][INFO]: Adding 'minecraft:crafting' recipe, of type: "shaped", with name: 'crafttweaker:crossbow_netherite' that outputs: '<item:crossbowverhaul:crossbow_netherite>'
[03:33:32.993][INFO]: Removing 'minecraft:smithing' recipe(s) with name(s): '[crossbowverhaul:bolt_netherite]'
[03:33:32.994][INFO]: Adding 'minecraft:crafting' recipe, of type: "mirroring shaped", with name: 'crafttweaker:bolt_netherite' that outputs: '<item:crossbowverhaul:bolt_netherite>'
[03:33:32.994][INFO]: Removing 'minecraft:crafting' recipe(s) with name(s): '[crossbowverhaul:bolt_explosive]'
[03:33:32.994][INFO]: Adding 'minecraft:crafting' recipe, of type: "mirroring shaped", with name: 'crafttweaker:bolt_explosive' that outputs: '<item:crossbowverhaul:bolt_explosive>'
[03:33:32.994][INFO]: Removing 'create:mechanical_crafting' recipe(s) with name(s): '[create_sa:rose_quartz_pickaxe_recipe]'
[03:33:32.994][INFO]: Adding 'create:mechanical_crafting' recipe, with name: 'crafttweaker:rose_quartz_pickaxe' that outputs: '<item:create_sa:rose_quartz_pickaxe>'
[03:33:32.994][INFO]: Removing 'create:mechanical_crafting' recipe(s) with name(s): '[create_sa:rose_quartz_axe_recipe]'
[03:33:32.995][INFO]: Adding 'create:mechanical_crafting' recipe, with name: 'crafttweaker:rose_quartz_axe' that outputs: '<item:create_sa:rose_quartz_axe>'
[03:33:32.995][INFO]: Removing 'create:mechanical_crafting' recipe(s) with name(s): '[create_sa:rose_quartz_shovel_recipe]'
[03:33:32.995][INFO]: Adding 'create:mechanical_crafting' recipe, with name: 'crafttweaker:rose_quartz_shovel' that outputs: '<item:create_sa:rose_quartz_shovel>'
[03:33:32.995][INFO]: Removing 'minecraft:smithing' recipe(s) with name(s): '[farmersdelight:netherite_knife_smithing]'
[03:33:32.996][INFO]: Adding 'minecraft:crafting' recipe, of type: "shaped", with name: 'crafttweaker:netherite_knife' that outputs: '<item:farmersdelight:netherite_knife>'
[03:33:33.000][INFO]: Batching replacement for recipes from mods {createaddition} according to replacement rules {Replacing stacks <item:create_sa:zinc_handle> --> <tag:items:forge:rods/aluminum>} (Warnings are suppressed for this batch replacement)
[03:33:33.012][INFO]: Batch replacement completed
[03:33:33.013][INFO]: Registering new items tag with name <tag:items:forge:modern_materials>
[03:33:33.014][INFO]: Adding: [minecraft:iron_ingot] to tag: <tag:items:forge:modern_materials>
[03:33:33.014][INFO]: Adding: [minecraft:copper_ingot] to tag: <tag:items:forge:modern_materials>
[03:33:33.014][INFO]: Removing 'crafting' recipes with output: 'com.blamejared.crafttweaker.api.item.MCItemStack@d610ae86'
[03:33:33.019][INFO]: Adding 'minecraft:crafting' recipe, of type: "shapeless", with name: 'crafttweaker:an_money' that outputs: '<item:apocalypsenow:money> * 9'
[03:33:33.020][INFO]: Adding 'create:sequenced_assembly' recipe, with name: 'crafttweaker:sequenced_assembly/an_money_assembly' that outputs: '<item:apocalypsenow:money>'
[03:33:33.020][INFO]: Removing 'minecraft:crafting' recipe(s) with name(s): '[apocalypsenow:ventblockrecipe]'
[03:33:33.021][INFO]: Adding 'minecraft:crafting' recipe, of type: "shaped", with name: 'crafttweaker:ventblock' that outputs: '<item:apocalypsenow:ventblock>'
[03:33:33.021][INFO]: Removing 'minecraft:crafting' recipe(s) with name(s): '[apocalypsenow:corpsesackrecipe]'
[03:33:33.021][INFO]: Adding 'minecraft:crafting' recipe, of type: "shaped", with name: 'crafttweaker:corpsesack' that outputs: '<item:apocalypsenow:corpsesack>'
[03:33:33.021][INFO]: Removing 'crafting' recipes with output: 'com.blamejared.crafttweaker.api.item.MCItemStack@b6eb15c8'
[03:33:33.026][INFO]: Adding 'minecraft:crafting' recipe, of type: "shaped", with name: 'crafttweaker:medicalkit' that outputs: '<item:apocalypsenow:medicalkit>'
[03:33:33.026][INFO]: Removing 'crafting' recipes with output: 'com.blamejared.crafttweaker.api.item.MCItemStack@f12e2c3a'
[03:33:33.030][INFO]: Adding 'minecraft:crafting' recipe, of type: "shaped", with name: 'crafttweaker:suturekit' that outputs: '<item:apocalypsenow:suturekit>'
[03:33:33.030][INFO]: Removing 'crafting' recipes with output: 'com.blamejared.crafttweaker.api.item.MCItemStack@47ec82ee'
[03:33:33.033][INFO]: Adding 'minecraft:crafting' recipe, of type: "mirroring shaped", with name: 'crafttweaker:emptybloodbag' that outputs: '<item:apocalypsenow:emptybloodbag>'
[03:33:33.033][INFO]: Removing 'crafting' recipes with output: 'com.blamejared.crafttweaker.api.item.MCItemStack@f5a5cd93'
[03:33:33.036][INFO]: Adding 'minecraft:crafting' recipe, of type: "mirroring shaped", with name: 'crafttweaker:concret_barrier' that outputs: '<item:apocalypsenow:concret_barrier> * 3'
[03:33:33.036][INFO]: Adding 'minecraft:crafting' recipe, of type: "mirroring shaped", with name: 'crafttweaker:concrete_bricks' that outputs: '<item:apocalypsenow:concrete_bricks> * 4'
[03:33:33.036][INFO]: Adding 'minecraft:crafting' recipe, of type: "mirroring shaped", with name: 'crafttweaker:concrete_lined_barrier' that outputs: '<item:apocalypsenow:lined_concrete_barrier> * 3'
[03:33:33.036][INFO]: Removing 'crafting' recipes with output: 'com.blamejared.crafttweaker.api.item.MCItemStack@5e7d9b88'
[03:33:33.038][INFO]: Adding 'minecraft:crafting' recipe, of type: "shaped", with name: 'crafttweaker:cardboard_box' that outputs: '<item:apocalypsenow:cardboard_box>'
[03:33:33.039][INFO]: Removing 'crafting' recipes with output: 'com.blamejared.crafttweaker.api.item.MCItemStack@f3cb1fe3'
[03:33:33.041][INFO]: Adding 'minecraft:crafting' recipe, of type: "mirroring shaped", with name: 'crafttweaker:nail_box' that outputs: '<item:apocalypsenow:nailbox>'
[03:33:33.041][INFO]: Removing 'crafting' recipes with output: 'com.blamejared.crafttweaker.api.item.MCItemStack@31323803'
[03:33:33.043][INFO]: Adding 'minecraft:crafting' recipe, of type: "mirroring shaped", with name: 'crafttweaker:iron_window' that outputs: '<item:apocalypsenow:iron_window> * 4'
[03:33:33.043][INFO]: Removing 'crafting' recipes with output: 'com.blamejared.crafttweaker.api.item.MCItemStack@66c22d41'
[03:33:33.045][INFO]: Adding 'minecraft:crafting' recipe, of type: "shaped", with name: 'crafttweaker:barbed_wire' that outputs: '<item:apocalypsenow:barbed_wire> * 3'
[03:33:33.045][INFO]: Removing 'crafting' recipes with output: 'com.blamejared.crafttweaker.api.item.MCItemStack@e12678cf'
[03:33:33.047][INFO]: Adding 'minecraft:crafting' recipe, of type: "shaped", with name: 'crafttweaker:nail_bomb' that outputs: '<item:apocalypsenow:nail_bomb>'
[03:33:33.047][INFO]: Removing 'crafting' recipes with output: 'com.blamejared.crafttweaker.api.item.MCItemStack@d0c993cc'
[03:33:33.049][INFO]: Adding 'minecraft:crafting' recipe, of type: "mirroring shaped", with name: 'crafttweaker:improvised_bomb' that outputs: '<item:apocalypsenow:improvisedbomb>'
[03:33:33.049][INFO]: Removing 'crafting' recipes with output: 'com.blamejared.crafttweaker.api.item.MCItemStack@7c05198e'
[03:33:33.051][INFO]: Adding 'minecraft:crafting' recipe, of type: "mirroring shaped", with name: 'crafttweaker:gunpowder_can' that outputs: '<item:apocalypsenow:gunpowder_can>'
[03:33:33.051][INFO]: Removing 'crafting' recipes with output: 'com.blamejared.crafttweaker.api.item.MCItemStack@343bc4a3'
[03:33:33.054][INFO]: Adding 'minecraft:crafting' recipe, of type: "mirroring shaped", with name: 'crafttweaker:pipe_bomb' that outputs: '<item:apocalypsenow:pipe_bomb>'
[03:33:33.054][INFO]: Removing 'crafting' recipes with output: 'com.blamejared.crafttweaker.api.item.MCItemStack@22b6ebb8'
[03:33:33.056][INFO]: Adding 'minecraft:crafting' recipe, of type: "mirroring shaped", with name: 'crafttweaker:can_opener' that outputs: '<item:apocalypsenow:can_opener>'
[03:33:33.056][INFO]: Removing 'crafting' recipes with output: 'com.blamejared.crafttweaker.api.item.MCItemStack@86fe8365'
[03:33:33.058][INFO]: Adding 'minecraft:crafting' recipe, of type: "shaped", with name: 'crafttweaker:reinforced_log' that outputs: '<item:apocalypsenow:log_with_stone>'
[03:33:33.058][INFO]: Removing 'crafting' recipes with output: 'com.blamejared.crafttweaker.api.item.MCItemStack@d2be62ce'
[03:33:33.061][INFO]: Adding 'minecraft:crafting' recipe, of type: "shaped", with name: 'crafttweaker:land_mine' that outputs: '<item:apocalypsenow:land_mine>'
[03:33:33.061][INFO]: Removing 'crafting' recipes with output: 'com.blamejared.crafttweaker.api.item.MCItemStack@21028882'
[03:33:33.063][INFO]: Adding 'minecraft:crafting' recipe, of type: "shaped", with name: 'crafttweaker:tripwire_bomb' that outputs: '<item:apocalypsenow:tripwire_bomb>'
[03:33:33.063][INFO]: Removing 'crafting' recipes with output: 'com.blamejared.crafttweaker.api.item.MCItemStack@464b2634'
[03:33:33.065][INFO]: Adding 'minecraft:crafting' recipe, of type: "shaped", with name: 'crafttweaker:planks_a' that outputs: '<item:apocalypsenow:planks_a>'
[03:33:33.065][INFO]: Removing 'crafting' recipes with output: 'com.blamejared.crafttweaker.api.item.MCItemStack@464b2634'
[03:33:33.068][INFO]: Adding 'minecraft:crafting' recipe, of type: "shaped", with name: 'crafttweaker:planks_a' that outputs: '<item:apocalypsenow:planks_a>'
[03:33:33.068][INFO]: Removing 'crafting' recipes with output: 'com.blamejared.crafttweaker.api.item.MCItemStack@558c12f2'
[03:33:33.070][INFO]: Adding 'minecraft:crafting' recipe, of type: "shaped", with name: 'crafttweaker:planks_b' that outputs: '<item:apocalypsenow:planksc>'
[03:33:33.070][INFO]: Removing 'crafting' recipes with output: 'com.blamejared.crafttweaker.api.item.MCItemStack@c12d87ab'
[03:33:33.072][INFO]: Adding 'minecraft:crafting' recipe, of type: "shaped", with name: 'crafttweaker:planksb' that outputs: '<item:apocalypsenow:planksb>'
[03:33:33.072][INFO]: Removing 'crafting' recipes with output: 'com.blamejared.crafttweaker.api.item.MCItemStack@a61f1c9'
[03:33:33.074][INFO]: Adding 'minecraft:crafting' recipe, of type: "shaped", with name: 'crafttweaker:metal_bars' that outputs: '<item:apocalypsenow:metal_bars>'
[03:33:33.074][INFO]: Removing 'crafting' recipes with output: 'com.blamejared.crafttweaker.api.item.MCItemStack@13f83342'
[03:33:33.076][INFO]: Adding 'minecraft:crafting' recipe, of type: "shaped", with name: 'crafttweaker:traffic_barricade' that outputs: '<item:apocalypsenow:traffic_barricade> * 3'
[03:33:33.076][INFO]: Removing 'crafting' recipes with output: 'com.blamejared.crafttweaker.api.item.MCItemStack@d9a85dec'
[03:33:33.078][INFO]: Adding 'minecraft:crafting' recipe, of type: "shaped", with name: 'crafttweaker:construction_barricade' that outputs: '<item:apocalypsenow:construction_barricade> * 3'
[03:33:33.078][INFO]: Removing 'crafting' recipes with output: 'com.blamejared.crafttweaker.api.item.MCItemStack@c74a5dc1'
[03:33:33.080][INFO]: Adding 'minecraft:crafting' recipe, of type: "shaped", with name: 'crafttweaker:medical_storage' that outputs: '<item:apocalypsenow:medical_storage>'
[03:33:33.080][INFO]: Removing 'crafting' recipes with output: 'com.blamejared.crafttweaker.api.item.MCItemStack@585f581e'
[03:33:33.082][INFO]: Adding 'minecraft:crafting' recipe, of type: "shaped", with name: 'crafttweaker:safe' that outputs: '<item:apocalypsenow:safe>'
[03:33:33.082][INFO]: Removing 'crafting' recipes with output: 'com.blamejared.crafttweaker.api.item.MCItemStack@96eb4603'
[03:33:33.084][INFO]: Adding 'minecraft:crafting' recipe, of type: "shaped", with name: 'crafttweaker:sedexbox' that outputs: '<item:apocalypsenow:sedexbox>'
[03:33:33.084][INFO]: Removing 'crafting' recipes with output: 'com.blamejared.crafttweaker.api.item.MCItemStack@c735caec'
[03:33:33.086][INFO]: Adding 'minecraft:crafting' recipe, of type: "shapeless", with name: 'crafttweaker:bomb_defusing_kit' that outputs: '<item:apocalypsenow:bomb_defusing_kit>'
[03:33:33.089][INFO]: Removing 'minecraft:crafting' recipe(s) with name(s): '[car:battery]'
[03:33:33.090][INFO]: Adding 'create:sequenced_assembly' recipe, with name: 'crafttweaker:sequenced_assembly/battery' that outputs: '<item:car:battery>'
[03:33:33.090][INFO]: Removing 'minecraft:crafting' recipe(s) with name(s): '[car:engine_piston]'
[03:33:33.091][INFO]: Adding 'create:sequenced_assembly' recipe, with name: 'crafttweaker:sequenced_assembly/engine_piston' that outputs: '<item:car:engine_piston>'
[03:33:33.091][INFO]: Removing 'minecraft:crafting' recipe(s) with name(s): '[car:engine_3_cylinder]'
[03:33:33.092][INFO]: Adding 'create:sequenced_assembly' recipe, with name: 'crafttweaker:sequenced_assembly/engine_3_cylinder' that outputs: '<item:car:engine_3_cylinder>'
[03:33:33.092][INFO]: Removing 'minecraft:crafting' recipe(s) with name(s): '[car:engine_6_cylinder]'
[03:33:33.093][INFO]: Adding 'create:sequenced_assembly' recipe, with name: 'crafttweaker:sequenced_assembly/engine_6_cylinder' that outputs: '<item:car:engine_6_cylinder>'
[03:33:33.093][INFO]: Removing 'minecraft:crafting' recipe(s) with name(s): '[car:engine_truck]'
[03:33:33.094][INFO]: Adding 'create:sequenced_assembly' recipe, with name: 'crafttweaker:sequenced_assembly/engine_truck' that outputs: '<item:car:engine_truck>'
[03:33:33.094][INFO]: Removing 'minecraft:crafting' recipe(s) with name(s): '[car:wheel]'
[03:33:33.094][INFO]: Adding 'create:sequenced_assembly' recipe, with name: 'crafttweaker:sequenced_assembly/wheel' that outputs: '<item:car:wheel>'
[03:33:33.094][INFO]: Removing 'minecraft:crafting' recipe(s) with name(s): '[car:big_wheel]'
[03:33:33.095][INFO]: Adding 'create:sequenced_assembly' recipe, with name: 'crafttweaker:sequenced_assembly/big_wheel' that outputs: '<item:car:big_wheel>'
[03:33:33.095][INFO]: Removing 'minecraft:crafting' recipe(s) with name(s): '[car:small_tank]'
[03:33:33.095][INFO]: Adding 'create:sequenced_assembly' recipe, with name: 'crafttweaker:sequenced_assembly/small_tank' that outputs: '<item:car:small_tank>'
[03:33:33.095][INFO]: Removing 'minecraft:crafting' recipe(s) with name(s): '[car:medium_tank]'
[03:33:33.095][INFO]: Adding 'create:sequenced_assembly' recipe, with name: 'crafttweaker:sequenced_assembly/medium_tank' that outputs: '<item:car:medium_tank>'
[03:33:33.095][INFO]: Removing 'minecraft:crafting' recipe(s) with name(s): '[car:large_tank]'
[03:33:33.096][INFO]: Adding 'create:sequenced_assembly' recipe, with name: 'crafttweaker:sequenced_assembly/large_tank' that outputs: '<item:car:large_tank>'
[03:33:33.096][INFO]: Removing 'minecraft:crafting' recipe(s) with name(s): '[car:canister]'
[03:33:33.096][INFO]: Adding 'minecraft:crafting' recipe, of type: "shaped", with name: 'crafttweaker:canister' that outputs: '<item:car:canister>'
[03:33:33.096][INFO]: Removing 'minecraft:crafting' recipe(s) with name(s): '[car:gas_station]'
[03:33:33.097][INFO]: Adding 'create:mechanical_crafting' recipe, with name: 'crafttweaker:gas_station' that outputs: '<item:car:gas_station>'
[03:33:33.097][INFO]: Removing 'minecraft:crafting' recipe(s) with name(s): '[car:oak_body]'
[03:33:33.097][INFO]: Adding 'create:mechanical_crafting' recipe, with name: 'crafttweaker:oak_body' that outputs: '<item:car:oak_body>'
[03:33:33.097][INFO]: Removing 'minecraft:crafting' recipe(s) with name(s): '[car:acacia_body]'
[03:33:33.098][INFO]: Adding 'create:mechanical_crafting' recipe, with name: 'crafttweaker:acacia_body' that outputs: '<item:car:acacia_body>'
[03:33:33.098][INFO]: Removing 'minecraft:crafting' recipe(s) with name(s): '[car:dark_oak_body]'
[03:33:33.098][INFO]: Adding 'create:mechanical_crafting' recipe, with name: 'crafttweaker:dark_oak_body' that outputs: '<item:car:dark_oak_body>'
[03:33:33.098][INFO]: Removing 'minecraft:crafting' recipe(s) with name(s): '[car:birch_body]'
[03:33:33.099][INFO]: Adding 'create:mechanical_crafting' recipe, with name: 'crafttweaker:birch_body' that outputs: '<item:car:birch_body>'
[03:33:33.099][INFO]: Removing 'minecraft:crafting' recipe(s) with name(s): '[car:jungle_body]'
[03:33:33.099][INFO]: Adding 'create:mechanical_crafting' recipe, with name: 'crafttweaker:jungle_body' that outputs: '<item:car:jungle_body>'
[03:33:33.099][INFO]: Removing 'minecraft:crafting' recipe(s) with name(s): '[car:spruce_body]'
[03:33:33.099][INFO]: Adding 'create:mechanical_crafting' recipe, with name: 'crafttweaker:spruce_body' that outputs: '<item:car:spruce_body>'
[03:33:33.099][INFO]: Removing 'minecraft:crafting' recipe(s) with name(s): '[car:crimson_body]'
[03:33:33.100][INFO]: Adding 'create:mechanical_crafting' recipe, with name: 'crafttweaker:crimson_body' that outputs: '<item:car:crimson_body>'
[03:33:33.100][INFO]: Removing 'minecraft:crafting' recipe(s) with name(s): '[car:warped_body]'
[03:33:33.100][INFO]: Adding 'create:mechanical_crafting' recipe, with name: 'crafttweaker:warped_body' that outputs: '<item:car:warped_body>'
[03:33:33.100][INFO]: Removing 'minecraft:crafting' recipe(s) with name(s): '[car:big_oak_body]'
[03:33:33.100][INFO]: Adding 'create:mechanical_crafting' recipe, with name: 'crafttweaker:big_oak_body' that outputs: '<item:car:big_oak_body>'
[03:33:33.100][INFO]: Removing 'minecraft:crafting' recipe(s) with name(s): '[car:big_acacia_body]'
[03:33:33.101][INFO]: Adding 'create:mechanical_crafting' recipe, with name: 'crafttweaker:big_acacia_body' that outputs: '<item:car:big_acacia_body>'
[03:33:33.101][INFO]: Removing 'minecraft:crafting' recipe(s) with name(s): '[car:big_dark_oak_body]'
[03:33:33.101][INFO]: Adding 'create:mechanical_crafting' recipe, with name: 'crafttweaker:big_dark_oak_body' that outputs: '<item:car:big_dark_oak_body>'
[03:33:33.101][INFO]: Removing 'minecraft:crafting' recipe(s) with name(s): '[car:big_birch_body]'
[03:33:33.102][INFO]: Adding 'create:mechanical_crafting' recipe, with name: 'crafttweaker:big_birch_body' that outputs: '<item:car:big_birch_body>'
[03:33:33.102][INFO]: Removing 'minecraft:crafting' recipe(s) with name(s): '[car:big_jungle_body]'
[03:33:33.102][INFO]: Adding 'create:mechanical_crafting' recipe, with name: 'crafttweaker:big_jungle_body' that outputs: '<item:car:big_jungle_body>'
[03:33:33.102][INFO]: Removing 'minecraft:crafting' recipe(s) with name(s): '[car:big_spruce_body]'
[03:33:33.103][INFO]: Adding 'create:mechanical_crafting' recipe, with name: 'crafttweaker:big_spruce_body' that outputs: '<item:car:big_spruce_body>'
[03:33:33.103][INFO]: Removing 'minecraft:crafting' recipe(s) with name(s): '[car:big_crimson_body]'
[03:33:33.103][INFO]: Adding 'create:mechanical_crafting' recipe, with name: 'crafttweaker:big_crimson_body' that outputs: '<item:car:big_crimson_body>'
[03:33:33.103][INFO]: Removing 'minecraft:crafting' recipe(s) with name(s): '[car:big_warped_body]'
[03:33:33.103][INFO]: Adding 'create:mechanical_crafting' recipe, with name: 'crafttweaker:big_warped_body' that outputs: '<item:car:big_warped_body>'
[03:33:33.103][INFO]: Removing 'minecraft:crafting' recipe(s) with name(s): '[car:black_transporter_body]'
[03:33:33.104][INFO]: Adding 'create:mechanical_crafting' recipe, with name: 'crafttweaker:black_transporter_body' that outputs: '<item:car:black_transporter_body>'
[03:33:33.104][INFO]: Removing 'minecraft:crafting' recipe(s) with name(s): '[car:white_transporter_body]'
[03:33:33.105][INFO]: Adding 'create:mechanical_crafting' recipe, with name: 'crafttweaker:white_transporter_body' that outputs: '<item:car:white_transporter_body>'
[03:33:33.105][INFO]: Removing 'minecraft:crafting' recipe(s) with name(s): '[car:blue_transporter_body]'
[03:33:33.105][INFO]: Adding 'create:mechanical_crafting' recipe, with name: 'crafttweaker:blue_transporter_body' that outputs: '<item:car:blue_transporter_body>'
[03:33:33.105][INFO]: Removing 'minecraft:crafting' recipe(s) with name(s): '[car:brown_transporter_body]'
[03:33:33.106][INFO]: Adding 'create:mechanical_crafting' recipe, with name: 'crafttweaker:brown_transporter_body' that outputs: '<item:car:brown_transporter_body>'
[03:33:33.106][INFO]: Removing 'minecraft:crafting' recipe(s) with name(s): '[car:cyan_transporter_body]'
[03:33:33.106][INFO]: Adding 'create:mechanical_crafting' recipe, with name: 'crafttweaker:cyan_transporter_body' that outputs: '<item:car:cyan_transporter_body>'
[03:33:33.106][INFO]: Removing 'minecraft:crafting' recipe(s) with name(s): '[car:gray_transporter_body]'
[03:33:33.107][INFO]: Adding 'create:mechanical_crafting' recipe, with name: 'crafttweaker:gray_transporter_body' that outputs: '<item:car:gray_transporter_body>'
[03:33:33.107][INFO]: Removing 'minecraft:crafting' recipe(s) with name(s): '[car:green_transporter_body]'
[03:33:33.108][INFO]: Adding 'create:mechanical_crafting' recipe, with name: 'crafttweaker:green_transporter_body' that outputs: '<item:car:green_transporter_body>'
[03:33:33.108][INFO]: Removing 'minecraft:crafting' recipe(s) with name(s): '[car:light_blue_transporter_body]'
[03:33:33.108][INFO]: Adding 'create:mechanical_crafting' recipe, with name: 'crafttweaker:light_blue_transporter_body' that outputs: '<item:car:light_blue_transporter_body>'
[03:33:33.109][INFO]: Removing 'minecraft:crafting' recipe(s) with name(s): '[car:lime_transporter_body]'
[03:33:33.109][INFO]: Adding 'create:mechanical_crafting' recipe, with name: 'crafttweaker:lime_transporter_body' that outputs: '<item:car:lime_transporter_body>'
[03:33:33.109][INFO]: Removing 'minecraft:crafting' recipe(s) with name(s): '[car:magenta_transporter_body]'
[03:33:33.109][INFO]: Adding 'create:mechanical_crafting' recipe, with name: 'crafttweaker:magenta_transporter_body' that outputs: '<item:car:magenta_transporter_body>'
[03:33:33.109][INFO]: Removing 'minecraft:crafting' recipe(s) with name(s): '[car:orange_transporter_body]'
[03:33:33.110][INFO]: Adding 'create:mechanical_crafting' recipe, with name: 'crafttweaker:orange_transporter_body' that outputs: '<item:car:orange_transporter_body>'
[03:33:33.110][INFO]: Removing 'minecraft:crafting' recipe(s) with name(s): '[car:pink_transporter_body]'
[03:33:33.110][INFO]: Adding 'create:mechanical_crafting' recipe, with name: 'crafttweaker:pink_transporter_body' that outputs: '<item:car:pink_transporter_body>'
[03:33:33.110][INFO]: Removing 'minecraft:crafting' recipe(s) with name(s): '[car:purple_transporter_body]'
[03:33:33.111][INFO]: Adding 'create:mechanical_crafting' recipe, with name: 'crafttweaker:purple_transporter_body' that outputs: '<item:car:purple_transporter_body>'
[03:33:33.111][INFO]: Removing 'minecraft:crafting' recipe(s) with name(s): '[car:red_transporter_body]'
[03:33:33.111][INFO]: Adding 'create:mechanical_crafting' recipe, with name: 'crafttweaker:red_transporter_body' that outputs: '<item:car:red_transporter_body>'
[03:33:33.111][INFO]: Removing 'minecraft:crafting' recipe(s) with name(s): '[car:light_gray_transporter_body]'
[03:33:33.112][INFO]: Adding 'create:mechanical_crafting' recipe, with name: 'crafttweaker:light_gray_transporter_body' that outputs: '<item:car:light_gray_transporter_body>'
[03:33:33.112][INFO]: Removing 'minecraft:crafting' recipe(s) with name(s): '[car:yellow_transporter_body]'
[03:33:33.112][INFO]: Adding 'create:mechanical_crafting' recipe, with name: 'crafttweaker:yellow_transporter_body' that outputs: '<item:car:yellow_transporter_body>'
[03:33:33.112][INFO]: Removing 'minecraft:crafting' recipe(s) with name(s): '[car:white_suv_body]'
[03:33:33.113][INFO]: Adding 'create:mechanical_crafting' recipe, with name: 'crafttweaker:white_suv_body' that outputs: '<item:car:white_suv_body>'
[03:33:33.113][INFO]: Removing 'minecraft:crafting' recipe(s) with name(s): '[car:black_suv_body]'
[03:33:33.113][INFO]: Adding 'create:mechanical_crafting' recipe, with name: 'crafttweaker:black_suv_body' that outputs: '<item:car:black_suv_body>'
[03:33:33.113][INFO]: Removing 'minecraft:crafting' recipe(s) with name(s): '[car:blue_suv_body]'
[03:33:33.114][INFO]: Adding 'create:mechanical_crafting' recipe, with name: 'crafttweaker:blue_suv_body' that outputs: '<item:car:blue_suv_body>'
[03:33:33.114][INFO]: Removing 'minecraft:crafting' recipe(s) with name(s): '[car:brown_suv_body]'
[03:33:33.114][INFO]: Adding 'create:mechanical_crafting' recipe, with name: 'crafttweaker:brown_suv_body' that outputs: '<item:car:brown_suv_body>'
[03:33:33.114][INFO]: Removing 'minecraft:crafting' recipe(s) with name(s): '[car:cyan_suv_body]'
[03:33:33.115][INFO]: Adding 'create:mechanical_crafting' recipe, with name: 'crafttweaker:cyan_suv_body' that outputs: '<item:car:cyan_suv_body>'
[03:33:33.115][INFO]: Removing 'minecraft:crafting' recipe(s) with name(s): '[car:gray_suv_body]'
[03:33:33.115][INFO]: Adding 'create:mechanical_crafting' recipe, with name: 'crafttweaker:gray_suv_body' that outputs: '<item:car:gray_suv_body>'
[03:33:33.115][INFO]: Removing 'minecraft:crafting' recipe(s) with name(s): '[car:green_suv_body]'
[03:33:33.116][INFO]: Adding 'create:mechanical_crafting' recipe, with name: 'crafttweaker:green_suv_body' that outputs: '<item:car:green_suv_body>'
[03:33:33.116][INFO]: Removing 'minecraft:crafting' recipe(s) with name(s): '[car:light_blue_suv_body]'
[03:33:33.116][INFO]: Adding 'create:mechanical_crafting' recipe, with name: 'crafttweaker:light_blue_suv_body' that outputs: '<item:car:light_blue_suv_body>'
[03:33:33.116][INFO]: Removing 'minecraft:crafting' recipe(s) with name(s): '[car:lime_suv_body]'
[03:33:33.117][INFO]: Adding 'create:mechanical_crafting' recipe, with name: 'crafttweaker:lime_suv_body' that outputs: '<item:car:lime_suv_body>'
[03:33:33.117][INFO]: Removing 'minecraft:crafting' recipe(s) with name(s): '[car:magenta_suv_body]'
[03:33:33.117][INFO]: Adding 'create:mechanical_crafting' recipe, with name: 'crafttweaker:magenta_suv_body' that outputs: '<item:car:magenta_suv_body>'
[03:33:33.117][INFO]: Removing 'minecraft:crafting' recipe(s) with name(s): '[car:orange_suv_body]'
[03:33:33.117][INFO]: Adding 'create:mechanical_crafting' recipe, with name: 'crafttweaker:orange_suv_body' that outputs: '<item:car:orange_suv_body>'
[03:33:33.117][INFO]: Removing 'minecraft:crafting' recipe(s) with name(s): '[car:pink_suv_body]'
[03:33:33.118][INFO]: Adding 'create:mechanical_crafting' recipe, with name: 'crafttweaker:pink_suv_body' that outputs: '<item:car:pink_suv_body>'
[03:33:33.118][INFO]: Removing 'minecraft:crafting' recipe(s) with name(s): '[car:purple_suv_body]'
[03:33:33.118][INFO]: Adding 'create:mechanical_crafting' recipe, with name: 'crafttweaker:purple_suv_body' that outputs: '<item:car:purple_suv_body>'
[03:33:33.118][INFO]: Removing 'minecraft:crafting' recipe(s) with name(s): '[car:red_suv_body]'
[03:33:33.119][INFO]: Adding 'create:mechanical_crafting' recipe, with name: 'crafttweaker:red_suv_body' that outputs: '<item:car:red_suv_body>'
[03:33:33.119][INFO]: Removing 'minecraft:crafting' recipe(s) with name(s): '[car:light_gray_suv_body]'
[03:33:33.119][INFO]: Adding 'create:mechanical_crafting' recipe, with name: 'crafttweaker:light_gray_suv_body' that outputs: '<item:car:light_gray_suv_body>'
[03:33:33.119][INFO]: Removing 'minecraft:crafting' recipe(s) with name(s): '[car:yellow_suv_body]'
[03:33:33.120][INFO]: Adding 'create:mechanical_crafting' recipe, with name: 'crafttweaker:yellow_suv_body' that outputs: '<item:car:yellow_suv_body>'
[03:33:33.120][INFO]: Removing 'minecraft:crafting' recipe(s) with name(s): '[car:white_sport_body]'
[03:33:33.120][INFO]: Adding 'create:mechanical_crafting' recipe, with name: 'crafttweaker:white_sport_body' that outputs: '<item:car:white_sport_body>'
[03:33:33.120][INFO]: Removing 'minecraft:crafting' recipe(s) with name(s): '[car:black_sport_body]'
[03:33:33.121][INFO]: Adding 'create:mechanical_crafting' recipe, with name: 'crafttweaker:black_sport_body' that outputs: '<item:car:black_sport_body>'
[03:33:33.121][INFO]: Removing 'minecraft:crafting' recipe(s) with name(s): '[car:blue_sport_body]'
[03:33:33.121][INFO]: Adding 'create:mechanical_crafting' recipe, with name: 'crafttweaker:blue_sport_body' that outputs: '<item:car:blue_sport_body>'
[03:33:33.121][INFO]: Removing 'minecraft:crafting' recipe(s) with name(s): '[car:brown_sport_body]'
[03:33:33.121][INFO]: Adding 'create:mechanical_crafting' recipe, with name: 'crafttweaker:brown_sport_body' that outputs: '<item:car:brown_sport_body>'
[03:33:33.121][INFO]: Removing 'minecraft:crafting' recipe(s) with name(s): '[car:cyan_sport_body]'
[03:33:33.122][INFO]: Adding 'create:mechanical_crafting' recipe, with name: 'crafttweaker:cyan_sport_body' that outputs: '<item:car:cyan_sport_body>'
[03:33:33.122][INFO]: Removing 'minecraft:crafting' recipe(s) with name(s): '[car:gray_sport_body]'
[03:33:33.122][INFO]: Adding 'create:mechanical_crafting' recipe, with name: 'crafttweaker:gray_sport_body' that outputs: '<item:car:gray_sport_body>'
[03:33:33.122][INFO]: Removing 'minecraft:crafting' recipe(s) with name(s): '[car:green_sport_body]'
[03:33:33.123][INFO]: Adding 'create:mechanical_crafting' recipe, with name: 'crafttweaker:green_sport_body' that outputs: '<item:car:green_sport_body>'
[03:33:33.123][INFO]: Removing 'minecraft:crafting' recipe(s) with name(s): '[car:light_blue_sport_body]'
[03:33:33.123][INFO]: Adding 'create:mechanical_crafting' recipe, with name: 'crafttweaker:light_blue_sport_body' that outputs: '<item:car:light_blue_sport_body>'
[03:33:33.123][INFO]: Removing 'minecraft:crafting' recipe(s) with name(s): '[car:lime_sport_body]'
[03:33:33.124][INFO]: Adding 'create:mechanical_crafting' recipe, with name: 'crafttweaker:lime_sport_body' that outputs: '<item:car:lime_sport_body>'
[03:33:33.124][INFO]: Removing 'minecraft:crafting' recipe(s) with name(s): '[car:magenta_sport_body]'
[03:33:33.124][INFO]: Adding 'create:mechanical_crafting' recipe, with name: 'crafttweaker:magenta_sport_body' that outputs: '<item:car:magenta_sport_body>'
[03:33:33.124][INFO]: Removing 'minecraft:crafting' recipe(s) with name(s): '[car:orange_sport_body]'
[03:33:33.124][INFO]: Adding 'create:mechanical_crafting' recipe, with name: 'crafttweaker:orange_sport_body' that outputs: '<item:car:orange_sport_body>'
[03:33:33.124][INFO]: Removing 'minecraft:crafting' recipe(s) with name(s): '[car:pink_sport_body]'
[03:33:33.125][INFO]: Adding 'create:mechanical_crafting' recipe, with name: 'crafttweaker:pink_sport_body' that outputs: '<item:car:pink_sport_body>'
[03:33:33.125][INFO]: Removing 'minecraft:crafting' recipe(s) with name(s): '[car:purple_sport_body]'
[03:33:33.125][INFO]: Adding 'create:mechanical_crafting' recipe, with name: 'crafttweaker:purple_sport_body' that outputs: '<item:car:purple_sport_body>'
[03:33:33.125][INFO]: Removing 'minecraft:crafting' recipe(s) with name(s): '[car:red_sport_body]'
[03:33:33.126][INFO]: Adding 'create:mechanical_crafting' recipe, with name: 'crafttweaker:red_sport_body' that outputs: '<item:car:red_sport_body>'
[03:33:33.126][INFO]: Removing 'minecraft:crafting' recipe(s) with name(s): '[car:light_gray_sport_body]'
[03:33:33.126][INFO]: Adding 'create:mechanical_crafting' recipe, with name: 'crafttweaker:light_gray_sport_body' that outputs: '<item:car:light_gray_sport_body>'
[03:33:33.126][INFO]: Removing 'minecraft:crafting' recipe(s) with name(s): '[car:yellow_sport_body]'
[03:33:33.127][INFO]: Adding 'create:mechanical_crafting' recipe, with name: 'crafttweaker:yellow_sport_body' that outputs: '<item:car:yellow_sport_body>'
[03:33:33.127][INFO]: Removing 'minecraft:crafting' recipe(s) with name(s): '[car:white_container]'
[03:33:33.128][INFO]: Adding 'minecraft:crafting' recipe, of type: "shaped", with name: 'crafttweaker:white_container' that outputs: '<item:car:white_container>'
[03:33:33.128][INFO]: Removing 'minecraft:crafting' recipe(s) with name(s): '[car:black_container]'
[03:33:33.128][INFO]: Adding 'minecraft:crafting' recipe, of type: "shaped", with name: 'crafttweaker:black_container' that outputs: '<item:car:black_container>'
[03:33:33.128][INFO]: Removing 'minecraft:crafting' recipe(s) with name(s): '[car:blue_container]'
[03:33:33.128][INFO]: Adding 'minecraft:crafting' recipe, of type: "shaped", with name: 'crafttweaker:blue_container' that outputs: '<item:car:blue_container>'
[03:33:33.129][INFO]: Removing 'minecraft:crafting' recipe(s) with name(s): '[car:brown_container]'
[03:33:33.129][INFO]: Adding 'minecraft:crafting' recipe, of type: "shaped", with name: 'crafttweaker:brown_container' that outputs: '<item:car:brown_container>'
[03:33:33.129][INFO]: Removing 'minecraft:crafting' recipe(s) with name(s): '[car:cyan_container]'
[03:33:33.129][INFO]: Adding 'minecraft:crafting' recipe, of type: "shaped", with name: 'crafttweaker:cyan_container' that outputs: '<item:car:cyan_container>'
[03:33:33.129][INFO]: Removing 'minecraft:crafting' recipe(s) with name(s): '[car:gray_container]'
[03:33:33.130][INFO]: Adding 'minecraft:crafting' recipe, of type: "shaped", with name: 'crafttweaker:gray_container' that outputs: '<item:car:gray_container>'
[03:33:33.130][INFO]: Removing 'minecraft:crafting' recipe(s) with name(s): '[car:green_container]'
[03:33:33.130][INFO]: Adding 'minecraft:crafting' recipe, of type: "shaped", with name: 'crafttweaker:green_container' that outputs: '<item:car:green_container>'
[03:33:33.130][INFO]: Removing 'minecraft:crafting' recipe(s) with name(s): '[car:light_blue_container]'
[03:33:33.130][INFO]: Adding 'minecraft:crafting' recipe, of type: "shaped", with name: 'crafttweaker:light_blue_container' that outputs: '<item:car:light_blue_container>'
[03:33:33.130][INFO]: Removing 'minecraft:crafting' recipe(s) with name(s): '[car:lime_container]'
[03:33:33.131][INFO]: Adding 'minecraft:crafting' recipe, of type: "shaped", with name: 'crafttweaker:lime_container' that outputs: '<item:car:lime_container>'
[03:33:33.131][INFO]: Removing 'minecraft:crafting' recipe(s) with name(s): '[car:magenta_container]'
[03:33:33.131][INFO]: Adding 'minecraft:crafting' recipe, of type: "shaped", with name: 'crafttweaker:magenta_container' that outputs: '<item:car:magenta_container>'
[03:33:33.131][INFO]: Removing 'minecraft:crafting' recipe(s) with name(s): '[car:orange_container]'
[03:33:33.131][INFO]: Adding 'minecraft:crafting' recipe, of type: "shaped", with name: 'crafttweaker:orange_container' that outputs: '<item:car:orange_container>'
[03:33:33.131][INFO]: Removing 'minecraft:crafting' recipe(s) with name(s): '[car:pink_container]'
[03:33:33.132][INFO]: Adding 'minecraft:crafting' recipe, of type: "shaped", with name: 'crafttweaker:pink_container' that outputs: '<item:car:pink_container>'
[03:33:33.132][INFO]: Removing 'minecraft:crafting' recipe(s) with name(s): '[car:purple_container]'
[03:33:33.132][INFO]: Adding 'minecraft:crafting' recipe, of type: "shaped", with name: 'crafttweaker:purple_container' that outputs: '<item:car:purple_container>'
[03:33:33.132][INFO]: Removing 'minecraft:crafting' recipe(s) with name(s): '[car:red_container]'
[03:33:33.132][INFO]: Adding 'minecraft:crafting' recipe, of type: "shaped", with name: 'crafttweaker:red_container' that outputs: '<item:car:red_container>'
[03:33:33.133][INFO]: Removing 'minecraft:crafting' recipe(s) with name(s): '[car:light_gray_container]'
[03:33:33.133][INFO]: Adding 'minecraft:crafting' recipe, of type: "shaped", with name: 'crafttweaker:light_gray_container' that outputs: '<item:car:light_gray_container>'
[03:33:33.133][INFO]: Removing 'minecraft:crafting' recipe(s) with name(s): '[car:yellow_container]'
[03:33:33.133][INFO]: Adding 'minecraft:crafting' recipe, of type: "shaped", with name: 'crafttweaker:yellow_container' that outputs: '<item:car:yellow_container>'
[03:33:33.133][INFO]: Removing 'minecraft:crafting' recipe(s) with name(s): '[car:white_tank_container]'
[03:33:33.134][INFO]: Adding 'minecraft:crafting' recipe, of type: "shaped", with name: 'crafttweaker:white_tank_container' that outputs: '<item:car:white_tank_container>'
[03:33:33.134][INFO]: Removing 'minecraft:crafting' recipe(s) with name(s): '[car:black_tank_container]'
[03:33:33.134][INFO]: Adding 'minecraft:crafting' recipe, of type: "shaped", with name: 'crafttweaker:black_tank_container' that outputs: '<item:car:black_tank_container>'
[03:33:33.134][INFO]: Removing 'minecraft:crafting' recipe(s) with name(s): '[car:blue_tank_container]'
[03:33:33.134][INFO]: Adding 'minecraft:crafting' recipe, of type: "shaped", with name: 'crafttweaker:blue_tank_container' that outputs: '<item:car:blue_tank_container>'
[03:33:33.134][INFO]: Removing 'minecraft:crafting' recipe(s) with name(s): '[car:brown_tank_container]'
[03:33:33.135][INFO]: Adding 'minecraft:crafting' recipe, of type: "shaped", with name: 'crafttweaker:brown_tank_container' that outputs: '<item:car:brown_tank_container>'
[03:33:33.135][INFO]: Removing 'minecraft:crafting' recipe(s) with name(s): '[car:cyan_tank_container]'
[03:33:33.135][INFO]: Adding 'minecraft:crafting' recipe, of type: "shaped", with name: 'crafttweaker:cyan_tank_container' that outputs: '<item:car:cyan_tank_container>'
[03:33:33.135][INFO]: Removing 'minecraft:crafting' recipe(s) with name(s): '[car:gray_tank_container]'
[03:33:33.135][INFO]: Adding 'minecraft:crafting' recipe, of type: "shaped", with name: 'crafttweaker:gray_tank_container' that outputs: '<item:car:gray_tank_container>'
[03:33:33.136][INFO]: Removing 'minecraft:crafting' recipe(s) with name(s): '[car:green_tank_container]'
[03:33:33.136][INFO]: Adding 'minecraft:crafting' recipe, of type: "shaped", with name: 'crafttweaker:green_tank_container' that outputs: '<item:car:green_tank_container>'
[03:33:33.136][INFO]: Removing 'minecraft:crafting' recipe(s) with name(s): '[car:light_blue_tank_container]'
[03:33:33.136][INFO]: Adding 'minecraft:crafting' recipe, of type: "shaped", with name: 'crafttweaker:light_blue_tank_container' that outputs: '<item:car:light_blue_tank_container>'
[03:33:33.136][INFO]: Removing 'minecraft:crafting' recipe(s) with name(s): '[car:lime_tank_container]'
[03:33:33.137][INFO]: Adding 'minecraft:crafting' recipe, of type: "shaped", with name: 'crafttweaker:lime_tank_container' that outputs: '<item:car:lime_tank_container>'
[03:33:33.137][INFO]: Removing 'minecraft:crafting' recipe(s) with name(s): '[car:magenta_tank_container]'
[03:33:33.137][INFO]: Adding 'minecraft:crafting' recipe, of type: "shaped", with name: 'crafttweaker:magenta_tank_container' that outputs: '<item:car:magenta_tank_container>'
[03:33:33.137][INFO]: Removing 'minecraft:crafting' recipe(s) with name(s): '[car:orange_tank_container]'
[03:33:33.138][INFO]: Adding 'minecraft:crafting' recipe, of type: "shaped", with name: 'crafttweaker:orange_tank_container' that outputs: '<item:car:orange_tank_container>'
[03:33:33.138][INFO]: Removing 'minecraft:crafting' recipe(s) with name(s): '[car:pink_tank_container]'
[03:33:33.138][INFO]: Adding 'minecraft:crafting' recipe, of type: "shaped", with name: 'crafttweaker:pink_tank_container' that outputs: '<item:car:pink_tank_container>'
[03:33:33.138][INFO]: Removing 'minecraft:crafting' recipe(s) with name(s): '[car:purple_tank_container]'
[03:33:33.139][INFO]: Adding 'minecraft:crafting' recipe, of type: "shaped", with name: 'crafttweaker:purple_tank_container' that outputs: '<item:car:purple_tank_container>'
[03:33:33.139][INFO]: Removing 'minecraft:crafting' recipe(s) with name(s): '[car:red_tank_container]'
[03:33:33.139][INFO]: Adding 'minecraft:crafting' recipe, of type: "shaped", with name: 'crafttweaker:red_tank_container' that outputs: '<item:car:red_tank_container>'
[03:33:33.139][INFO]: Removing 'minecraft:crafting' recipe(s) with name(s): '[car:light_gray_tank_container]'
[03:33:33.139][INFO]: Adding 'minecraft:crafting' recipe, of type: "shaped", with name: 'crafttweaker:light_gray_tank_container' that outputs: '<item:car:light_gray_tank_container>'
[03:33:33.139][INFO]: Removing 'minecraft:crafting' recipe(s) with name(s): '[car:yellow_tank_container]'
[03:33:33.140][INFO]: Adding 'minecraft:crafting' recipe, of type: "shaped", with name: 'crafttweaker:yellow_tank_container' that outputs: '<item:car:yellow_tank_container>'
[03:33:33.141][INFO]: Removing 'crafting' recipes with output: 'com.blamejared.crafttweaker.api.item.MCItemStack@59a35342'
[03:33:33.147][INFO]: Adding 'minecraft:crafting' recipe, of type: "shaped", with name: 'crafttweaker:hearth' that outputs: '<item:cold_sweat:hearth>'
[03:33:33.148][INFO]: Registering new items tag with name <tag:items:forge:cooler_materials>
[03:33:33.149][INFO]: Registering new items tag with name <tag:items:forge:ice>
[03:33:33.149][INFO]: Adding: [minecraft:ice] to tag: <tag:items:forge:ice>
[03:33:33.149][INFO]: Adding: [minecraft:packed_ice] to tag: <tag:items:forge:ice>
[03:33:33.149][INFO]: Adding: [minecraft:blue_ice] to tag: <tag:items:forge:ice>
[03:33:33.149][INFO]: Removing 'crafting' recipes with output: 'com.blamejared.crafttweaker.api.item.MCItemStack@39d18f88'
[03:33:33.154][INFO]: Adding 'minecraft:crafting' recipe, of type: "shaped", with name: 'crafttweaker:black_cooler' that outputs: '<item:cfm:black_cooler>'
[03:33:33.155][INFO]: Removing 'crafting' recipes with output: 'com.blamejared.crafttweaker.api.item.MCItemStack@851761d4'
[03:33:33.159][INFO]: Adding 'minecraft:crafting' recipe, of type: "shaped", with name: 'crafttweaker:white_cooler' that outputs: '<item:cfm:white_cooler>'
[03:33:33.159][INFO]: Removing 'crafting' recipes with output: 'com.blamejared.crafttweaker.api.item.MCItemStack@150bcf26'
[03:33:33.163][INFO]: Adding 'minecraft:crafting' recipe, of type: "shaped", with name: 'crafttweaker:orange_cooler' that outputs: '<item:cfm:orange_cooler>'
[03:33:33.163][INFO]: Removing 'crafting' recipes with output: 'com.blamejared.crafttweaker.api.item.MCItemStack@760d7971'
[03:33:33.167][INFO]: Adding 'minecraft:crafting' recipe, of type: "shaped", with name: 'crafttweaker:magenta_cooler' that outputs: '<item:cfm:magenta_cooler>'
[03:33:33.167][INFO]: Removing 'crafting' recipes with output: 'com.blamejared.crafttweaker.api.item.MCItemStack@5f500e1c'
[03:33:33.171][INFO]: Adding 'minecraft:crafting' recipe, of type: "shaped", with name: 'crafttweaker:light_blue_cooler' that outputs: '<item:cfm:light_blue_cooler>'
[03:33:33.171][INFO]: Removing 'crafting' recipes with output: 'com.blamejared.crafttweaker.api.item.MCItemStack@35df31ad'
[03:33:33.173][INFO]: Adding 'minecraft:crafting' recipe, of type: "shaped", with name: 'crafttweaker:yellow_cooler' that outputs: '<item:cfm:yellow_cooler>'
[03:33:33.173][INFO]: Removing 'crafting' recipes with output: 'com.blamejared.crafttweaker.api.item.MCItemStack@b83622f8'
[03:33:33.175][INFO]: Adding 'minecraft:crafting' recipe, of type: "shaped", with name: 'crafttweaker:lime_cooler' that outputs: '<item:cfm:lime_cooler>'
[03:33:33.175][INFO]: Removing 'crafting' recipes with output: 'com.blamejared.crafttweaker.api.item.MCItemStack@e7661ed7'
[03:33:33.177][INFO]: Adding 'minecraft:crafting' recipe, of type: "shaped", with name: 'crafttweaker:pink_cooler' that outputs: '<item:cfm:pink_cooler>'
[03:33:33.178][INFO]: Removing 'crafting' recipes with output: 'com.blamejared.crafttweaker.api.item.MCItemStack@c9565e40'
[03:33:33.180][INFO]: Adding 'minecraft:crafting' recipe, of type: "shaped", with name: 'crafttweaker:gray_cooler' that outputs: '<item:cfm:gray_cooler>'
[03:33:33.180][INFO]: Removing 'crafting' recipes with output: 'com.blamejared.crafttweaker.api.item.MCItemStack@a368cb9f'
[03:33:33.182][INFO]: Adding 'minecraft:crafting' recipe, of type: "shaped", with name: 'crafttweaker:light_gray_cooler' that outputs: '<item:cfm:light_gray_cooler>'
[03:33:33.182][INFO]: Removing 'crafting' recipes with output: 'com.blamejared.crafttweaker.api.item.MCItemStack@8e759c93'
[03:33:33.184][INFO]: Adding 'minecraft:crafting' recipe, of type: "shaped", with name: 'crafttweaker:cyan_cooler' that outputs: '<item:cfm:cyan_cooler>'
[03:33:33.184][INFO]: Removing 'crafting' recipes with output: 'com.blamejared.crafttweaker.api.item.MCItemStack@4e1c0821'
[03:33:33.186][INFO]: Adding 'minecraft:crafting' recipe, of type: "shaped", with name: 'crafttweaker:purple_cooler' that outputs: '<item:cfm:purple_cooler>'
[03:33:33.186][INFO]: Removing 'crafting' recipes with output: 'com.blamejared.crafttweaker.api.item.MCItemStack@6d53ff24'
[03:33:33.188][INFO]: Adding 'minecraft:crafting' recipe, of type: "shaped", with name: 'crafttweaker:blue_cooler' that outputs: '<item:cfm:blue_cooler>'
[03:33:33.188][INFO]: Removing 'crafting' recipes with output: 'com.blamejared.crafttweaker.api.item.MCItemStack@29e1c36f'
[03:33:33.191][INFO]: Adding 'minecraft:crafting' recipe, of type: "shaped", with name: 'crafttweaker:brown_cooler' that outputs: '<item:cfm:brown_cooler>'
[03:33:33.191][INFO]: Removing 'crafting' recipes with output: 'com.blamejared.crafttweaker.api.item.MCItemStack@6db7d6bb'
[03:33:33.193][INFO]: Adding 'minecraft:crafting' recipe, of type: "shaped", with name: 'crafttweaker:green_cooler' that outputs: '<item:cfm:green_cooler>'
[03:33:33.193][INFO]: Removing 'crafting' recipes with output: 'com.blamejared.crafttweaker.api.item.MCItemStack@68f71d2b'
[03:33:33.195][INFO]: Adding 'minecraft:crafting' recipe, of type: "shaped", with name: 'crafttweaker:red_cooler' that outputs: '<item:cfm:red_cooler>'
[03:33:33.198][INFO]: Batching replacement for recipes from mods {createdeco} according to replacement rules {Replacing stacks <item:createdeco:cast_iron_ingot> --> <tag:items:forge:ingots/cast_iron>} (Warnings are suppressed for this batch replacement)
[03:33:33.200][INFO]: - Replacing "minecraft:crafting" recipe with name "createdeco:cast_iron_bars", renaming it to "crafttweaker:autogenerated/createdeco.cast_iron_bars"
[03:33:33.201][INFO]: - Replacing "minecraft:crafting" recipe with name "createdeco:cast_iron_hull", renaming it to "crafttweaker:autogenerated/createdeco.cast_iron_hull"
[03:33:33.203][INFO]: - Replacing "minecraft:crafting" recipe with name "createdeco:cast_iron_nugget_from_cast_iron_ingot", renaming it to "crafttweaker:autogenerated/createdeco.cast_iron_nugget_from_cast_iron_ingot"
[03:33:33.204][INFO]: - Replacing "minecraft:crafting" recipe with name "createdeco:cast_iron_trapdoor", renaming it to "crafttweaker:autogenerated/createdeco.cast_iron_trapdoor"
[03:33:33.213][INFO]: - Replacing "minecraft:crafting" recipe with name "createdeco:cast_iron_block", renaming it to "crafttweaker:autogenerated/createdeco.cast_iron_block"
[03:33:33.215][INFO]: - Replacing "minecraft:crafting" recipe with name "createdeco:cast_iron_door", renaming it to "crafttweaker:autogenerated/createdeco.cast_iron_door"
[03:33:33.220][INFO]: - Replacing "minecraft:stonecutting" recipe with name "createdeco:cast_iron_bars_from_cast_iron_ingot_stonecutting", renaming it to "crafttweaker:autogenerated/createdeco.cast_iron_bars_from_cast_iron_ingot_stonecutting"
[03:33:33.221][INFO]: Batch replacement completed
[03:33:33.222][INFO]: Removing 'create:pressing' recipe(s) with name(s): '[minecraft:pressing/cast_iron_sheet]'
[03:33:33.222][INFO]: Adding 'create:pressing' recipe, with name: 'crafttweaker:cast_iron_sheet' that outputs: '<item:createdeco:cast_iron_sheet>'
[03:33:33.223][INFO]: Removing 'crafting' recipes with output: 'com.blamejared.crafttweaker.api.item.MCItemStack@2ffbfa4a'
[03:33:33.228][INFO]: Adding 'minecraft:crafting' recipe, of type: "shaped", with name: 'crafttweaker:solid_shot' that outputs: '<item:createbigcannons:solid_shot>'
[03:33:33.229][INFO]: Removing 'crafting' recipes with output: 'com.blamejared.crafttweaker.api.item.MCItemStack@394ed16b'
[03:33:33.233][INFO]: Adding 'minecraft:crafting' recipe, of type: "shaped", with name: 'crafttweaker:bag_of_grapeshot' that outputs: '<item:createbigcannons:bag_of_grapeshot>'
[03:33:33.233][INFO]: Removing 'crafting' recipes with output: 'com.blamejared.crafttweaker.api.item.MCItemStack@398fa636'
[03:33:33.237][INFO]: Removing 'create:mechanical_crafting' recipes with output: 'com.blamejared.crafttweaker.api.item.MCItemStack@398fa636'
[03:33:33.238][INFO]: Adding 'create:mechanical_crafting' recipe, with name: 'crafttweaker:he_shell' that outputs: '<item:createbigcannons:he_shell>'
[03:33:33.238][INFO]: Removing 'crafting' recipes with output: 'com.blamejared.crafttweaker.api.item.MCItemStack@1a25ad94'
[03:33:33.242][INFO]: Removing 'create:mechanical_crafting' recipes with output: 'com.blamejared.crafttweaker.api.item.MCItemStack@1a25ad94'
[03:33:33.243][INFO]: Adding 'create:mechanical_crafting' recipe, with name: 'crafttweaker:shrapnel_shell' that outputs: '<item:createbigcannons:shrapnel_shell>'
[03:33:33.243][INFO]: Removing 'crafting' recipes with output: 'com.blamejared.crafttweaker.api.item.MCItemStack@b64a329a'
[03:33:33.246][INFO]: Removing 'create:mechanical_crafting' recipes with output: 'com.blamejared.crafttweaker.api.item.MCItemStack@b64a329a'
[03:33:33.246][INFO]: Adding 'create:mechanical_crafting' recipe, with name: 'crafttweaker:ap_shot' that outputs: '<item:createbigcannons:ap_shot>'
[03:33:33.246][INFO]: Removing 'crafting' recipes with output: 'com.blamejared.crafttweaker.api.item.MCItemStack@471c3d11'
[03:33:33.249][INFO]: Removing 'create:mechanical_crafting' recipes with output: 'com.blamejared.crafttweaker.api.item.MCItemStack@471c3d11'
[03:33:33.250][INFO]: Adding 'create:mechanical_crafting' recipe, with name: 'crafttweaker:ap_shell' that outputs: '<item:createbigcannons:ap_shell>'
[03:33:33.250][INFO]: Removing 'crafting' recipes with output: 'com.blamejared.crafttweaker.api.item.MCItemStack@41ab7a0d'
[03:33:33.252][INFO]: Removing 'create:mechanical_crafting' recipes with output: 'com.blamejared.crafttweaker.api.item.MCItemStack@41ab7a0d'
[03:33:33.253][INFO]: Adding 'create:mechanical_crafting' recipe, with name: 'crafttweaker:fluid_shell' that outputs: '<item:createbigcannons:fluid_shell>'
[03:33:33.253][INFO]: Removing 'crafting' recipes with output: 'com.blamejared.crafttweaker.api.item.MCItemStack@31326770'
[03:33:33.255][INFO]: Removing 'create:mechanical_crafting' recipes with output: 'com.blamejared.crafttweaker.api.item.MCItemStack@31326770'
[03:33:33.256][INFO]: Adding 'create:mechanical_crafting' recipe, with name: 'crafttweaker:smoke_shell' that outputs: '<item:createbigcannons:smoke_shell>'
[03:33:33.256][INFO]: Removing 'crafting' recipes with output: 'com.blamejared.crafttweaker.api.item.MCItemStack@f8ca0ba2'
[03:33:33.258][INFO]: Adding 'minecraft:crafting' recipe, of type: "shaped", with name: 'crafttweaker:ap_autocannon_round' that outputs: '<item:createbigcannons:ap_autocannon_round>'
[03:33:33.260][INFO]: Adding 'minecraft:crafting' recipe, of type: "shapeless", with name: 'crafttweaker:9mm_round' that outputs: '<item:tac:9mm_round> * 2'
[03:33:33.261][INFO]: Adding 'create:sequenced_assembly' recipe, with name: 'crafttweaker:sequenced_assembly/9mm_round' that outputs: '<item:tac:9mm_round> * 4'
[03:33:33.262][INFO]: Adding 'minecraft:crafting' recipe, of type: "shapeless", with name: 'crafttweaker:10_gauge_round' that outputs: '<item:tac:10_gauge_round> * 2'
[03:33:33.262][INFO]: Adding 'create:sequenced_assembly' recipe, with name: 'crafttweaker:sequenced_assembly/10_gauge_round' that outputs: '<item:tac:10_gauge_round> * 4'
[03:33:33.262][INFO]: Adding 'minecraft:crafting' recipe, of type: "shapeless", with name: 'crafttweaker:46x30' that outputs: '<item:tac:46x30> * 2'
[03:33:33.263][INFO]: Adding 'create:sequenced_assembly' recipe, with name: 'crafttweaker:sequenced_assembly/46x30' that outputs: '<item:tac:46x30> * 4'
[03:33:33.263][INFO]: Adding 'minecraft:crafting' recipe, of type: "shapeless", with name: 'crafttweaker:50bmg' that outputs: '<item:tac:50bmg>'
[03:33:33.264][INFO]: Adding 'create:sequenced_assembly' recipe, with name: 'crafttweaker:sequenced_assembly/50bmg' that outputs: '<item:tac:50bmg> * 2'
[03:33:33.264][INFO]: Adding 'minecraft:crafting' recipe, of type: "shapeless", with name: 'crafttweaker:57x28' that outputs: '<item:tac:57x28> * 2'
[03:33:33.265][INFO]: Adding 'create:sequenced_assembly' recipe, with name: 'crafttweaker:sequenced_assembly/57x28' that outputs: '<item:tac:57x28> * 4'
[03:33:33.265][INFO]: Adding 'minecraft:crafting' recipe, of type: "shapeless", with name: 'crafttweaker:58x42' that outputs: '<item:tac:58x42> * 2'
[03:33:33.265][INFO]: Adding 'create:sequenced_assembly' recipe, with name: 'crafttweaker:sequenced_assembly/58x42' that outputs: '<item:tac:58x42> * 3'
[03:33:33.266][INFO]: Adding 'minecraft:crafting' recipe, of type: "shapeless", with name: 'crafttweaker:762x25' that outputs: '<item:tac:762x25> * 2'
[03:33:33.266][INFO]: Adding 'create:sequenced_assembly' recipe, with name: 'crafttweaker:sequenced_assembly/762x25' that outputs: '<item:tac:762x25> * 3'
[03:33:33.267][INFO]: Adding 'minecraft:crafting' recipe, of type: "shapeless", with name: 'crafttweaker:762x39' that outputs: '<item:tac:762x39> * 2'
[03:33:33.267][INFO]: Adding 'create:sequenced_assembly' recipe, with name: 'crafttweaker:sequenced_assembly/762x39' that outputs: '<item:tac:762x39> * 3'
[03:33:33.267][INFO]: Adding 'minecraft:crafting' recipe, of type: "shapeless", with name: 'crafttweaker:762x54' that outputs: '<item:tac:762x54> * 2'
[03:33:33.268][INFO]: Adding 'create:sequenced_assembly' recipe, with name: 'crafttweaker:sequenced_assembly/762x54' that outputs: '<item:tac:762x54> * 3'
[03:33:33.268][INFO]: Adding 'minecraft:crafting' recipe, of type: "shapeless", with name: 'crafttweaker:ae50' that outputs: '<item:tac:ae50> * 2'
[03:33:33.269][INFO]: Adding 'create:sequenced_assembly' recipe, with name: 'crafttweaker:sequenced_assembly/ae50' that outputs: '<item:tac:ae50> * 4'
[03:33:33.269][INFO]: Adding 'minecraft:crafting' recipe, of type: "shapeless", with name: 'crafttweaker:b_magnum' that outputs: '<item:tac:b_magnum> * 2'
[03:33:33.270][INFO]: Adding 'create:sequenced_assembly' recipe, with name: 'crafttweaker:sequenced_assembly/b_magnum' that outputs: '<item:tac:b_magnum> * 4'
[03:33:33.270][INFO]: Adding 'minecraft:crafting' recipe, of type: "shapeless", with name: 'crafttweaker:bullet68' that outputs: '<item:tac:bullet68>'
[03:33:33.270][INFO]: Adding 'create:sequenced_assembly' recipe, with name: 'crafttweaker:sequenced_assembly/bullet68' that outputs: '<item:tac:bullet68> * 2'
[03:33:33.271][INFO]: Adding 'minecraft:crafting' recipe, of type: "shapeless", with name: 'crafttweaker:bullet_308' that outputs: '<item:tac:bullet_308>'
[03:33:33.271][INFO]: Adding 'create:sequenced_assembly' recipe, with name: 'crafttweaker:sequenced_assembly/bullet_308' that outputs: '<item:tac:bullet_308> * 2'
[03:33:33.272][INFO]: Adding 'minecraft:crafting' recipe, of type: "shapeless", with name: 'crafttweaker:lapua338' that outputs: '<item:tac:lapua338>'
[03:33:33.272][INFO]: Adding 'create:sequenced_assembly' recipe, with name: 'crafttweaker:sequenced_assembly/lapua338' that outputs: '<item:tac:lapua338> * 2'
[03:33:33.272][INFO]: Adding 'minecraft:crafting' recipe, of type: "shapeless", with name: 'crafttweaker:nato_556_bullet' that outputs: '<item:tac:nato_556_bullet> * 2'
[03:33:33.273][INFO]: Adding 'create:sequenced_assembly' recipe, with name: 'crafttweaker:sequenced_assembly/nato_556_bullet' that outputs: '<item:tac:nato_556_bullet> * 3'
[03:33:33.273][INFO]: Adding 'minecraft:crafting' recipe, of type: "shapeless", with name: 'crafttweaker:round45' that outputs: '<item:tac:round45> * 2'
[03:33:33.274][INFO]: Adding 'create:sequenced_assembly' recipe, with name: 'crafttweaker:sequenced_assembly/round45' that outputs: '<item:tac:round45> * 4'
[03:33:33.274][INFO]: Adding 'minecraft:crafting' recipe, of type: "shapeless", with name: 'crafttweaker:win_30-30' that outputs: '<item:tac:win_30-30>'
[03:33:33.275][INFO]: Adding 'create:sequenced_assembly' recipe, with name: 'crafttweaker:sequenced_assembly/win_30-30' that outputs: '<item:tac:win_30-30> * 2'
[03:33:33.275][INFO]: Adding 'create:sequenced_assembly' recipe, with name: 'crafttweaker:sequenced_assembly/rpg_missile' that outputs: '<item:tac:rpg7_missile>'
[03:33:33.275][INFO]: Adding 'create:sequenced_assembly' recipe, with name: 'crafttweaker:sequenced_assembly/advanced_bullet' that outputs: '<item:cgm:advanced_bullet>'
[03:33:33.276][INFO]: Adding 'create:sequenced_assembly' recipe, with name: 'crafttweaker:sequenced_assembly/missile' that outputs: '<item:cgm:missile>'
[03:33:33.276][INFO]: Adding 'minecraft:crafting' recipe, of type: "shapeless", with name: 'crafttweaker:stun_grenade' that outputs: '<item:cgm:stun_grenade>'
[03:33:33.277][INFO]: Adding 'create:sequenced_assembly' recipe, with name: 'crafttweaker:sequenced_assembly/stun_grenade' that outputs: '<item:cgm:stun_grenade> * 2'
[03:33:33.277][INFO]: Removing 'minecraft:crafting' recipe(s) with name(s): '[immersiveposts:has_gold_rod]'
[03:33:33.277][INFO]: Removing 'minecraft:crafting' recipe(s) with name(s): '[immersiveposts:has_copper_rod]'
[03:33:33.277][INFO]: Removing 'minecraft:crafting' recipe(s) with name(s): '[immersiveposts:has_lead_rod]'
[03:33:33.277][INFO]: Removing 'minecraft:crafting' recipe(s) with name(s): '[immersiveposts:has_silver_rod]'
[03:33:33.277][INFO]: Removing 'minecraft:crafting' recipe(s) with name(s): '[immersiveposts:has_nickel_rod]'
[03:33:33.277][INFO]: Removing 'minecraft:crafting' recipe(s) with name(s): '[immersiveposts:has_constantan_rod]'
[03:33:33.277][INFO]: Removing 'minecraft:crafting' recipe(s) with name(s): '[immersiveposts:has_electrum_rod]'
[03:33:33.277][INFO]: Removing 'minecraft:crafting' recipe(s) with name(s): '[immersiveposts:has_uranium_rod]'
[03:33:33.278][INFO]: Removing 'crafting' recipes with output: 'com.blamejared.crafttweaker.api.item.MCItemStack@4795f850'
[03:33:33.284][INFO]: Adding 'minecraft:crafting' recipe, of type: "shaped", with name: 'crafttweaker:energy_pipe' that outputs: '<item:pipez:energy_pipe> * 32'
[03:33:33.284][INFO]: Removing 'crafting' recipes with output: 'com.blamejared.crafttweaker.api.item.MCItemStack@53a6a3f3'
[03:33:33.288][INFO]: Adding 'minecraft:crafting' recipe, of type: "shaped", with name: 'crafttweaker:fluid_pipe' that outputs: '<item:pipez:fluid_pipe> * 32'
[03:33:33.288][INFO]: Removing 'crafting' recipes with output: 'com.blamejared.crafttweaker.api.item.MCItemStack@6638a588'
[03:33:33.291][INFO]: Adding 'minecraft:crafting' recipe, of type: "shaped", with name: 'crafttweaker:item_pipe' that outputs: '<item:pipez:item_pipe> * 32'
[03:33:33.292][INFO]: Adding 'minecraft:crafting' recipe, of type: "shaped", with name: 'crafttweaker:energy_pipe_plastic' that outputs: '<item:pipez:energy_pipe> * 16'
[03:33:33.292][INFO]: Adding 'minecraft:crafting' recipe, of type: "shaped", with name: 'crafttweaker:fluid_pipe_plastic' that outputs: '<item:pipez:fluid_pipe> * 16'
[03:33:33.293][INFO]: Adding 'minecraft:crafting' recipe, of type: "shaped", with name: 'crafttweaker:item_pipe_plastic' that outputs: '<item:pipez:item_pipe> * 16'
[03:33:33.293][INFO]: Removing 'crafting' recipes with output: 'com.blamejared.crafttweaker.api.item.MCItemStack@a170e747'
[03:33:33.296][INFO]: Adding 'minecraft:crafting' recipe, of type: "shaped", with name: 'crafttweaker:universal_pipe' that outputs: '<item:pipez:universal_pipe> * 12'
[03:33:33.296][INFO]: Removing 'crafting' recipes with output: 'com.blamejared.crafttweaker.api.item.MCItemStack@35fbdd4b'
[03:33:33.299][INFO]: Adding 'minecraft:crafting' recipe, of type: "shaped", with name: 'crafttweaker:pipe_basic_upgrade' that outputs: '<item:pipez:basic_upgrade>'
[03:33:33.299][INFO]: Removing 'crafting' recipes with output: 'com.blamejared.crafttweaker.api.item.MCItemStack@9a48b5a3'
[03:33:33.302][INFO]: Adding 'minecraft:crafting' recipe, of type: "shaped", with name: 'crafttweaker:pipe_improved_upgrade' that outputs: '<item:pipez:improved_upgrade>'
[03:33:33.302][INFO]: Removing 'crafting' recipes with output: 'com.blamejared.crafttweaker.api.item.MCItemStack@b00d5c0'
[03:33:33.304][INFO]: Adding 'minecraft:crafting' recipe, of type: "shaped", with name: 'crafttweaker:pipe_advanced_upgrade' that outputs: '<item:pipez:advanced_upgrade>'
[03:33:33.304][INFO]: Removing 'crafting' recipes with output: 'com.blamejared.crafttweaker.api.item.MCItemStack@8eb62eeb'
[03:33:33.306][INFO]: Adding 'minecraft:crafting' recipe, of type: "shaped", with name: 'crafttweaker:pipe_ultimate_upgrade' that outputs: '<item:pipez:ultimate_upgrade>'
[03:33:33.308][INFO]: Adding 'minecraft:crafting' recipe, of type: "shaped", with name: 'crafttweaker:cable' that outputs: '<item:refinedstorage:cable> * 16'
[03:33:33.308][INFO]: Adding 'minecraft:crafting' recipe, of type: "shaped", with name: 'crafttweaker:machine_casing' that outputs: '<item:refinedstorage:machine_casing>'
[03:33:33.308][INFO]: Adding 'minecraft:crafting' recipe, of type: "shaped", with name: 'crafttweaker:storage_housing' that outputs: '<item:refinedstorage:storage_housing>'
[03:33:33.309][INFO]: Adding 'create:mixing' recipe, with name: 'crafttweaker:redstone_acid' that outputs: '<item:minecraft:air>'
[03:33:33.316][INFO]: - Replacing "minecraft:crafting" recipe with name "refinedstorage:pattern", renaming it to "crafttweaker:autogenerated/refinedstorage.pattern"
[03:33:33.317][INFO]: - Replacing "minecraft:crafting" recipe with name "refinedstorage:detector", renaming it to "crafttweaker:autogenerated/refinedstorage.detector"
[03:33:33.317][INFO]: - Replacing "minecraft:crafting" recipe with name "refinedstorage:256k_fluid_storage_disk", renaming it to "crafttweaker:autogenerated/refinedstorage.256k_fluid_storage_disk"
[03:33:33.318][INFO]: - Replacing "minecraft:crafting" recipe with name "refinedstorage:destructor", renaming it to "crafttweaker:autogenerated/refinedstorage.destructor"
[03:33:33.318][INFO]: - Replacing "minecraft:crafting" recipe with name "refinedstorage:crafting_upgrade", renaming it to "crafttweaker:autogenerated/refinedstorage.crafting_upgrade"
[03:33:33.319][INFO]: - Replacing "minecraft:crafting" recipe with name "refinedstorage:wireless_fluid_grid", renaming it to "crafttweaker:autogenerated/refinedstorage.wireless_fluid_grid"
[03:33:33.319][INFO]: - Replacing "minecraft:crafting" recipe with name "refinedstorage:64k_storage_block", renaming it to "crafttweaker:autogenerated/refinedstorage.64k_storage_block"
[03:33:33.320][INFO]: - Replacing "minecraft:crafting" recipe with name "refinedstorage:storage_monitor", renaming it to "crafttweaker:autogenerated/refinedstorage.storage_monitor"
[03:33:33.320][INFO]: - Replacing "minecraft:crafting" recipe with name "refinedstorage:4k_storage_part", renaming it to "crafttweaker:autogenerated/refinedstorage.4k_storage_part"
[03:33:33.322][INFO]: - Replacing "minecraft:crafting" recipe with name "refinedstorage:1k_storage_disk", renaming it to "crafttweaker:autogenerated/refinedstorage.1k_storage_disk"
[03:33:33.322][INFO]: - Replacing "minecraft:crafting" recipe with name "refinedstorage:4096k_fluid_storage_disk", renaming it to "crafttweaker:autogenerated/refinedstorage.4096k_fluid_storage_disk"
[03:33:33.322][INFO]: - Replacing "minecraft:crafting" recipe with name "refinedstorage:cable", renaming it to "crafttweaker:autogenerated/refinedstorage.cable"
[03:33:33.323][INFO]: - Replacing "minecraft:crafting" recipe with name "refinedstorage:grid", renaming it to "crafttweaker:autogenerated/refinedstorage.grid"
[03:33:33.323][INFO]: - Replacing "minecraft:crafting" recipe with name "refinedstorage:range_upgrade", renaming it to "crafttweaker:autogenerated/refinedstorage.range_upgrade"
[03:33:33.324][INFO]: - Replacing "minecraft:crafting" recipe with name "refinedstorage:16k_storage_block", renaming it to "crafttweaker:autogenerated/refinedstorage.16k_storage_block"
[03:33:33.324][INFO]: - Replacing "minecraft:crafting" recipe with name "refinedstorage:wrench", renaming it to "crafttweaker:autogenerated/refinedstorage.wrench"
[03:33:33.324][INFO]: - Replacing "minecraft:crafting" recipe with name "refinedstorage:64k_storage_part", renaming it to "crafttweaker:autogenerated/refinedstorage.64k_storage_part"
[03:33:33.325][INFO]: - Replacing "minecraft:crafting" recipe with name "refinedstorage:interface", renaming it to "crafttweaker:autogenerated/refinedstorage.interface"
[03:33:33.325][INFO]: - Replacing "minecraft:crafting" recipe with name "refinedstorage:upgrade", renaming it to "crafttweaker:autogenerated/refinedstorage.upgrade"
[03:33:33.328][INFO]: - Replacing "minecraft:crafting" recipe with name "refinedstorage:fortune_3_upgrade", renaming it to "crafttweaker:autogenerated/refinedstorage.fortune_3_upgrade"
[03:33:33.328][INFO]: - Replacing "minecraft:crafting" recipe with name "refinedstorage:1024k_fluid_storage_block", renaming it to "crafttweaker:autogenerated/refinedstorage.1024k_fluid_storage_block"
[03:33:33.329][INFO]: - Replacing "minecraft:crafting" recipe with name "refinedstorage:silk_touch_upgrade", renaming it to "crafttweaker:autogenerated/refinedstorage.silk_touch_upgrade"
[03:33:33.329][INFO]: - Replacing "minecraft:crafting" recipe with name "refinedstorage:64k_fluid_storage_part", renaming it to "crafttweaker:autogenerated/refinedstorage.64k_fluid_storage_part"
[03:33:33.330][INFO]: - Replacing "minecraft:crafting" recipe with name "refinedstorage:1k_storage_part", renaming it to "crafttweaker:autogenerated/refinedstorage.1k_storage_part"
[03:33:33.330][INFO]: - Replacing "minecraft:crafting" recipe with name "refinedstorage:fortune_2_upgrade", renaming it to "crafttweaker:autogenerated/refinedstorage.fortune_2_upgrade"
[03:33:33.331][INFO]: - Replacing "minecraft:crafting" recipe with name "refinedstorage:filter", renaming it to "crafttweaker:autogenerated/refinedstorage.filter"
[03:33:33.331][INFO]: - Replacing "minecraft:crafting" recipe with name "refinedstorage:network_card", renaming it to "crafttweaker:autogenerated/refinedstorage.network_card"
[03:33:33.331][INFO]: - Replacing "minecraft:crafting" recipe with name "refinedstorage:16k_storage_part", renaming it to "crafttweaker:autogenerated/refinedstorage.16k_storage_part"
[03:33:33.332][INFO]: - Replacing "minecraft:crafting" recipe with name "refinedstorage:64k_fluid_storage_block", renaming it to "crafttweaker:autogenerated/refinedstorage.64k_fluid_storage_block"
[03:33:33.332][INFO]: - Replacing "minecraft:crafting" recipe with name "refinedstorage:external_storage", renaming it to "crafttweaker:autogenerated/refinedstorage.external_storage"
[03:33:33.333][INFO]: - Replacing "minecraft:crafting" recipe with name "refinedstorage:fortune_1_upgrade", renaming it to "crafttweaker:autogenerated/refinedstorage.fortune_1_upgrade"
[03:33:33.333][INFO]: - Replacing "minecraft:crafting" recipe with name "refinedstorage:256k_fluid_storage_block", renaming it to "crafttweaker:autogenerated/refinedstorage.256k_fluid_storage_block"
[03:33:33.334][INFO]: - Replacing "minecraft:crafting" recipe with name "refinedstorage:portable_grid", renaming it to "crafttweaker:autogenerated/refinedstorage.portable_grid"
[03:33:33.334][INFO]: - Replacing "minecraft:crafting" recipe with name "refinedstorage:4096k_fluid_storage_block", renaming it to "crafttweaker:autogenerated/refinedstorage.4096k_fluid_storage_block"
[03:33:33.334][INFO]: - Replacing "minecraft:crafting" recipe with name "refinedstorage:4k_storage_disk", renaming it to "crafttweaker:autogenerated/refinedstorage.4k_storage_disk"
[03:33:33.335][INFO]: - Replacing "minecraft:crafting" recipe with name "refinedstorage:disk_manipulator", renaming it to "crafttweaker:autogenerated/refinedstorage.disk_manipulator"
[03:33:33.336][INFO]: - Replacing "minecraft:crafting" recipe with name "refinedstorage:constructor", renaming it to "crafttweaker:autogenerated/refinedstorage.constructor"
[03:33:33.336][INFO]: - Replacing "minecraft:crafting" recipe with name "refinedstorage:4096k_fluid_storage_part", renaming it to "crafttweaker:autogenerated/refinedstorage.4096k_fluid_storage_part"
[03:33:33.336][INFO]: - Replacing "minecraft:crafting" recipe with name "refinedstorage:1024k_fluid_storage_part", renaming it to "crafttweaker:autogenerated/refinedstorage.1024k_fluid_storage_part"
[03:33:33.337][INFO]: - Replacing "minecraft:crafting" recipe with name "refinedstorage:disk_drive", renaming it to "crafttweaker:autogenerated/refinedstorage.disk_drive"
[03:33:33.337][INFO]: - Replacing "minecraft:crafting" recipe with name "refinedstorage:controller", renaming it to "crafttweaker:autogenerated/refinedstorage.controller"
[03:33:33.338][INFO]: - Replacing "minecraft:crafting" recipe with name "refinedstorage:4k_storage_block", renaming it to "crafttweaker:autogenerated/refinedstorage.4k_storage_block"
[03:33:33.339][INFO]: - Replacing "minecraft:crafting" recipe with name "refinedstorage:machine_casing", renaming it to "crafttweaker:autogenerated/refinedstorage.machine_casing"
[03:33:33.339][INFO]: - Replacing "minecraft:crafting" recipe with name "refinedstorage:256k_fluid_storage_part", renaming it to "crafttweaker:autogenerated/refinedstorage.256k_fluid_storage_part"
[03:33:33.339][INFO]: - Replacing "minecraft:crafting" recipe with name "refinedstorage:speed_upgrade", renaming it to "crafttweaker:autogenerated/refinedstorage.speed_upgrade"
[03:33:33.340][INFO]: - Replacing "minecraft:crafting" recipe with name "refinedstorage:security_manager", renaming it to "crafttweaker:autogenerated/refinedstorage.security_manager"
[03:33:33.340][INFO]: - Replacing "minecraft:crafting" recipe with name "refinedstorage:block_of_quartz_enriched_iron", renaming it to "crafttweaker:autogenerated/refinedstorage.block_of_quartz_enriched_iron"
[03:33:33.341][INFO]: - Replacing "minecraft:crafting" recipe with name "refinedstorage:1024k_fluid_storage_disk", renaming it to "crafttweaker:autogenerated/refinedstorage.1024k_fluid_storage_disk"
[03:33:33.342][INFO]: - Replacing "minecraft:crafting" recipe with name "refinedstorage:storage_housing", renaming it to "crafttweaker:autogenerated/refinedstorage.storage_housing"
[03:33:33.342][INFO]: - Replacing "minecraft:crafting" recipe with name "refinedstorage:crafter", renaming it to "crafttweaker:autogenerated/refinedstorage.crafter"
[03:33:33.343][INFO]: - Replacing "minecraft:crafting" recipe with name "refinedstorage:64k_fluid_storage_disk", renaming it to "crafttweaker:autogenerated/refinedstorage.64k_fluid_storage_disk"
[03:33:33.343][INFO]: - Replacing "minecraft:crafting" recipe with name "refinedstorage:wireless_crafting_monitor", renaming it to "crafttweaker:autogenerated/refinedstorage.wireless_crafting_monitor"
[03:33:33.344][INFO]: - Replacing "minecraft:crafting" recipe with name "refinedstorage:security_card", renaming it to "crafttweaker:autogenerated/refinedstorage.security_card"
[03:33:33.344][INFO]: - Replacing "minecraft:crafting" recipe with name "refinedstorage:1k_storage_block", renaming it to "crafttweaker:autogenerated/refinedstorage.1k_storage_block"
[03:33:33.344][INFO]: - Replacing "minecraft:crafting" recipe with name "refinedstorage:regulator_upgrade", renaming it to "crafttweaker:autogenerated/refinedstorage.regulator_upgrade"
[03:33:33.345][INFO]: - Replacing "minecraft:crafting" recipe with name "refinedstorage:16k_storage_disk", renaming it to "crafttweaker:autogenerated/refinedstorage.16k_storage_disk"
[03:33:33.345][INFO]: - Replacing "minecraft:crafting" recipe with name "refinedstorage:wireless_grid", renaming it to "crafttweaker:autogenerated/refinedstorage.wireless_grid"
[03:33:33.346][INFO]: - Replacing "minecraft:crafting" recipe with name "refinedstorage:crafting_monitor", renaming it to "crafttweaker:autogenerated/refinedstorage.crafting_monitor"
[03:33:33.346][INFO]: - Replacing "minecraft:crafting" recipe with name "refinedstorage:64k_storage_disk", renaming it to "crafttweaker:autogenerated/refinedstorage.64k_storage_disk"
[03:33:33.347][INFO]: - Replacing "minecraft:crafting" recipe with name "refinedstorage:wireless_transmitter", renaming it to "crafttweaker:autogenerated/refinedstorage.wireless_transmitter"
[03:33:33.348][INFO]: - Replacing "minecraft:crafting" recipe with name "refinedstorage:crafter_manager", renaming it to "crafttweaker:autogenerated/refinedstorage.crafter_manager"
[03:33:33.350][INFO]: Batch replacement completed
[03:33:33.351][INFO]: Adding 'create:sequenced_assembly' recipe, with name: 'crafttweaker:sequenced_assembly/basic_processor' that outputs: '<item:refinedstorage:basic_processor>'
[03:33:33.352][INFO]: Adding 'create:sequenced_assembly' recipe, with name: 'crafttweaker:sequenced_assembly/improved_processor' that outputs: '<item:refinedstorage:improved_processor>'
[03:33:33.353][INFO]: Adding 'create:sequenced_assembly' recipe, with name: 'crafttweaker:sequenced_assembly/advanced_processor' that outputs: '<item:refinedstorage:advanced_processor>'
[03:33:33.354][INFO]: Adding 'create:sequenced_assembly' recipe, with name: 'crafttweaker:sequenced_assembly/1k_storage_part' that outputs: '<item:refinedstorage:1k_storage_part>'
[03:33:33.355][INFO]: Adding 'create:sequenced_assembly' recipe, with name: 'crafttweaker:sequenced_assembly/4k_storage_part' that outputs: '<item:refinedstorage:4k_storage_part>'
[03:33:33.355][INFO]: Adding 'create:sequenced_assembly' recipe, with name: 'crafttweaker:sequenced_assembly/16k_storage_part' that outputs: '<item:refinedstorage:16k_storage_part>'
[03:33:33.356][INFO]: Adding 'create:sequenced_assembly' recipe, with name: 'crafttweaker:sequenced_assembly/64k_storage_part' that outputs: '<item:refinedstorage:64k_storage_part>'
[03:33:33.357][INFO]: Adding 'create:sequenced_assembly' recipe, with name: 'crafttweaker:sequenced_assembly/64k_fluid_storage_part' that outputs: '<item:refinedstorage:64k_fluid_storage_part>'
[03:33:33.357][INFO]: Adding 'create:sequenced_assembly' recipe, with name: 'crafttweaker:sequenced_assembly/256k_fluid_storage_part' that outputs: '<item:refinedstorage:256k_fluid_storage_part>'
[03:33:33.358][INFO]: Adding 'create:sequenced_assembly' recipe, with name: 'crafttweaker:sequenced_assembly/1024k_fluid_storage_part' that outputs: '<item:refinedstorage:1024k_fluid_storage_part>'
[03:33:33.358][INFO]: Adding 'create:sequenced_assembly' recipe, with name: 'crafttweaker:sequenced_assembly/4096k_fluid_storage_part' that outputs: '<item:refinedstorage:4096k_fluid_storage_part>'
[03:33:33.358][INFO]: Removing 'minecraft:crafting' recipe(s) with name(s): '[crafttweaker:autogenerated/refinedstorage.cable]'
[03:33:33.359][INFO]: Removing 'minecraft:crafting' recipe(s) with name(s): '[crafttweaker:autogenerated/refinedstorage.machine_casing]'
[03:33:33.359][INFO]: Removing 'minecraft:smelting' recipe(s) with name(s): '[refinedstorage:silicon]'
[03:33:33.359][INFO]: Removing 'minecraft:crafting' recipe(s) with name(s): '[refinedstorage:raw_basic_processor]'
[03:33:33.359][INFO]: Removing 'minecraft:crafting' recipe(s) with name(s): '[refinedstorage:raw_improved_processor]'
[03:33:33.359][INFO]: Removing 'minecraft:crafting' recipe(s) with name(s): '[refinedstorage:raw_advanced_processor]'
[03:33:33.359][INFO]: Removing 'minecraft:smelting' recipe(s) with name(s): '[refinedstorage:basic_processor]'
[03:33:33.359][INFO]: Removing 'minecraft:smelting' recipe(s) with name(s): '[refinedstorage:improved_processor]'
[03:33:33.359][INFO]: Removing 'minecraft:smelting' recipe(s) with name(s): '[refinedstorage:advanced_processor]'
[03:33:33.359][INFO]: Removing 'minecraft:crafting' recipe(s) with name(s): '[crafttweaker:autogenerated/refinedstorage.1k_storage_part]'
[03:33:33.359][INFO]: Removing 'minecraft:crafting' recipe(s) with name(s): '[crafttweaker:autogenerated/refinedstorage.4k_storage_part]'
[03:33:33.359][INFO]: Removing 'minecraft:crafting' recipe(s) with name(s): '[crafttweaker:autogenerated/refinedstorage.16k_storage_part]'
[03:33:33.359][INFO]: Removing 'minecraft:crafting' recipe(s) with name(s): '[crafttweaker:autogenerated/refinedstorage.64k_storage_part]'
[03:33:33.359][INFO]: Removing 'minecraft:crafting' recipe(s) with name(s): '[crafttweaker:autogenerated/refinedstorage.64k_fluid_storage_part]'
[03:33:33.359][INFO]: Removing 'minecraft:crafting' recipe(s) with name(s): '[crafttweaker:autogenerated/refinedstorage.256k_fluid_storage_part]'
[03:33:33.359][INFO]: Removing 'minecraft:crafting' recipe(s) with name(s): '[crafttweaker:autogenerated/refinedstorage.1024k_fluid_storage_part]'
[03:33:33.359][INFO]: Removing 'minecraft:crafting' recipe(s) with name(s): '[crafttweaker:autogenerated/refinedstorage.4096k_fluid_storage_part]'
[03:33:33.359][INFO]: Removing 'minecraft:crafting' recipe(s) with name(s): '[crafttweaker:autogenerated/refinedstorage.1k_storage_disk]'
[03:33:33.359][INFO]: Removing 'minecraft:crafting' recipe(s) with name(s): '[crafttweaker:autogenerated/refinedstorage.4k_storage_disk]'
[03:33:33.359][INFO]: Removing 'minecraft:crafting' recipe(s) with name(s): '[crafttweaker:autogenerated/refinedstorage.16k_storage_disk]'
[03:33:33.359][INFO]: Removing 'minecraft:crafting' recipe(s) with name(s): '[crafttweaker:autogenerated/refinedstorage.64k_storage_disk]'
[03:33:33.359][INFO]: Removing 'minecraft:crafting' recipe(s) with name(s): '[crafttweaker:autogenerated/refinedstorage.64k_fluid_storage_disk]'
[03:33:33.359][INFO]: Removing 'minecraft:crafting' recipe(s) with name(s): '[crafttweaker:autogenerated/refinedstorage.256k_fluid_storage_disk]'
[03:33:33.359][INFO]: Removing 'minecraft:crafting' recipe(s) with name(s): '[crafttweaker:autogenerated/refinedstorage.1024k_fluid_storage_disk]'
[03:33:33.359][INFO]: Removing 'minecraft:crafting' recipe(s) with name(s): '[crafttweaker:autogenerated/refinedstorage.4096k_fluid_storage_disk]'
[03:33:33.360][INFO]: Removing 'minecraft:crafting' recipe(s) with name(s): '[crafttweaker:autogenerated/refinedstorage.storage_housing]'
[03:33:33.360][INFO]: Removing 'minecraft:crafting' recipe(s) with name(s): '[refinedstorage:processor_binding]'
[03:33:33.360][INFO]: Removing 'minecraft:crafting' recipe(s) with name(s): '[refinedstorage:quartz_enriched_iron]'
[03:33:33.360][INFO]: Removing 'minecraft:crafting' recipe(s) with name(s): '[crafttweaker:autogenerated/refinedstorage.block_of_quartz_enriched_iron]'
[03:33:33.360][INFO]: Removing 'crafting' recipes with output: 'com.blamejared.crafttweaker.api.item.MCItemStack@dee8819'
[03:33:33.363][INFO]: Adding 'minecraft:crafting' recipe, of type: "shaped", with name: 'crafttweaker:briefcase' that outputs: '<item:securitycraft:briefcase>'
[03:33:33.364][INFO]: Removing 'crafting' recipes with output: 'com.blamejared.crafttweaker.api.item.MCItemStack@581d90d2'
[03:33:33.366][INFO]: Adding 'minecraft:crafting' recipe, of type: "shaped", with name: 'crafttweaker:camera_monitor' that outputs: '<item:securitycraft:camera_monitor>'
[03:33:33.366][INFO]: Removing 'crafting' recipes with output: 'com.blamejared.crafttweaker.api.item.MCItemStack@ac01ee21'
[03:33:33.370][INFO]: Adding 'minecraft:crafting' recipe, of type: "shaped", with name: 'crafttweaker:codebreaker' that outputs: '<item:securitycraft:codebreaker>'
[03:33:33.370][INFO]: Removing 'crafting' recipes with output: 'com.blamejared.crafttweaker.api.item.MCItemStack@5823435e'
[03:33:33.373][INFO]: Adding 'minecraft:crafting' recipe, of type: "shaped", with name: 'crafttweaker:display_case' that outputs: '<item:securitycraft:display_case>'
[03:33:33.373][INFO]: Removing 'crafting' recipes with output: 'com.blamejared.crafttweaker.api.item.MCItemStack@de24ee72'
[03:33:33.375][INFO]: Adding 'minecraft:crafting' recipe, of type: "shaped", with name: 'crafttweaker:glow_display_case' that outputs: '<item:securitycraft:glow_display_case>'
[03:33:33.375][INFO]: Removing 'crafting' recipes with output: 'com.blamejared.crafttweaker.api.item.MCItemStack@1a579773'
[03:33:33.377][INFO]: Adding 'minecraft:crafting' recipe, of type: "shaped", with name: 'crafttweaker:keycard_holder' that outputs: '<item:securitycraft:keycard_holder>'
[03:33:33.377][INFO]: Removing 'minecraft:crafting' recipe(s) with name(s): '[securitycraft:keycard_lv1]'
[03:33:33.377][INFO]: Adding 'minecraft:crafting' recipe, of type: "shaped", with name: 'crafttweaker:keycard_lv1' that outputs: '<item:securitycraft:keycard_lv1>'
[03:33:33.377][INFO]: Removing 'minecraft:crafting' recipe(s) with name(s): '[securitycraft:keycard_lv2]'
[03:33:33.378][INFO]: Adding 'minecraft:crafting' recipe, of type: "shaped", with name: 'crafttweaker:keycard_lv2' that outputs: '<item:securitycraft:keycard_lv2>'
[03:33:33.378][INFO]: Removing 'minecraft:crafting' recipe(s) with name(s): '[securitycraft:keycard_lv3]'
[03:33:33.378][INFO]: Adding 'minecraft:crafting' recipe, of type: "shaped", with name: 'crafttweaker:keycard_lv3' that outputs: '<item:securitycraft:keycard_lv3>'
[03:33:33.378][INFO]: Removing 'minecraft:crafting' recipe(s) with name(s): '[securitycraft:keycard_lv4]'
[03:33:33.379][INFO]: Adding 'minecraft:crafting' recipe, of type: "shaped", with name: 'crafttweaker:keycard_lv4' that outputs: '<item:securitycraft:keycard_lv4>'
[03:33:33.379][INFO]: Removing 'minecraft:crafting' recipe(s) with name(s): '[securitycraft:keycard_lv5]'
[03:33:33.379][INFO]: Adding 'minecraft:crafting' recipe, of type: "shaped", with name: 'crafttweaker:keycard_lv5' that outputs: '<item:securitycraft:keycard_lv5>'
[03:33:33.379][INFO]: Removing 'minecraft:crafting' recipe(s) with name(s): '[securitycraft:limited_use_keycard]'
[03:33:33.380][INFO]: Adding 'minecraft:crafting' recipe, of type: "shaped", with name: 'crafttweaker:limited_use_keycard' that outputs: '<item:securitycraft:limited_use_keycard>'
[03:33:33.380][INFO]: Removing 'crafting' recipes with output: 'com.blamejared.crafttweaker.api.item.MCItemStack@d841bfb6'
[03:33:33.382][INFO]: Adding 'minecraft:crafting' recipe, of type: "shaped", with name: 'crafttweaker:keypad_item' that outputs: '<item:securitycraft:keypad_item>'
[03:33:33.382][INFO]: Removing 'crafting' recipes with output: 'com.blamejared.crafttweaker.api.item.MCItemStack@43fd9e5a'
[03:33:33.383][INFO]: Adding 'minecraft:crafting' recipe, of type: "shaped", with name: 'crafttweaker:portable_tune_player' that outputs: '<item:securitycraft:portable_tune_player>'
[03:33:33.383][INFO]: Removing 'crafting' recipes with output: 'com.blamejared.crafttweaker.api.item.MCItemStack@ea6db6e3'
[03:33:33.386][INFO]: Adding 'minecraft:crafting' recipe, of type: "shaped", with name: 'crafttweaker:remote_access_mine' that outputs: '<item:securitycraft:remote_access_mine>'
[03:33:33.386][INFO]: Removing 'crafting' recipes with output: 'com.blamejared.crafttweaker.api.item.MCItemStack@11b679b5'
[03:33:33.388][INFO]: Adding 'minecraft:crafting' recipe, of type: "shaped", with name: 'crafttweaker:rift_stabilizer' that outputs: '<item:securitycraft:rift_stabilizer>'
[03:33:33.388][INFO]: Removing 'crafting' recipes with output: 'com.blamejared.crafttweaker.api.item.MCItemStack@9f36e77e'
[03:33:33.390][INFO]: Adding 'minecraft:crafting' recipe, of type: "shaped", with name: 'crafttweaker:sonic_security_system' that outputs: '<item:securitycraft:sonic_security_system>'
[03:33:33.391][INFO]: Removing 'crafting' recipes with output: 'com.blamejared.crafttweaker.api.item.MCItemStack@b28b07d4'
[03:33:33.393][INFO]: Adding 'minecraft:crafting' recipe, of type: "shaped", with name: 'crafttweaker:portable_radar' that outputs: '<item:securitycraft:portable_radar>'
[03:33:33.393][INFO]: Removing 'crafting' recipes with output: 'com.blamejared.crafttweaker.api.item.MCItemStack@7e781736'
[03:33:33.394][INFO]: Adding 'minecraft:crafting' recipe, of type: "shaped", with name: 'crafttweaker:smart_module' that outputs: '<item:securitycraft:smart_module>'
[03:33:33.394][INFO]: Removing 'crafting' recipes with output: 'com.blamejared.crafttweaker.api.item.MCItemStack@799a82c7'
[03:33:33.395][INFO]: Adding 'minecraft:crafting' recipe, of type: "shaped", with name: 'crafttweaker:alarm' that outputs: '<item:securitycraft:alarm>'
[03:33:33.395][INFO]: Removing 'crafting' recipes with output: 'com.blamejared.crafttweaker.api.item.MCItemStack@ac46d2c'
[03:33:33.397][INFO]: Adding 'minecraft:crafting' recipe, of type: "shaped", with name: 'crafttweaker:username_logger' that outputs: '<item:securitycraft:username_logger>'
[03:33:33.397][INFO]: Removing 'crafting' recipes with output: 'com.blamejared.crafttweaker.api.item.MCItemStack@ac46d2c'
[03:33:33.398][INFO]: Adding 'minecraft:crafting' recipe, of type: "shaped", with name: 'crafttweaker:username_logger' that outputs: '<item:securitycraft:username_logger>'
[03:33:33.398][INFO]: Removing 'crafting' recipes with output: 'com.blamejared.crafttweaker.api.item.MCItemStack@805f6b38'
[03:33:33.399][INFO]: Adding 'minecraft:crafting' recipe, of type: "shaped", with name: 'crafttweaker:bouncing_betty' that outputs: '<item:securitycraft:bouncing_betty>'
[03:33:33.399][INFO]: Removing 'crafting' recipes with output: 'com.blamejared.crafttweaker.api.item.MCItemStack@a805f2f'
[03:33:33.401][INFO]: Adding 'minecraft:crafting' recipe, of type: "shaped", with name: 'crafttweaker:mine' that outputs: '<item:securitycraft:mine>'
[03:33:33.401][INFO]: Removing 'crafting' recipes with output: 'com.blamejared.crafttweaker.api.item.MCItemStack@d41ca373'
[03:33:33.402][INFO]: Adding 'minecraft:crafting' recipe, of type: "shaped", with name: 'crafttweaker:keycard_reader' that outputs: '<item:securitycraft:keycard_reader>'
[03:33:33.402][INFO]: Removing 'crafting' recipes with output: 'com.blamejared.crafttweaker.api.item.MCItemStack@676a9574'
[03:33:33.403][INFO]: Adding 'minecraft:crafting' recipe, of type: "shaped", with name: 'crafttweaker:inventory_scanner' that outputs: '<item:securitycraft:inventory_scanner>'
[03:33:33.403][INFO]: Removing 'crafting' recipes with output: 'com.blamejared.crafttweaker.api.item.MCItemStack@a08ac7d1'
[03:33:33.405][INFO]: Adding 'minecraft:crafting' recipe, of type: "shaped", with name: 'crafttweaker:laser_block' that outputs: '<item:securitycraft:laser_block>'
[03:33:33.405][INFO]: Removing 'crafting' recipes with output: 'com.blamejared.crafttweaker.api.item.MCItemStack@bb4f0be5'
[03:33:33.406][INFO]: Adding 'minecraft:crafting' recipe, of type: "shaped", with name: 'crafttweaker:projector' that outputs: '<item:securitycraft:projector>'
[03:33:33.406][INFO]: Removing 'crafting' recipes with output: 'com.blamejared.crafttweaker.api.item.MCItemStack@b2a9bfe9'
[03:33:33.407][INFO]: Adding 'minecraft:crafting' recipe, of type: "shaped", with name: 'crafttweaker:retinal_scanner' that outputs: '<item:securitycraft:retinal_scanner>'
[03:33:33.408][INFO]: Removing 'crafting' recipes with output: 'com.blamejared.crafttweaker.api.item.MCItemStack@64e777f1'
[03:33:33.409][INFO]: Adding 'minecraft:crafting' recipe, of type: "shaped", with name: 'crafttweaker:security_camera' that outputs: '<item:securitycraft:security_camera>'
[03:33:33.409][INFO]: Removing 'crafting' recipes with output: 'com.blamejared.crafttweaker.api.item.MCItemStack@18f3e31'
[03:33:33.410][INFO]: Adding 'minecraft:crafting' recipe, of type: "shaped", with name: 'crafttweaker:universal_block_reinforcer_lvl1' that outputs: '<item:securitycraft:universal_block_reinforcer_lvl1>'
[03:33:33.411][INFO]: Removing 'minecraft:crafting' recipe(s) with name(s): '[simpleplanes:parachute]'
[03:33:33.412][INFO]: Adding 'minecraft:crafting' recipe, of type: "shaped", with name: 'crafttweaker:plane_parachute' that outputs: '<item:simpleplanes:parachute>'
[03:33:33.412][INFO]: Removing 'minecraft:crafting' recipe(s) with name(s): '[simpleplanes:seats]'
[03:33:33.412][INFO]: Adding 'create:mechanical_crafting' recipe, with name: 'crafttweaker:plane_seats' that outputs: '<item:simpleplanes:seats>'
[03:33:33.412][INFO]: Removing 'minecraft:crafting' recipe(s) with name(s): '[simpleplanes:armor]'
[03:33:33.413][INFO]: Adding 'create:mechanical_crafting' recipe, with name: 'crafttweaker:plane_armor' that outputs: '<item:simpleplanes:armor>'
[03:33:33.413][INFO]: Removing 'minecraft:crafting' recipe(s) with name(s): '[simpleplanes:healing_enchanted]'
[03:33:33.413][INFO]: Removing 'minecraft:crafting' recipe(s) with name(s): '[simpleplanes:healing]'
[03:33:33.413][INFO]: Adding 'minecraft:crafting' recipe, of type: "shaped", with name: 'crafttweaker:plane_healing' that outputs: '<item:simpleplanes:healing>'
[03:33:33.413][INFO]: Removing 'minecraft:crafting' recipe(s) with name(s): '[simpleplanes:electric_engine]'
[03:33:33.414][INFO]: Adding 'create:mechanical_crafting' recipe, with name: 'crafttweaker:plane_electric_engine' that outputs: '<item:simpleplanes:electric_engine>'
[03:33:33.414][INFO]: Removing 'minecraft:crafting' recipe(s) with name(s): '[simpleplanes:furnace_engine]'
[03:33:33.414][INFO]: Adding 'create:mechanical_crafting' recipe, with name: 'crafttweaker:plane_furnace_engine' that outputs: '<item:simpleplanes:furnace_engine>'
[03:33:33.414][INFO]: Removing 'minecraft:crafting' recipe(s) with name(s): '[simpleplanes:liquid_engine]'
[03:33:33.414][INFO]: Adding 'create:mechanical_crafting' recipe, with name: 'crafttweaker:plane_liquid_engine' that outputs: '<item:simpleplanes:liquid_engine>'
[03:33:33.414][INFO]: Removing 'minecraft:crafting' recipe(s) with name(s): '[simpleplanes:propeller]'
[03:33:33.415][INFO]: Adding 'create:mechanical_crafting' recipe, with name: 'crafttweaker:plane_propeller' that outputs: '<item:simpleplanes:propeller>'
[03:33:33.415][INFO]: Removing 'minecraft:crafting' recipe(s) with name(s): '[simpleplanes:booster]'
[03:33:33.415][INFO]: Adding 'create:mechanical_crafting' recipe, with name: 'crafttweaker:plane_booster' that outputs: '<item:simpleplanes:booster>'
[03:33:33.415][INFO]: Removing 'minecraft:crafting' recipe(s) with name(s): '[simpleplanes:solar_panel]'
[03:33:33.416][INFO]: Adding 'create:sequenced_assembly' recipe, with name: 'crafttweaker:sequenced_assembly/plane_solar_panel' that outputs: '<item:simpleplanes:solar_panel>'
[03:33:33.417][INFO]: Removing 'crafting' recipes with output: 'com.blamejared.crafttweaker.api.item.MCItemStack@c09d0d47'
[03:33:33.419][INFO]: Adding 'minecraft:crafting' recipe, of type: "shaped", with name: 'crafttweaker:upgrade_base' that outputs: '<item:sophisticatedbackpacks:upgrade_base>'
[03:33:33.420][INFO]: Removing 'crafting' recipes with output: 'com.blamejared.crafttweaker.api.item.MCItemStack@21ce5dda'
[03:33:33.421][INFO]: Adding 'minecraft:crafting' recipe, of type: "shaped", with name: 'crafttweaker:storage_drawer_controller' that outputs: '<item:storagedrawers:controller>'
[03:33:33.422][INFO]: Removing 'crafting' recipes with output: 'com.blamejared.crafttweaker.api.item.MCItemStack@c30f89b2'
[03:33:33.423][INFO]: Adding 'minecraft:crafting' recipe, of type: "shaped", with name: 'crafttweaker:storage_drawer_controller_slave' that outputs: '<item:storagedrawers:controller_slave>'
[03:33:33.424][INFO]: Removing 'crafting' recipes with output: 'com.blamejared.crafttweaker.api.item.MCItemStack@3178e64d'
[03:33:33.425][INFO]: Removing 'crafting' recipes with output: 'com.blamejared.crafttweaker.api.item.MCItemStack@55ecb927'
[03:33:33.426][INFO]: Removing 'crafting' recipes with output: 'com.blamejared.crafttweaker.api.item.MCItemStack@d322e34b'
[03:33:33.427][INFO]: Removing 'crafting' recipes with output: 'com.blamejared.crafttweaker.api.item.MCItemStack@4562dc8f'
[03:33:33.428][INFO]: Removing 'crafting' recipes with output: 'com.blamejared.crafttweaker.api.item.MCItemStack@4d395f90'
[03:33:33.428][INFO]: Removing 'crafting' recipes with output: 'com.blamejared.crafttweaker.api.item.MCItemStack@d9380b14'
[03:33:33.429][INFO]: Removing 'crafting' recipes with output: 'com.blamejared.crafttweaker.api.item.MCItemStack@34915326'
[03:33:33.430][INFO]: Removing 'crafting' recipes with output: 'com.blamejared.crafttweaker.api.item.MCItemStack@d6eb0007'
[03:33:33.432][INFO]: Removing 'crafting' recipes with output: 'com.blamejared.crafttweaker.api.item.MCItemStack@52262b7b'
[03:33:33.433][INFO]: Removing 'crafting' recipes with output: 'com.blamejared.crafttweaker.api.item.MCItemStack@cfefd494'
[03:33:33.433][INFO]: Removing 'crafting' recipes with output: 'com.blamejared.crafttweaker.api.item.MCItemStack@36607ab7'
[03:33:33.434][INFO]: Removing 'crafting' recipes with output: 'com.blamejared.crafttweaker.api.item.MCItemStack@d07da018'
[03:33:33.436][INFO]: Removing 'crafting' recipes with output: 'com.blamejared.crafttweaker.api.item.MCItemStack@b993be'
[03:33:33.437][INFO]: Removing 'crafting' recipes with output: 'com.blamejared.crafttweaker.api.item.MCItemStack@3778fa44'
[03:33:33.437][INFO]: Removing 'crafting' recipes with output: 'com.blamejared.crafttweaker.api.item.MCItemStack@779da8d3'
[03:33:33.438][INFO]: Removing 'crafting' recipes with output: 'com.blamejared.crafttweaker.api.item.MCItemStack@ff4c8904'
[03:33:33.439][INFO]: Removing 'crafting' recipes with output: 'com.blamejared.crafttweaker.api.item.MCItemStack@8c3fbe37'
[03:33:33.440][INFO]: Removing 'crafting' recipes with output: 'com.blamejared.crafttweaker.api.item.MCItemStack@cb8ad6eb'
[03:33:33.441][INFO]: Removing 'crafting' recipes with output: 'com.blamejared.crafttweaker.api.item.MCItemStack@14b34366'
[03:33:33.441][INFO]: Removing 'crafting' recipes with output: 'com.blamejared.crafttweaker.api.item.MCItemStack@dbac88be'
[03:33:33.442][INFO]: Removing 'crafting' recipes with output: 'com.blamejared.crafttweaker.api.item.MCItemStack@9baf41db'
[03:33:33.443][INFO]: Removing 'crafting' recipes with output: 'com.blamejared.crafttweaker.api.item.MCItemStack@e82e6650'
[03:33:33.444][INFO]: Removing 'crafting' recipes with output: 'com.blamejared.crafttweaker.api.item.MCItemStack@c2a2e3df'
[03:33:33.445][INFO]: Removing 'crafting' recipes with output: 'com.blamejared.crafttweaker.api.item.MCItemStack@8f859505'
[03:33:33.446][INFO]: Removing 'crafting' recipes with output: 'com.blamejared.crafttweaker.api.item.MCItemStack@86aa39ec'
[03:33:33.447][INFO]: Removing 'crafting' recipes with output: 'com.blamejared.crafttweaker.api.item.MCItemStack@9da648d9'
[03:33:33.449][INFO]: Removing 'crafting' recipes with output: 'com.blamejared.crafttweaker.api.item.MCItemStack@9ae4a1f8'
[03:33:33.450][INFO]: Removing 'crafting' recipes with output: 'com.blamejared.crafttweaker.api.item.MCItemStack@4f2e7b8'
[03:33:33.450][INFO]: Removing 'crafting' recipes with output: 'com.blamejared.crafttweaker.api.item.MCItemStack@14e8e16c'
[03:33:33.451][INFO]: Removing 'crafting' recipes with output: 'com.blamejared.crafttweaker.api.item.MCItemStack@1b8a552c'
[03:33:33.452][INFO]: Removing 'crafting' recipes with output: 'com.blamejared.crafttweaker.api.item.MCItemStack@ed95bacb'
[03:33:33.453][INFO]: Removing 'crafting' recipes with output: 'com.blamejared.crafttweaker.api.item.MCItemStack@37fb1848'
[03:33:33.454][INFO]: Removing 'crafting' recipes with output: 'com.blamejared.crafttweaker.api.item.MCItemStack@35ba850'
[03:33:33.454][INFO]: Removing 'crafting' recipes with output: 'com.blamejared.crafttweaker.api.item.MCItemStack@5c43837c'
[03:33:33.455][INFO]: Removing 'crafting' recipes with output: 'com.blamejared.crafttweaker.api.item.MCItemStack@c5013db9'
[03:33:33.456][INFO]: Removing 'crafting' recipes with output: 'com.blamejared.crafttweaker.api.item.MCItemStack@d06c703a'
[03:33:33.459][INFO]: Removing all recipes that output <item:apocalypsenow:plastic>
[03:33:33.462][INFO]: Removed 11 recipes registered in these 1 recipe managers: [<recipetype:minecraft:smelting>: 11]
[03:33:33.462][INFO]: Removing 'minecraft:crafting' recipe(s) with name(s): '[apocalypsenow:gunpowder]'
[03:33:33.462][INFO]: Removing all recipes that output <item:apocalypsenow:fixed_baseball_bat>
[03:33:33.464][INFO]: Removed 1 recipes registered in these 1 recipe managers: [<recipetype:minecraft:crafting>: 1]
[03:33:33.464][INFO]: Removing all recipes that output <item:apocalypsenow:head_cutter>
[03:33:33.467][INFO]: Removed 1 recipes registered in these 1 recipe managers: [<recipetype:minecraft:crafting>: 1]
[03:33:33.467][INFO]: Removing all recipes that output <item:apocalypsenow:rock>
[03:33:33.469][INFO]: Removed 3 recipes registered in these 1 recipe managers: [<recipetype:minecraft:crafting>: 3]
[03:33:33.469][INFO]: Removing all recipes that output <item:apocalypsenow:table_leg>
[03:33:33.472][INFO]: Removed 1 recipes registered in these 1 recipe managers: [<recipetype:minecraft:crafting>: 1]
[03:33:33.472][INFO]: Removing all recipes that output <item:apocalypsenow:tennis_racket>
[03:33:33.474][INFO]: Removed 1 recipes registered in these 1 recipe managers: [<recipetype:minecraft:crafting>: 1]
[03:33:33.474][INFO]: Removing all recipes that output <item:apocalypsenow:drill>
[03:33:33.476][INFO]: Removed 1 recipes registered in these 1 recipe managers: [<recipetype:minecraft:crafting>: 1]
[03:33:33.476][INFO]: Removing all recipes that output <item:apocalypsenow:fire_extinguisher>
[03:33:33.478][INFO]: Removed 1 recipes registered in these 1 recipe managers: [<recipetype:minecraft:crafting>: 1]
[03:33:33.478][INFO]: Removing all recipes that output <item:apocalypsenow:wooden_hammer>
[03:33:33.479][INFO]: Removed 1 recipes registered in these 1 recipe managers: [<recipetype:minecraft:crafting>: 1]
[03:33:33.479][INFO]: Removing all recipes that output <item:apocalypsenow:hammer_pickaxe>
[03:33:33.480][INFO]: Removed 1 recipes registered in these 1 recipe managers: [<recipetype:minecraft:crafting>: 1]
[03:33:33.480][INFO]: Removing all recipes that output <item:apocalypsenow:chainsaw_bat>
[03:33:33.482][INFO]: Removed 1 recipes registered in these 1 recipe managers: [<recipetype:minecraft:crafting>: 1]
[03:33:33.482][INFO]: Removing all recipes that output <item:apocalypsenow:chainsaw>
[03:33:33.483][INFO]: Removed 1 recipes registered in these 1 recipe managers: [<recipetype:minecraft:crafting>: 1]
[03:33:33.483][INFO]: Removing all recipes that output <item:apocalypsenow:sytche_machete>
[03:33:33.484][INFO]: Removed 1 recipes registered in these 1 recipe managers: [<recipetype:minecraft:crafting>: 1]
[03:33:33.484][INFO]: Removing all recipes that output <item:apocalypsenow:rusty_machete>
[03:33:33.486][INFO]: Removed 1 recipes registered in these 1 recipe managers: [<recipetype:minecraft:crafting>: 1]
[03:33:33.486][INFO]: Removing all recipes that output <item:apocalypsenow:simple_machete>
[03:33:33.487][INFO]: Removed 1 recipes registered in these 1 recipe managers: [<recipetype:minecraft:crafting>: 1]
[03:33:33.487][INFO]: Removing all recipes that output <item:apocalypsenow:scythe_knife>
[03:33:33.488][INFO]: Removed 1 recipes registered in these 1 recipe managers: [<recipetype:minecraft:crafting>: 1]
[03:33:33.489][INFO]: Removing all recipes that output <item:apocalypsenow:table_knife>
[03:33:33.490][INFO]: Removed 1 recipes registered in these 1 recipe managers: [<recipetype:minecraft:crafting>: 1]
[03:33:33.490][INFO]: Removing all recipes that output <item:apocalypsenow:comb_knife>
[03:33:33.491][INFO]: Removed 1 recipes registered in these 1 recipe managers: [<recipetype:minecraft:crafting>: 1]
[03:33:33.491][INFO]: Removing all recipes that output <item:apocalypsenow:rusty_knife>
[03:33:33.493][INFO]: Removed 1 recipes registered in these 1 recipe managers: [<recipetype:minecraft:crafting>: 1]
[03:33:33.493][INFO]: Removing all recipes that output <item:apocalypsenow:cheap_survival_knife>
[03:33:33.494][INFO]: Removed 1 recipes registered in these 1 recipe managers: [<recipetype:minecraft:crafting>: 1]
[03:33:33.494][INFO]: Removing all recipes that output <item:apocalypsenow:cheap_survival_axe>
[03:33:33.496][INFO]: Removed 1 recipes registered in these 1 recipe managers: [<recipetype:minecraft:crafting>: 1]
[03:33:33.496][INFO]: Removing all recipes that output <item:apocalypsenow:cheap_survival_machete>
[03:33:33.497][INFO]: Removed 1 recipes registered in these 1 recipe managers: [<recipetype:minecraft:crafting>: 1]
[03:33:33.497][INFO]: Removing all recipes that output <item:apocalypsenow:goldenstilletoknife>
[03:33:33.498][INFO]: Removed 1 recipes registered in these 1 recipe managers: [<recipetype:minecraft:crafting>: 1]
[03:33:33.498][INFO]: Removing all recipes that output <item:apocalypsenow:stylus_knife>
[03:33:33.499][INFO]: Removed 1 recipes registered in these 1 recipe managers: [<recipetype:minecraft:crafting>: 1]
[03:33:33.499][INFO]: Removing all recipes that output <item:apocalypsenow:hammer>
[03:33:33.501][INFO]: Removed 1 recipes registered in these 1 recipe managers: [<recipetype:minecraft:crafting>: 1]
[03:33:33.501][INFO]: Removing all recipes that output <item:apocalypsenow:sledgehammerr>
[03:33:33.502][INFO]: Removed 1 recipes registered in these 1 recipe managers: [<recipetype:minecraft:crafting>: 1]
[03:33:33.503][INFO]: Removing all recipes that output <item:apocalypsenow:broken_glass>
[03:33:33.504][INFO]: Removed 1 recipes registered in these 1 recipe managers: [<recipetype:minecraft:crafting>: 1]
[03:33:33.504][INFO]: Removing all recipes that output <item:apocalypsenow:broken_bottle>
[03:33:33.505][INFO]: Removed 3 recipes registered in these 1 recipe managers: [<recipetype:minecraft:crafting>: 3]
[03:33:33.505][INFO]: Removing all recipes that output <item:apocalypsenow:saw>
[03:33:33.507][INFO]: Removed 1 recipes registered in these 1 recipe managers: [<recipetype:minecraft:crafting>: 1]
[03:33:33.507][INFO]: Removing all recipes that output <item:apocalypsenow:broken_pool_cue>
[03:33:33.508][INFO]: Removed 1 recipes registered in these 1 recipe managers: [<recipetype:minecraft:crafting>: 1]
[03:33:33.508][INFO]: Removing all recipes that output <item:apocalypsenow:podao>
[03:33:33.509][INFO]: Removed 1 recipes registered in these 1 recipe managers: [<recipetype:minecraft:crafting>: 1]
[03:33:33.509][INFO]: Removing all recipes that output <item:apocalypsenow:nailed_stick>
[03:33:33.510][INFO]: Removed 1 recipes registered in these 1 recipe managers: [<recipetype:minecraft:crafting>: 1]
[03:33:33.511][INFO]: Removing all recipes that output <item:apocalypsenow:pick>
[03:33:33.512][INFO]: Removed 1 recipes registered in these 1 recipe managers: [<recipetype:minecraft:crafting>: 1]
[03:33:33.512][INFO]: Removing all recipes that output <item:apocalypsenow:stake>
[03:33:33.513][INFO]: Removed 2 recipes registered in these 1 recipe managers: [<recipetype:minecraft:crafting>: 2]
[03:33:33.513][INFO]: Removing all recipes that output <item:apocalypsenow:plank>
[03:33:33.515][INFO]: Removed 2 recipes registered in these 1 recipe managers: [<recipetype:minecraft:crafting>: 2]
[03:33:33.515][INFO]: Removing all recipes that output <item:apocalypsenow:spiked_plank>
[03:33:33.516][INFO]: Removed 1 recipes registered in these 1 recipe managers: [<recipetype:minecraft:crafting>: 1]
[03:33:33.516][INFO]: Removing all recipes that output <item:apocalypsenow:hatchet>
[03:33:33.517][INFO]: Removed 1 recipes registered in these 1 recipe managers: [<recipetype:minecraft:crafting>: 1]
[03:33:33.518][INFO]: Removing all recipes that output <item:apocalypsenow:concrete_mallet>
[03:33:33.519][INFO]: Removed 1 recipes registered in these 1 recipe managers: [<recipetype:minecraft:crafting>: 1]
[03:33:33.519][INFO]: Removing all recipes that output <item:apocalypsenow:rowing>
[03:33:33.520][INFO]: Removed 1 recipes registered in these 1 recipe managers: [<recipetype:minecraft:crafting>: 1]
[03:33:33.521][INFO]: Removing all recipes that output <item:apocalypsenow:modern_rowing>
[03:33:33.522][INFO]: Removed 1 recipes registered in these 1 recipe managers: [<recipetype:minecraft:crafting>: 1]
[03:33:33.522][INFO]: Removing all recipes that output <item:apocalypsenow:pool_cue>
[03:33:33.523][INFO]: Removed 1 recipes registered in these 1 recipe managers: [<recipetype:minecraft:crafting>: 1]
[03:33:33.523][INFO]: Removing all recipes that output <item:apocalypsenow:slander>
[03:33:33.525][INFO]: Removed 1 recipes registered in these 1 recipe managers: [<recipetype:minecraft:crafting>: 1]
[03:33:33.525][INFO]: Removing all recipes that output <item:apocalypsenow:slitting_pears>
[03:33:33.527][INFO]: Removed 1 recipes registered in these 1 recipe managers: [<recipetype:minecraft:crafting>: 1]
[03:33:33.527][INFO]: Removing all recipes that output <item:apocalypsenow:emptycanteen>
[03:33:33.528][INFO]: Removed 1 recipes registered in these 1 recipe managers: [<recipetype:minecraft:crafting>: 1]
[03:33:33.529][INFO]: Removing all recipes that output <item:apocalypsenow:broken_radio>
[03:33:33.530][INFO]: Removed 0 recipes registered in these 0 recipe managers: []
[03:33:33.530][INFO]: Removing all recipes that output <item:apocalypsenow:glassbottle>
[03:33:33.532][INFO]: Removed 2 recipes registered in these 1 recipe managers: [<recipetype:minecraft:crafting>: 2]
[03:33:33.532][INFO]: Removing all recipes that output <item:apocalypsenow:bottle>
[03:33:33.534][INFO]: Removed 0 recipes registered in these 0 recipe managers: []
[03:33:33.534][INFO]: Removing all recipes that output <item:apocalypsenow:textilethread>
[03:33:33.536][INFO]: Removed 1 recipes registered in these 1 recipe managers: [<recipetype:minecraft:crafting>: 1]
[03:33:33.536][INFO]: Removing all recipes that output <item:apocalypsenow:kevlarthread>
[03:33:33.537][INFO]: Removed 1 recipes registered in these 1 recipe managers: [<recipetype:minecraft:crafting>: 1]
[03:33:33.537][INFO]: Removing all recipes that output <item:apocalypsenow:polyesterthread>
[03:33:33.538][INFO]: Removed 1 recipes registered in these 1 recipe managers: [<recipetype:minecraft:crafting>: 1]
[03:33:33.538][INFO]: Removing all recipes that output <item:apocalypsenow:scrapmetal>
[03:33:33.540][INFO]: Removed 4 recipes registered in these 1 recipe managers: [<recipetype:minecraft:crafting>: 4]
[03:33:33.540][INFO]: Removing all recipes that output <item:apocalypsenow:electric_fence>
[03:33:33.541][INFO]: Removed 1 recipes registered in these 1 recipe managers: [<recipetype:minecraft:crafting>: 1]
[03:33:33.541][INFO]: Removing all recipes that output <item:apocalypsenow:ducttape>
[03:33:33.542][INFO]: Removed 1 recipes registered in these 1 recipe managers: [<recipetype:minecraft:crafting>: 1]
[03:33:33.542][INFO]: Removing all recipes that output <item:apocalypsenow:sawi>
[03:33:33.543][INFO]: Removed 1 recipes registered in these 1 recipe managers: [<recipetype:minecraft:crafting>: 1]
[03:33:33.543][INFO]: Removing all recipes that output <item:apocalypsenow:emptyshampoo>
[03:33:33.545][INFO]: Removed 0 recipes registered in these 0 recipe managers: []
[03:33:33.545][INFO]: Removing all recipes that output <item:apocalypsenow:emptyconditioner>
[03:33:33.546][INFO]: Removed 0 recipes registered in these 0 recipe managers: []
[03:33:33.546][INFO]: Removing all recipes that output <item:apocalypsenow:electrical_scrap>
[03:33:33.547][INFO]: Removed 4 recipes registered in these 1 recipe managers: [<recipetype:minecraft:crafting>: 4]
[03:33:33.547][INFO]: Removing all recipes that output <item:apocalypsenow:engineering_parts>
[03:33:33.548][INFO]: Removed 4 recipes registered in these 1 recipe managers: [<recipetype:minecraft:crafting>: 4]
[03:33:33.548][INFO]: Removing all recipes that output <item:apocalypsenow:glue>
[03:33:33.549][INFO]: Removed 1 recipes registered in these 1 recipe managers: [<recipetype:minecraft:crafting>: 1]
[03:33:33.550][INFO]: Removing all recipes that output <item:apocalypsenow:comb>
[03:33:33.551][INFO]: Removed 1 recipes registered in these 1 recipe managers: [<recipetype:minecraft:crafting>: 1]
[03:33:33.551][INFO]: Removing all recipes that output <item:apocalypsenow:cellphone>
[03:33:33.552][INFO]: Removed 0 recipes registered in these 0 recipe managers: []
[03:33:33.552][INFO]: Removing all recipes that output <item:apocalypsenow:watch>
[03:33:33.553][INFO]: Removed 0 recipes registered in these 0 recipe managers: []
[03:33:33.553][INFO]: Removing all recipes that output <item:apocalypsenow:goldenwatch>
[03:33:33.555][INFO]: Removed 0 recipes registered in these 0 recipe managers: []
[03:33:33.555][INFO]: Removing all recipes that output <item:apocalypsenow:newspaper>
[03:33:33.556][INFO]: Removed 1 recipes registered in these 1 recipe managers: [<recipetype:minecraft:crafting>: 1]
[03:33:33.556][INFO]: Removing all recipes that output <item:apocalypsenow:magazine>
[03:33:33.557][INFO]: Removed 1 recipes registered in these 1 recipe managers: [<recipetype:minecraft:crafting>: 1]
[03:33:33.557][INFO]: Removing all recipes that output <item:apocalypsenow:toothbrush>
[03:33:33.559][INFO]: Removed 0 recipes registered in these 0 recipe managers: []
[03:33:33.559][INFO]: Removing all recipes that output <item:apocalypsenow:cigarettes>
[03:33:33.560][INFO]: Removed 0 recipes registered in these 0 recipe managers: []
[03:33:33.560][INFO]: Removing all recipes that output <item:apocalypsenow:aabattery>
[03:33:33.561][INFO]: Removed 0 recipes registered in these 0 recipe managers: []
[03:33:33.561][INFO]: Removing all recipes that output <item:apocalypsenow:toothpaste>
[03:33:33.562][INFO]: Removed 0 recipes registered in these 0 recipe managers: []
[03:33:33.562][INFO]: Removing all recipes that output <item:apocalypsenow:broken_baseball_bat>
[03:33:33.564][INFO]: Removed 0 recipes registered in these 0 recipe managers: []
[03:33:33.564][INFO]: Removing all recipes that output <item:apocalypsenow:trash>
[03:33:33.565][INFO]: Removed 1 recipes registered in these 1 recipe managers: [<recipetype:minecraft:crafting>: 1]
[03:33:33.565][INFO]: Removing all recipes that output <item:apocalypsenow:rope>
[03:33:33.566][INFO]: Removed 1 recipes registered in these 1 recipe managers: [<recipetype:minecraft:crafting>: 1]
[03:33:33.566][INFO]: Removing all recipes that output <item:apocalypsenow:eletricfencesign>
[03:33:33.568][INFO]: Removed 0 recipes registered in these 0 recipe managers: []
[03:33:33.568][INFO]: Removing all recipes that output <item:apocalypsenow:sandbags>
[03:33:33.569][INFO]: Removed 1 recipes registered in these 1 recipe managers: [<recipetype:minecraft:crafting>: 1]
[03:33:33.569][INFO]: Removing all recipes that output <item:apocalypsenow:sandbagsstar>
[03:33:33.570][INFO]: Removed 1 recipes registered in these 1 recipe managers: [<recipetype:minecraft:crafting>: 1]
[03:33:33.571][INFO]: Removing all recipes that output <item:apocalypsenow:sandbagsslab>
[03:33:33.572][INFO]: Removed 1 recipes registered in these 1 recipe managers: [<recipetype:minecraft:crafting>: 1]
[03:33:33.572][INFO]: Removing all recipes that output <item:apocalypsenow:cocktail_molotov_green>
[03:33:33.573][INFO]: Removed 5 recipes registered in these 1 recipe managers: [<recipetype:minecraft:crafting>: 5]
[03:33:33.573][INFO]: Removing all recipes that output <item:apocalypsenow:cocktail_molotov_brown>
[03:33:33.574][INFO]: Removed 2 recipes registered in these 1 recipe managers: [<recipetype:minecraft:crafting>: 2]
[03:33:33.574][INFO]: Removing all recipes that output <item:apocalypsenow:cocktail_molotov_white>
[03:33:33.576][INFO]: Removed 2 recipes registered in these 1 recipe managers: [<recipetype:minecraft:crafting>: 2]
[03:33:33.576][INFO]: Removing all recipes that output <item:apocalypsenow:matches>
[03:33:33.577][INFO]: Removed 0 recipes registered in these 0 recipe managers: []
[03:33:33.577][INFO]: Removing all recipes that output <item:apocalypsenow:fertilizer>
[03:33:33.578][INFO]: Removed 1 recipes registered in these 1 recipe managers: [<recipetype:minecraft:crafting>: 1]
[03:33:33.578][INFO]: Removing all recipes that output <item:apocalypsenow:glassbottle>
[03:33:33.580][INFO]: Removed 0 recipes registered in these 0 recipe managers: []
[03:33:33.580][INFO]: Removing all recipes that output <item:apocalypsenow:glassbottle_2>
[03:33:33.581][INFO]: Removed 1 recipes registered in these 1 recipe managers: [<recipetype:minecraft:crafting>: 1]
[03:33:33.581][INFO]: Removing all recipes that output <item:apocalypsenow:glassbottle_3>
[03:33:33.582][INFO]: Removed 1 recipes registered in these 1 recipe managers: [<recipetype:minecraft:crafting>: 1]
[03:33:33.582][INFO]: Removing all recipes that output <item:apocalypsenow:soap>
[03:33:33.584][INFO]: Removed 1 recipes registered in these 1 recipe managers: [<recipetype:minecraft:crafting>: 1]
[03:33:33.584][INFO]: Removing all recipes that output <item:apocalypsenow:towel>
[03:33:33.585][INFO]: Removed 1 recipes registered in these 1 recipe managers: [<recipetype:minecraft:crafting>: 1]
[03:33:33.585][INFO]: Removing all recipes that output <item:apocalypsenow:plastic>
[03:33:33.587][INFO]: Removed 0 recipes registered in these 0 recipe managers: []
[03:33:33.587][INFO]: Removing all recipes that output <item:apocalypsenow:foam>
[03:33:33.588][INFO]: Removed 1 recipes registered in these 1 recipe managers: [<recipetype:minecraft:crafting>: 1]
[03:33:33.588][INFO]: Removing all recipes that output <item:apocalypsenow:oil_canister>
[03:33:33.589][INFO]: Removed 1 recipes registered in these 1 recipe managers: [<recipetype:minecraft:crafting>: 1]
[03:33:33.589][INFO]: Removing all recipes that output <item:apocalypsenow:cleanbucket>
[03:33:33.591][INFO]: Removed 1 recipes registered in these 1 recipe managers: [<recipetype:minecraft:crafting>: 1]
[03:33:33.591][INFO]: Removing all recipes that output <item:apocalypsenow:sock>
[03:33:33.592][INFO]: Removed 0 recipes registered in these 0 recipe managers: []
[03:33:33.592][INFO]: Removing all recipes that output <item:apocalypsenow:toy>
[03:33:33.593][INFO]: Removed 0 recipes registered in these 0 recipe managers: []
[03:33:33.593][INFO]: Removing all recipes that output <item:apocalypsenow:bricktoys>
[03:33:33.595][INFO]: Removed 0 recipes registered in these 0 recipe managers: []
[03:33:33.595][INFO]: Removing all recipes that output <item:apocalypsenow:toiletpaper>
[03:33:33.596][INFO]: Removed 0 recipes registered in these 0 recipe managers: []
[03:33:33.596][INFO]: Removing all recipes that output <item:apocalypsenow:handlegripp>
[03:33:33.597][INFO]: Removed 1 recipes registered in these 1 recipe managers: [<recipetype:minecraft:crafting>: 1]
[03:33:33.597][INFO]: Removing all recipes that output <item:apocalypsenow:ironhandlegripp>
[03:33:33.598][INFO]: Removed 1 recipes registered in these 1 recipe managers: [<recipetype:minecraft:crafting>: 1]
[03:33:33.599][INFO]: Removing all recipes that output <item:apocalypsenow:salt>
[03:33:33.600][INFO]: Removed 1 recipes registered in these 1 recipe managers: [<recipetype:minecraft:smelting>: 1]
[03:33:33.600][INFO]: Removing all recipes that output <item:apocalypsenow:perfume>
[03:33:33.601][INFO]: Removed 0 recipes registered in these 0 recipe managers: []
[03:33:33.601][INFO]: Removing all recipes that output <item:apocalypsenow:pet_bottle>
[03:33:33.602][INFO]: Removed 0 recipes registered in these 0 recipe managers: []
[03:33:33.602][INFO]: Removing all recipes that output <item:apocalypsenow:deodorant>
[03:33:33.604][INFO]: Removed 0 recipes registered in these 0 recipe managers: []
[03:33:33.604][INFO]: Removing all recipes that output <item:apocalypsenow:copperwire>
[03:33:33.605][INFO]: Removed 1 recipes registered in these 1 recipe managers: [<recipetype:minecraft:crafting>: 1]
[03:33:33.605][INFO]: Removing all recipes that output <item:apocalypsenow:radio>
[03:33:33.606][INFO]: Removed 0 recipes registered in these 0 recipe managers: []
[03:33:33.606][INFO]: Removing all recipes that output <item:apocalypsenow:military_radio>
[03:33:33.608][INFO]: Removed 0 recipes registered in these 0 recipe managers: []
[03:33:33.608][INFO]: Removing all recipes that output <item:apocalypsenow:gravediggers_shovel>
[03:33:33.609][INFO]: Removed 1 recipes registered in these 1 recipe managers: [<recipetype:minecraft:crafting>: 1]
[03:33:33.609][INFO]: Removing all recipes that output <item:apocalypsenow:taser>
[03:33:33.610][INFO]: Removed 1 recipes registered in these 1 recipe managers: [<recipetype:minecraft:crafting>: 1]
[03:33:33.610][INFO]: Removing all recipes that output <item:apocalypsenow:beer>
[03:33:33.612][INFO]: Removed 0 recipes registered in these 0 recipe managers: []
[03:33:33.612][INFO]: Removing all recipes that output <item:apocalypsenow:tomato>
[03:33:33.613][INFO]: Removed 0 recipes registered in these 0 recipe managers: []
[03:33:33.613][INFO]: Removing all recipes that output <item:apocalypsenow:butter>
[03:33:33.614][INFO]: Removed 1 recipes registered in these 1 recipe managers: [<recipetype:minecraft:crafting>: 1]
[03:33:33.614][INFO]: Removing all recipes that output <item:apocalypsenow:canteen_41>
[03:33:33.616][INFO]: Removed 0 recipes registered in these 0 recipe managers: []
[03:33:33.616][INFO]: Removing all recipes that output <item:apocalypsenow:canteen_42>
[03:33:33.617][INFO]: Removed 0 recipes registered in these 0 recipe managers: []
[03:33:33.617][INFO]: Removing all recipes that output <item:apocalypsenow:canteen_43>
[03:33:33.618][INFO]: Removed 0 recipes registered in these 0 recipe managers: []
[03:33:33.618][INFO]: Removing all recipes that output <item:apocalypsenow:canteen_44>
[03:33:33.620][INFO]: Removed 0 recipes registered in these 0 recipe managers: []
[03:33:33.620][INFO]: Removing all recipes that output <item:apocalypsenow:chicken_wing>
[03:33:33.621][INFO]: Removed 0 recipes registered in these 0 recipe managers: []
[03:33:33.622][INFO]: Removing all recipes that output <item:apocalypsenow:cooked_chicken_wing>
[03:33:33.623][INFO]: Removed 2 recipes registered in these 2 recipe managers: [<recipetype:minecraft:smelting>: 1, <recipetype:minecraft:smoking>: 1]
[03:33:33.623][INFO]: Removing all recipes that output <item:apocalypsenow:chocolate_bar>
[03:33:33.625][INFO]: Removed 0 recipes registered in these 0 recipe managers: []
[03:33:33.625][INFO]: Removing all recipes that output <item:apocalypsenow:cheese>
[03:33:33.626][INFO]: Removed 1 recipes registered in these 1 recipe managers: [<recipetype:minecraft:crafting>: 1]
[03:33:33.626][INFO]: Removing all recipes that output <item:apocalypsenow:donut>
[03:33:33.628][INFO]: Removed 0 recipes registered in these 0 recipe managers: []
[03:33:33.628][INFO]: Removing all recipes that output <item:apocalypsenow:cooked_canned_chilie>
[03:33:33.629][INFO]: Removed 3 recipes registered in these 3 recipe managers: [<recipetype:minecraft:campfire_cooking>: 1, <recipetype:minecraft:smelting>: 1, <recipetype:minecraft:smoking>: 1]
[03:33:33.629][INFO]: Removing all recipes that output <item:apocalypsenow:cooked_canned_food>
[03:33:33.631][INFO]: Removed 3 recipes registered in these 3 recipe managers: [<recipetype:minecraft:campfire_cooking>: 1, <recipetype:minecraft:smelting>: 1, <recipetype:minecraft:smoking>: 1]
[03:33:33.631][INFO]: Removing all recipes that output <item:apocalypsenow:cooked_canned_soup>
[03:33:33.632][INFO]: Removed 3 recipes registered in these 3 recipe managers: [<recipetype:minecraft:campfire_cooking>: 1, <recipetype:minecraft:smelting>: 1, <recipetype:minecraft:smoking>: 1]
[03:33:33.632][INFO]: Removing all recipes that output <item:apocalypsenow:open_canned_chili>
[03:33:33.634][INFO]: Removed 1 recipes registered in these 1 recipe managers: [<recipetype:minecraft:crafting>: 1]
[03:33:33.634][INFO]: Removing all recipes that output <item:apocalypsenow:open_canned_strawberry>
[03:33:33.635][INFO]: Removed 1 recipes registered in these 1 recipe managers: [<recipetype:minecraft:crafting>: 1]
[03:33:33.635][INFO]: Removing all recipes that output <item:apocalypsenow:open_canned_corn>
[03:33:33.637][INFO]: Removed 1 recipes registered in these 1 recipe managers: [<recipetype:minecraft:crafting>: 1]
[03:33:33.637][INFO]: Removing all recipes that output <item:apocalypsenow:open_canned_beans>
[03:33:33.638][INFO]: Removed 1 recipes registered in these 1 recipe managers: [<recipetype:minecraft:crafting>: 1]
[03:33:33.638][INFO]: Removing all recipes that output <item:apocalypsenow:open_canned_food>
[03:33:33.640][INFO]: Removed 1 recipes registered in these 1 recipe managers: [<recipetype:minecraft:crafting>: 1]
[03:33:33.640][INFO]: Removing all recipes that output <item:apocalypsenow:open_canned_soup>
[03:33:33.641][INFO]: Removed 1 recipes registered in these 1 recipe managers: [<recipetype:minecraft:crafting>: 1]
[03:33:33.641][INFO]: Removing all recipes that output <item:apocalypsenow:open_dogs_food>
[03:33:33.643][INFO]: Removed 1 recipes registered in these 1 recipe managers: [<recipetype:minecraft:crafting>: 1]
[03:33:33.643][INFO]: Removing all recipes that output <item:apocalypsenow:cooked_canned_beans>
[03:33:33.644][INFO]: Removed 2 recipes registered in these 2 recipe managers: [<recipetype:minecraft:smelting>: 1, <recipetype:minecraft:smoking>: 1]
[03:33:33.644][INFO]: Removing all recipes that output <item:apocalypsenow:canned_beans>
[03:33:33.646][INFO]: Removed 1 recipes registered in these 1 recipe managers: [<recipetype:minecraft:crafting>: 1]
[03:33:33.646][INFO]: Removing all recipes that output <item:apocalypsenow:canned_strawberry>
[03:33:33.647][INFO]: Removed 0 recipes registered in these 0 recipe managers: []
[03:33:33.647][INFO]: Removing all recipes that output <item:apocalypsenow:canned_corn>
[03:33:33.648][INFO]: Removed 1 recipes registered in these 1 recipe managers: [<recipetype:minecraft:crafting>: 1]
[03:33:33.649][INFO]: Removing all recipes that output <item:apocalypsenow:canned_chili>
[03:33:33.650][INFO]: Removed 1 recipes registered in these 1 recipe managers: [<recipetype:minecraft:crafting>: 1]
[03:33:33.650][INFO]: Removing all recipes that output <item:apocalypsenow:canned_food>
[03:33:33.651][INFO]: Removed 1 recipes registered in these 1 recipe managers: [<recipetype:minecraft:crafting>: 1]
[03:33:33.651][INFO]: Removing all recipes that output <item:apocalypsenow:canned_soup>
[03:33:33.653][INFO]: Removed 1 recipes registered in these 1 recipe managers: [<recipetype:minecraft:crafting>: 1]
[03:33:33.653][INFO]: Removing all recipes that output <item:apocalypsenow:dogs_food>
[03:33:33.655][INFO]: Removed 1 recipes registered in these 1 recipe managers: [<recipetype:minecraft:crafting>: 1]
[03:33:33.655][INFO]: Removing all recipes that output <item:apocalypsenow:orange>
[03:33:33.656][INFO]: Removed 0 recipes registered in these 0 recipe managers: []
[03:33:33.656][INFO]: Removing all recipes that output <item:apocalypsenow:tomato>
[03:33:33.657][INFO]: Removed 0 recipes registered in these 0 recipe managers: []
[03:33:33.657][INFO]: Removing all recipes that output <item:apocalypsenow:milk>
[03:33:33.659][INFO]: Removed 2 recipes registered in these 1 recipe managers: [<recipetype:minecraft:crafting>: 2]
[03:33:33.659][INFO]: Removing all recipes that output <item:apocalypsenow:lettuce>
[03:33:33.660][INFO]: Removed 0 recipes registered in these 0 recipe managers: []
[03:33:33.660][INFO]: Removing all recipes that output <item:apocalypsenow:fried_egg>
[03:33:33.662][INFO]: Removed 2 recipes registered in these 2 recipe managers: [<recipetype:minecraft:smelting>: 1, <recipetype:minecraft:smoking>: 1]
[03:33:33.662][INFO]: Removing all recipes that output <item:apocalypsenow:fries>
[03:33:33.664][INFO]: Removed 1 recipes registered in these 1 recipe managers: [<recipetype:minecraft:crafting>: 1]
[03:33:33.664][INFO]: Removing all recipes that output <item:apocalypsenow:hamburger>
[03:33:33.666][INFO]: Removed 1 recipes registered in these 1 recipe managers: [<recipetype:minecraft:crafting>: 1]
[03:33:33.666][INFO]: Removing all recipes that output <item:apocalypsenow:bottle>
[03:33:33.667][INFO]: Removed 0 recipes registered in these 0 recipe managers: []
[03:33:33.667][INFO]: Removing all recipes that output <item:apocalypsenow:reinforced_wooden_door>
[03:33:33.669][INFO]: Removed 1 recipes registered in these 1 recipe managers: [<recipetype:minecraft:crafting>: 1]
[03:33:33.669][INFO]: Removing all recipes that output <item:apocalypsenow:reinforced_door>
[03:33:33.671][INFO]: Removed 1 recipes registered in these 1 recipe managers: [<recipetype:minecraft:crafting>: 1]
[03:33:33.671][INFO]: Removing all recipes that output <item:apocalypsenow:scrap_metal_block>
[03:33:33.672][INFO]: Removed 1 recipes registered in these 1 recipe managers: [<recipetype:minecraft:crafting>: 1]
[03:33:33.672][INFO]: Removing all recipes that output <item:apocalypsenow:wooden_crate>
[03:33:33.674][INFO]: Removed 1 recipes registered in these 1 recipe managers: [<recipetype:minecraft:crafting>: 1]
[03:33:33.674][INFO]: Removing all recipes that output <item:apocalypsenow:military_crate>
[03:33:33.675][INFO]: Removed 1 recipes registered in these 1 recipe managers: [<recipetype:minecraft:crafting>: 1]
[03:33:33.675][INFO]: Removing all recipes that output <item:apocalypsenow:soap_in_a_sock>
[03:33:33.677][INFO]: Removed 1 recipes registered in these 1 recipe managers: [<recipetype:minecraft:crafting>: 1]
[03:33:33.677][INFO]: Removing all recipes that output <item:apocalypsenow:makeshift_machete>
[03:33:33.678][INFO]: Removed 1 recipes registered in these 1 recipe managers: [<recipetype:minecraft:crafting>: 1]
[03:33:33.678][INFO]: Removing all recipes that output <item:apocalypsenow:makeshift_axe>
[03:33:33.680][INFO]: Removed 1 recipes registered in these 1 recipe managers: [<recipetype:minecraft:crafting>: 1]
[03:33:33.680][INFO]: Removing all recipes that output <item:apocalypsenow:makeshift_knife>
[03:33:33.681][INFO]: Removed 1 recipes registered in these 1 recipe managers: [<recipetype:minecraft:crafting>: 1]
[03:33:33.682][INFO]: Removing all recipes that output <item:apocalypsenow:mosquito_knife>
[03:33:33.683][INFO]: Removed 1 recipes registered in these 1 recipe managers: [<recipetype:minecraft:crafting>: 1]
[03:33:33.683][INFO]: Removing all recipes that output <item:apocalypsenow:barbecuestick>
[03:33:33.685][INFO]: Removed 1 recipes registered in these 1 recipe managers: [<recipetype:minecraft:crafting>: 1]
[03:33:33.685][INFO]: Removing all recipes that output <item:apocalypsenow:phillipsscrewdriver>
[03:33:33.686][INFO]: Removed 1 recipes registered in these 1 recipe managers: [<recipetype:minecraft:crafting>: 1]
[03:33:33.687][INFO]: Removing all recipes that output <item:apocalypsenow:rubberduck>
[03:33:33.688][INFO]: Removed 1 recipes registered in these 1 recipe managers: [<recipetype:minecraft:crafting>: 1]
[03:33:33.688][INFO]: Removing all recipes that output <item:apocalypsenow:ontario_sp_8>
[03:33:33.689][INFO]: Removed 1 recipes registered in these 1 recipe managers: [<recipetype:minecraft:crafting>: 1]
[03:33:33.689][INFO]: Removing all recipes that output <item:apocalypsenow:marmalade>
[03:33:33.690][INFO]: Removed 1 recipes registered in these 1 recipe managers: [<recipetype:minecraft:crafting>: 1]
[03:33:33.690][INFO]: Removing all recipes that output <item:apocalypsenow:passportred>
[03:33:33.691][INFO]: Removed 0 recipes registered in these 0 recipe managers: []
[03:33:33.691][INFO]: Removing all recipes that output <item:apocalypsenow:passportblue>
[03:33:33.692][INFO]: Removed 0 recipes registered in these 0 recipe managers: []
[03:33:33.693][INFO]: Removing all recipes that output <item:apocalypsenow:passport_green>
[03:33:33.694][INFO]: Removed 0 recipes registered in these 0 recipe managers: []
[03:33:33.694][INFO]: Removing all recipes that output <item:apocalypsenow:credit_card>
[03:33:33.695][INFO]: Removed 0 recipes registered in these 0 recipe managers: []
[03:33:33.695][INFO]: Removing all recipes that output <item:apocalypsenow:wallet>
[03:33:33.696][INFO]: Removed 0 recipes registered in these 0 recipe managers: []
[03:33:33.696][INFO]: Removing all recipes that output <item:apocalypsenow:kevlar>
[03:33:33.697][INFO]: Removed 1 recipes registered in these 1 recipe managers: [<recipetype:minecraft:crafting>: 1]
[03:33:33.697][INFO]: Removing all recipes that output <item:apocalypsenow:polyester>
[03:33:33.698][INFO]: Removed 1 recipes registered in these 1 recipe managers: [<recipetype:minecraft:crafting>: 1]
[03:33:33.699][INFO]: Removing all recipes that output <item:apocalypsenow:armorplate>
[03:33:33.700][INFO]: Removed 1 recipes registered in these 1 recipe managers: [<recipetype:minecraft:crafting>: 1]
[03:33:33.700][INFO]: Removing all recipes that output <item:apocalypsenow:reinforced_armor_plate>
[03:33:33.701][INFO]: Removed 1 recipes registered in these 1 recipe managers: [<recipetype:minecraft:crafting>: 1]
[03:33:33.701][INFO]: Removing all recipes that output <item:apocalypsenow:plasticplate>
[03:33:33.703][INFO]: Removed 1 recipes registered in these 1 recipe managers: [<recipetype:minecraft:crafting>: 1]
[03:33:33.703][INFO]: Removing all recipes that output <item:apocalypsenow:crafts_and_wood>
[03:33:33.704][INFO]: Removed 0 recipes registered in these 0 recipe managers: []
[03:33:33.704][INFO]: Removing all recipes that output <item:apocalypsenow:thecookingguide>
[03:33:33.706][INFO]: Removed 0 recipes registered in these 0 recipe managers: []
[03:33:33.706][INFO]: Removing all recipes that output <item:apocalypsenow:electricalengineering>
[03:33:33.707][INFO]: Removed 0 recipes registered in these 0 recipe managers: []
[03:33:33.707][INFO]: Removing all recipes that output <item:apocalypsenow:firstaidbook>
[03:33:33.708][INFO]: Removed 0 recipes registered in these 0 recipe managers: []
[03:33:33.708][INFO]: Removing all recipes that output <item:apocalypsenow:craftsand_wood_ii>
[03:33:33.709][INFO]: Removed 0 recipes registered in these 0 recipe managers: []
[03:33:33.709][INFO]: Removing all recipes that output <item:apocalypsenow:bandage>
[03:33:33.711][INFO]: Removed 2 recipes registered in these 1 recipe managers: [<recipetype:minecraft:crafting>: 2]
[03:33:33.711][INFO]: Removing all recipes that output <item:apocalypsenow:pain_killers>
[03:33:33.712][INFO]: Removed 0 recipes registered in these 0 recipe managers: []
[03:33:33.712][INFO]: Removing all recipes that output <item:apocalypsenow:antibiotics>
[03:33:33.713][INFO]: Removed 0 recipes registered in these 0 recipe managers: []
[03:33:33.713][INFO]: Removing all recipes that output <item:apocalypsenow:homemadeantibiotics>
[03:33:33.715][INFO]: Removed 1 recipes registered in these 1 recipe managers: [<recipetype:minecraft:crafting>: 1]
[03:33:33.715][INFO]: Removing all recipes that output <item:apocalypsenow:stringandneedle>
[03:33:33.716][INFO]: Removed 1 recipes registered in these 1 recipe managers: [<recipetype:minecraft:crafting>: 1]
[03:33:33.716][INFO]: Removing all recipes that output <item:apocalypsenow:syringe>
[03:33:33.717][INFO]: Removed 2 recipes registered in these 1 recipe managers: [<recipetype:minecraft:crafting>: 2]
[03:33:33.717][INFO]: Removing all recipes that output <item:apocalypsenow:adrenalinepot>
[03:33:33.718][INFO]: Removed 1 recipes registered in these 1 recipe managers: [<recipetype:minecraft:crafting>: 1]
[03:33:33.718][INFO]: Removing all recipes that output <item:apocalypsenow:morphinepot>
[03:33:33.720][INFO]: Removed 1 recipes registered in these 1 recipe managers: [<recipetype:minecraft:crafting>: 1]
[03:33:33.720][INFO]: Removing all recipes that output <item:apocalypsenow:saline>
[03:33:33.721][INFO]: Removed 0 recipes registered in these 0 recipe managers: []
[03:33:33.721][INFO]: Removing all recipes that output <item:apocalypsenow:morphine>
[03:33:33.722][INFO]: Removed 1 recipes registered in these 1 recipe managers: [<recipetype:minecraft:crafting>: 1]
[03:33:33.723][INFO]: Removing all recipes that output <item:apocalypsenow:adrenaline_syringe>
[03:33:33.724][INFO]: Removed 1 recipes registered in these 1 recipe managers: [<recipetype:minecraft:crafting>: 1]
[03:33:33.724][INFO]: Removing all recipes that output <item:apocalypsenow:hydrochloricacid>
[03:33:33.725][INFO]: Removed 1 recipes registered in these 1 recipe managers: [<recipetype:minecraft:crafting>: 1]
[03:33:33.725][INFO]: Removing all recipes that output <item:apocalypsenow:sulfuricacid>
[03:33:33.726][INFO]: Removed 1 recipes registered in these 1 recipe managers: [<recipetype:minecraft:crafting>: 1]
[03:33:33.726][INFO]: Removing all recipes that output <item:apocalypsenow:chlorine_dioxed>
[03:33:33.728][INFO]: Removed 1 recipes registered in these 1 recipe managers: [<recipetype:minecraft:crafting>: 1]
[03:33:33.728][INFO]: Removing all recipes that output <item:apocalypsenow:bloodsyringe>
[03:33:33.729][INFO]: Removed 0 recipes registered in these 0 recipe managers: []
[03:33:33.729][INFO]: Removing all recipes that output <item:apocalypsenow:purificationtablets>
[03:33:33.730][INFO]: Removed 1 recipes registered in these 1 recipe managers: [<recipetype:minecraft:crafting>: 1]
[03:33:33.730][INFO]: Removing all recipes that output <item:apocalypsenow:surgicalclamps>
[03:33:33.731][INFO]: Removed 1 recipes registered in these 1 recipe managers: [<recipetype:minecraft:crafting>: 1]
[03:33:33.731][INFO]: Removing all recipes that output <item:apocalypsenow:slipt>
[03:33:33.732][INFO]: Removed 1 recipes registered in these 1 recipe managers: [<recipetype:minecraft:crafting>: 1]
[03:33:33.732][INFO]: Removing all recipes that output <item:apocalypsenow:rags>
[03:33:33.733][INFO]: Removed 2 recipes registered in these 1 recipe managers: [<recipetype:minecraft:crafting>: 2]
[03:33:33.733][INFO]: Removing all recipes that output <item:apocalypsenow:cleanrags>
[03:33:33.734][INFO]: Removed 1 recipes registered in these 1 recipe managers: [<recipetype:minecraft:crafting>: 1]
[03:33:33.734][INFO]: Removing all recipes that output <item:apocalypsenow:simplebackpack>
[03:33:33.735][INFO]: Removed 0 recipes registered in these 0 recipe managers: []
[03:33:33.735][INFO]: Removing all recipes that output <item:apocalypsenow:pinksimplebackpack>
[03:33:33.736][INFO]: Removed 0 recipes registered in these 0 recipe managers: []
[03:33:33.736][INFO]: Removing all recipes that output <item:apocalypsenow:bluesimplebackpack>
[03:33:33.737][INFO]: Removed 0 recipes registered in these 0 recipe managers: []
[03:33:33.737][INFO]: Removing all recipes that output <item:apocalypsenow:normalbackpack>
[03:33:33.738][INFO]: Removed 0 recipes registered in these 0 recipe managers: []
[03:33:33.738][INFO]: Removing all recipes that output <item:apocalypsenow:bigbackpack>
[03:33:33.740][INFO]: Removed 0 recipes registered in these 0 recipe managers: []
[03:33:33.740][INFO]: Removing all recipes that output <item:apocalypsenow:campingbackpack>
[03:33:33.741][INFO]: Removed 0 recipes registered in these 0 recipe managers: []
[03:33:33.741][INFO]: Removing all recipes that output <item:apocalypsenow:militarybackpack>
[03:33:33.742][INFO]: Removed 0 recipes registered in these 0 recipe managers: []
[03:33:33.742][INFO]: Removing all recipes that output <item:apocalypsenow:alicepack>
[03:33:33.743][INFO]: Removed 0 recipes registered in these 0 recipe managers: []
[03:33:33.743][INFO]: Removing all recipes that output <item:apocalypsenow:sack_helmet>
[03:33:33.744][INFO]: Removed 1 recipes registered in these 1 recipe managers: [<recipetype:minecraft:crafting>: 1]
[03:33:33.744][INFO]: Removing all recipes that output <item:apocalypsenow:nonalcoholic_beer>
[03:33:33.745][INFO]: Removed 0 recipes registered in these 0 recipe managers: []
[03:33:33.745][INFO]: Removing all recipes that output <item:apocalypsenow:vitamins>
[03:33:33.746][INFO]: Removed 1 recipes registered in these 1 recipe managers: [<recipetype:minecraft:crafting>: 1]
[03:33:33.746][INFO]: Removing all recipes that output <item:apocalypsenow:bloodybandages>
[03:33:33.747][INFO]: Removed 0 recipes registered in these 0 recipe managers: []
[03:33:33.747][INFO]: Removing all recipes that output <item:apocalypsenow:bloodyrags>
[03:33:33.748][INFO]: Removed 0 recipes registered in these 0 recipe managers: []
[03:33:33.748][INFO]: Removing all recipes that output <item:apocalypsenow:grenade_belt_chestplate>
[03:33:33.749][INFO]: Removed 1 recipes registered in these 1 recipe managers: [<recipetype:minecraft:crafting>: 1]
[03:33:33.750][INFO]: Removing all recipes that output <item:apocalypsenow:gpnvg_18_helmet_helmet>
[03:33:33.751][INFO]: Removed 1 recipes registered in these 1 recipe managers: [<recipetype:minecraft:crafting>: 1]
[03:33:33.751][INFO]: Removing all recipes that output <item:apocalypsenow:whisky>
[03:33:33.752][INFO]: Removed 1 recipes registered in these 1 recipe managers: [<recipetype:minecraft:crafting>: 1]
[03:33:33.752][INFO]: Removing all recipes that output <item:apocalypsenow:vodka>
[03:33:33.753][INFO]: Removed 3 recipes registered in these 1 recipe managers: [<recipetype:minecraft:crafting>: 3]
[03:33:33.753][INFO]: Removing all recipes that output <item:apocalypsenow:metal_shelves>
[03:33:33.754][INFO]: Removed 1 recipes registered in these 1 recipe managers: [<recipetype:minecraft:crafting>: 1]
[03:33:33.754][INFO]: Removing all recipes that output <item:apocalypsenow:metal_shelvels_two>
[03:33:33.755][INFO]: Removed 0 recipes registered in these 0 recipe managers: []
[03:33:33.755][INFO]: Removing all recipes that output <item:apocalypsenow:metal_shelves_three>
[03:33:33.756][INFO]: Removed 0 recipes registered in these 0 recipe managers: []
[03:33:33.756][INFO]: Removing all recipes that output <item:apocalypsenow:pallet>
[03:33:33.758][INFO]: Removed 1 recipes registered in these 1 recipe managers: [<recipetype:minecraft:crafting>: 1]
[03:33:33.758][INFO]: Removing all recipes that output <item:apocalypsenow:pallet_slab>
[03:33:33.759][INFO]: Removed 1 recipes registered in these 1 recipe managers: [<recipetype:minecraft:crafting>: 1]
[03:33:33.759][INFO]: Removing all recipes that output <item:apocalypsenow:pallet_storage>
[03:33:33.760][INFO]: Removed 1 recipes registered in these 1 recipe managers: [<recipetype:minecraft:crafting>: 1]
[03:33:33.761][INFO]: Removing all recipes that output <item:apocalypsenow:sandbagbarrier>
[03:33:33.762][INFO]: Removed 1 recipes registered in these 1 recipe managers: [<recipetype:minecraft:crafting>: 1]
[03:33:33.762][INFO]: Removing all recipes that output <item:apocalypsenow:salt>
[03:33:33.763][INFO]: Removed 0 recipes registered in these 0 recipe managers: []
[03:33:33.763][INFO]: Removing all recipes that output <item:apocalypsenow:water>
[03:33:33.764][INFO]: Removed 2 recipes registered in these 2 recipe managers: [<recipetype:minecraft:crafting>: 1, <recipetype:minecraft:smelting>: 1]
[03:33:33.764][INFO]: Removing all recipes that output <item:apocalypsenow:fried_egg>
[03:33:33.765][INFO]: Removed 0 recipes registered in these 0 recipe managers: []
[03:33:33.765][INFO]: Removing all recipes that output <item:apocalypsenow:petrol_barrel>
[03:33:33.766][INFO]: Removed 1 recipes registered in these 1 recipe managers: [<recipetype:minecraft:crafting>: 1]
[03:33:33.766][INFO]: Removing all recipes that output <item:apocalypsenow:hospital_door>
[03:33:33.767][INFO]: Removed 1 recipes registered in these 1 recipe managers: [<recipetype:minecraft:crafting>: 1]
[03:33:33.768][INFO]: Removing all recipes that output <item:apocalypsenow:prison_door>
[03:33:33.769][INFO]: Removed 1 recipes registered in these 1 recipe managers: [<recipetype:minecraft:crafting>: 1]
[03:33:33.769][INFO]: Removing all recipes that output <item:apocalypsenow:military_door>
[03:33:33.770][INFO]: Removed 1 recipes registered in these 1 recipe managers: [<recipetype:minecraft:crafting>: 1]
[03:33:33.770][INFO]: Removing all recipes that output <item:apocalypsenow:plane_door>
[03:33:33.771][INFO]: Removed 1 recipes registered in these 1 recipe managers: [<recipetype:minecraft:crafting>: 1]
[03:33:33.771][INFO]: Removing all recipes that output <item:apocalypsenow:glass_door>
[03:33:33.772][INFO]: Removed 1 recipes registered in these 1 recipe managers: [<recipetype:minecraft:crafting>: 1]
[03:33:33.772][INFO]: Removing all recipes that output <item:apocalypsenow:bunker_hatch>
[03:33:33.773][INFO]: Removed 1 recipes registered in these 1 recipe managers: [<recipetype:minecraft:crafting>: 1]
[03:33:33.773][INFO]: Removing all recipes that output <item:apocalypsenow:dynamite>
[03:33:33.774][INFO]: Removed 1 recipes registered in these 1 recipe managers: [<recipetype:minecraft:crafting>: 1]
[03:33:33.774][INFO]: Removing all recipes that output <item:apocalypsenow:dynamite_roll>
[03:33:33.775][INFO]: Removed 1 recipes registered in these 1 recipe managers: [<recipetype:minecraft:crafting>: 1]
[03:33:33.775][INFO]: Removing all recipes that output <item:apocalypsenow:improvised_dynamite_roll>
[03:33:33.776][INFO]: Removed 1 recipes registered in these 1 recipe managers: [<recipetype:minecraft:crafting>: 1]
[03:33:33.776][INFO]: Removing all recipes that output <item:apocalypsenow:small_can>
[03:33:33.777][INFO]: Removed 1 recipes registered in these 1 recipe managers: [<recipetype:minecraft:crafting>: 1]
[03:33:33.777][INFO]: Removing all recipes that output <item:apocalypsenow:water>
[03:33:33.778][INFO]: Removed 0 recipes registered in these 0 recipe managers: []
[03:33:33.778][INFO]: Removing all recipes that output <item:apocalypsenow:macandcheese>
[03:33:33.779][INFO]: Removed 0 recipes registered in these 0 recipe managers: []
[03:33:33.779][INFO]: Removing all recipes that output <item:apocalypsenow:tank_trap>
[03:33:33.780][INFO]: Removed 1 recipes registered in these 1 recipe managers: [<recipetype:minecraft:crafting>: 1]
[03:33:33.780][INFO]: Removing all recipes that output <item:apocalypsenow:worldcompass>
[03:33:33.781][INFO]: Removed 1 recipes registered in these 1 recipe managers: [<recipetype:minecraft:crafting>: 1]
[03:33:33.782][INFO]: Removing all recipes that output <item:apocalypsenow:iron_ladder>
[03:33:33.783][INFO]: Removed 1 recipes registered in these 1 recipe managers: [<recipetype:minecraft:crafting>: 1]
[03:33:33.783][INFO]: Removing all recipes that output <item:apocalypsenow:iron_plate>
[03:33:33.784][INFO]: Removed 1 recipes registered in these 1 recipe managers: [<recipetype:minecraft:crafting>: 1]
[03:33:33.784][INFO]: Removing all recipes that output <item:apocalypsenow:spike_log>
[03:33:33.785][INFO]: Removed 1 recipes registered in these 1 recipe managers: [<recipetype:minecraft:crafting>: 1]
[03:33:33.785][INFO]: Removing all recipes that output <item:apocalypsenow:mossbricks>
[03:33:33.786][INFO]: Removed 1 recipes registered in these 1 recipe managers: [<recipetype:minecraft:crafting>: 1]
[03:33:33.786][INFO]: Removing all recipes that output <item:apocalypsenow:mosstairs>
[03:33:33.787][INFO]: Removed 1 recipes registered in these 1 recipe managers: [<recipetype:minecraft:crafting>: 1]
[03:33:33.787][INFO]: Removing all recipes that output <item:apocalypsenow:mossbrickslab>
[03:33:33.788][INFO]: Removed 1 recipes registered in these 1 recipe managers: [<recipetype:minecraft:crafting>: 1]
[03:33:33.788][INFO]: Removing all recipes that output <item:apocalypsenow:mossbrickwall>
[03:33:33.789][INFO]: Removed 1 recipes registered in these 1 recipe managers: [<recipetype:minecraft:crafting>: 1]
[03:33:33.789][INFO]: Removing all recipes that output <item:apocalypsenow:cross>
[03:33:33.790][INFO]: Removed 1 recipes registered in these 1 recipe managers: [<recipetype:minecraft:crafting>: 1]
[03:33:33.790][INFO]: Removing all recipes that output <item:apocalypsenow:gravestone>
[03:33:33.792][INFO]: Removed 1 recipes registered in these 1 recipe managers: [<recipetype:minecraft:stonecutting>: 1]
[03:33:33.792][INFO]: Removing all recipes that output <item:apocalypsenow:rockpile>
[03:33:33.793][INFO]: Removed 1 recipes registered in these 1 recipe managers: [<recipetype:minecraft:crafting>: 1]
[03:33:33.793][INFO]: Removing all recipes that output <item:apocalypsenow:leaves_trap>
[03:33:33.794][INFO]: Removed 1 recipes registered in these 1 recipe managers: [<recipetype:minecraft:crafting>: 1]
[03:33:33.795][INFO]: Removing all recipes that output <item:apocalypsenow:barbed_wire>
[03:33:33.796][INFO]: Removed 1 recipes registered in these 1 recipe managers: [<recipetype:minecraft:crafting>: 1]
[03:33:33.796][INFO]: Removing all recipes that output <item:apocalypsenow:spikeswall>
[03:33:33.797][INFO]: Removed 1 recipes registered in these 1 recipe managers: [<recipetype:minecraft:crafting>: 1]
[03:33:33.797][INFO]: Removing all recipes that output <item:apocalypsenow:spike_barrier>
[03:33:33.798][INFO]: Removed 1 recipes registered in these 1 recipe managers: [<recipetype:minecraft:crafting>: 1]
[03:33:33.798][INFO]: Removing all recipes that output <item:apocalypsenow:glass_spikes>
[03:33:33.799][INFO]: Removed 1 recipes registered in these 1 recipe managers: [<recipetype:minecraft:crafting>: 1]
[03:33:33.799][INFO]: Removing all recipes that output <item:apocalypsenow:spikes>
[03:33:33.800][INFO]: Removed 1 recipes registered in these 1 recipe managers: [<recipetype:minecraft:crafting>: 1]
[03:33:33.800][INFO]: Removing all recipes that output <item:apocalypsenow:tripwire_bomb>
[03:33:33.801][INFO]: Removed 1 recipes registered in these 1 recipe managers: [<recipetype:minecraft:crafting>: 1]
[03:33:33.801][INFO]: Removing all recipes that output <item:apocalypsenow:cream_cracker>
[03:33:33.803][INFO]: Removed 0 recipes registered in these 0 recipe managers: []
[03:33:33.803][INFO]: Removing all recipes that output <item:apocalypsenow:pile_of_tires>
[03:33:33.804][INFO]: Removed 1 recipes registered in these 1 recipe managers: [<recipetype:minecraft:crafting>: 1]
[03:33:33.804][INFO]: Removing all recipes that output <item:apocalypsenow:electric_door>
[03:33:33.805][INFO]: Removed 1 recipes registered in these 1 recipe managers: [<recipetype:minecraft:crafting>: 1]
[03:33:33.805][INFO]: Removing all recipes that output <item:apocalypsenow:iron_grid_door>
[03:33:33.807][INFO]: Removed 1 recipes registered in these 1 recipe managers: [<recipetype:minecraft:crafting>: 1]
[03:33:33.807][INFO]: Removing all recipes that output <item:apocalypsenow:nutrition_bar>
[03:33:33.808][INFO]: Removed 0 recipes registered in these 0 recipe managers: []
[03:33:33.808][INFO]: Removing all recipes that output <item:apocalypsenow:explosive_barrel>
[03:33:33.809][INFO]: Removed 1 recipes registered in these 1 recipe managers: [<recipetype:minecraft:crafting>: 1]
[03:33:33.809][INFO]: Removing all recipes that output <item:apocalypsenow:screwdriver>
[03:33:33.810][INFO]: Removed 1 recipes registered in these 1 recipe managers: [<recipetype:minecraft:crafting>: 1]
[03:33:33.810][INFO]: Removing all recipes that output <item:apocalypsenow:pan>
[03:33:33.811][INFO]: Removed 1 recipes registered in these 1 recipe managers: [<recipetype:minecraft:crafting>: 1]
[03:33:33.811][INFO]: Removing all recipes that output <item:apocalypsenow:catana>
[03:33:33.812][INFO]: Removed 1 recipes registered in these 1 recipe managers: [<recipetype:minecraft:crafting>: 1]
[03:33:33.813][INFO]: Removing all recipes that output <item:apocalypsenow:kanabo>
[03:33:33.814][INFO]: Removed 1 recipes registered in these 1 recipe managers: [<recipetype:minecraft:crafting>: 1]
[03:33:33.814][INFO]: Removing all recipes that output <item:apocalypsenow:camping_knife>
[03:33:33.815][INFO]: Removed 1 recipes registered in these 1 recipe managers: [<recipetype:minecraft:crafting>: 1]
[03:33:33.815][INFO]: Removing all recipes that output <item:apocalypsenow:camping_machete>
[03:33:33.816][INFO]: Removed 1 recipes registered in these 1 recipe managers: [<recipetype:minecraft:crafting>: 1]
[03:33:33.816][INFO]: Removing all recipes that output <item:apocalypsenow:icepick>
[03:33:33.817][INFO]: Removed 1 recipes registered in these 1 recipe managers: [<recipetype:minecraft:crafting>: 1]
[03:33:33.817][INFO]: Removing all recipes that output <item:apocalypsenow:gardening_saw>
[03:33:33.818][INFO]: Removed 1 recipes registered in these 1 recipe managers: [<recipetype:minecraft:crafting>: 1]
[03:33:33.818][INFO]: Removing all recipes that output <item:apocalypsenow:black_cleaver>
[03:33:33.819][INFO]: Removed 1 recipes registered in these 1 recipe managers: [<recipetype:minecraft:crafting>: 1]
[03:33:33.819][INFO]: Removing all recipes that output <item:apocalypsenow:cutter_knife>
[03:33:33.820][INFO]: Removed 1 recipes registered in these 1 recipe managers: [<recipetype:minecraft:crafting>: 1]
[03:33:33.820][INFO]: Removing all recipes that output <item:apocalypsenow:survival_knife>
[03:33:33.821][INFO]: Removed 1 recipes registered in these 1 recipe managers: [<recipetype:minecraft:crafting>: 1]
[03:33:33.821][INFO]: Removing all recipes that output <item:apocalypsenow:chefs_knife>
[03:33:33.822][INFO]: Removed 1 recipes registered in these 1 recipe managers: [<recipetype:minecraft:crafting>: 1]
[03:33:33.822][INFO]: Removing all recipes that output <item:apocalypsenow:razor>
[03:33:33.823][INFO]: Removed 1 recipes registered in these 1 recipe managers: [<recipetype:minecraft:crafting>: 1]
[03:33:33.824][INFO]: Removing all recipes that output <item:apocalypsenow:taiga_1_survival_machete>
[03:33:33.825][INFO]: Removed 1 recipes registered in these 1 recipe managers: [<recipetype:minecraft:crafting>: 1]
[03:33:33.825][INFO]: Removing all recipes that output <item:apocalypsenow:combat_survival_knife>
[03:33:33.826][INFO]: Removed 1 recipes registered in these 1 recipe managers: [<recipetype:minecraft:crafting>: 1]
[03:33:33.826][INFO]: Removing all recipes that output <item:apocalypsenow:stun_baton>
[03:33:33.827][INFO]: Removed 1 recipes registered in these 1 recipe managers: [<recipetype:minecraft:crafting>: 1]
[03:33:33.827][INFO]: Removing all recipes that output <item:apocalypsenow:comically_large_spoon>
[03:33:33.828][INFO]: Removed 0 recipes registered in these 0 recipe managers: []
[03:33:33.828][INFO]: Removing all recipes that output <item:apocalypsenow:spikefence>
[03:33:33.829][INFO]: Removed 1 recipes registered in these 1 recipe managers: [<recipetype:minecraft:crafting>: 1]
[03:33:33.829][INFO]: Removing all recipes that output <item:apocalypsenow:medical_box>
[03:33:33.830][INFO]: Removed 1 recipes registered in these 1 recipe managers: [<recipetype:minecraft:crafting>: 1]
[03:33:33.830][INFO]: Removing all recipes that output <item:apocalypsenow:broken_tv>
[03:33:33.831][INFO]: Removed 1 recipes registered in these 1 recipe managers: [<recipetype:minecraft:crafting>: 1]
[03:33:33.831][INFO]: Removing all recipes that output <item:apocalypsenow:broken_plasma_tv>
[03:33:33.832][INFO]: Removed 1 recipes registered in these 1 recipe managers: [<recipetype:minecraft:crafting>: 1]
[03:33:33.832][INFO]: Removing all recipes that output <item:apocalypsenow:brokenpremiunradio>
[03:33:33.833][INFO]: Removed 1 recipes registered in these 1 recipe managers: [<recipetype:minecraft:crafting>: 1]
[03:33:33.834][INFO]: Removing all recipes that output <item:apocalypsenow:brokenoldradio>
[03:33:33.835][INFO]: Removed 1 recipes registered in these 1 recipe managers: [<recipetype:minecraft:crafting>: 1]
[03:33:33.835][INFO]: Removing all recipes that output <item:apocalypsenow:umbrella>
[03:33:33.836][INFO]: Removed 1 recipes registered in these 1 recipe managers: [<recipetype:minecraft:crafting>: 1]
[03:33:33.836][INFO]: Removing all recipes that output <item:apocalypsenow:mangrove_planks_stash>
[03:33:33.837][INFO]: Removed 1 recipes registered in these 1 recipe managers: [<recipetype:minecraft:crafting>: 1]
[03:33:33.837][INFO]: Removing all recipes that output <item:apocalypsenow:cherry_planks_stash>
[03:33:33.838][INFO]: Removed 1 recipes registered in these 1 recipe managers: [<recipetype:minecraft:crafting>: 1]
[03:33:33.838][INFO]: Removing all recipes that output <item:apocalypsenow:rain_collector>
[03:33:33.839][INFO]: Removed 1 recipes registered in these 1 recipe managers: [<recipetype:minecraft:crafting>: 1]
[03:33:33.839][INFO]: Removing all recipes that output <item:apocalypsenow:stampler>
[03:33:33.840][INFO]: Removed 0 recipes registered in these 0 recipe managers: []
[03:33:33.840][INFO]: Removing all recipes that output <item:apocalypsenow:spruce_crate>
[03:33:33.841][INFO]: Removed 0 recipes registered in these 0 recipe managers: []
[03:33:33.842][INFO]: Removing all recipes that output <item:apocalypsenow:birch_crate>
[03:33:33.842][INFO]: Removed 1 recipes registered in these 1 recipe managers: [<recipetype:minecraft:crafting>: 1]
[03:33:33.843][INFO]: Removing all recipes that output <item:apocalypsenow:jungle_crate>
[03:33:33.844][INFO]: Removed 1 recipes registered in these 1 recipe managers: [<recipetype:minecraft:crafting>: 1]
[03:33:33.844][INFO]: Removing all recipes that output <item:apocalypsenow:acacia_crate>
[03:33:33.845][INFO]: Removed 1 recipes registered in these 1 recipe managers: [<recipetype:minecraft:crafting>: 1]
[03:33:33.845][INFO]: Removing all recipes that output <item:apocalypsenow:dark_crate>
[03:33:33.846][INFO]: Removed 1 recipes registered in these 1 recipe managers: [<recipetype:minecraft:crafting>: 1]
[03:33:33.846][INFO]: Removing all recipes that output <item:apocalypsenow:mangrove_crate>
[03:33:33.847][INFO]: Removed 1 recipes registered in these 1 recipe managers: [<recipetype:minecraft:crafting>: 1]
[03:33:33.847][INFO]: Removing all recipes that output <item:apocalypsenow:cherry_crate>
[03:33:33.848][INFO]: Removed 1 recipes registered in these 1 recipe managers: [<recipetype:minecraft:crafting>: 1]
[03:33:33.848][INFO]: Removing all recipes that output <item:apocalypsenow:modern_tomahawk>
[03:33:33.849][INFO]: Removed 0 recipes registered in these 0 recipe managers: []
[03:33:33.849][INFO]: Removing all recipes that output <item:apocalypsenow:makeshiftfishingrod>
[03:33:33.850][INFO]: Removed 1 recipes registered in these 1 recipe managers: [<recipetype:minecraft:crafting>: 1]
[03:33:33.850][INFO]: Removing all recipes that output <item:apocalypsenow:rain_collector_full>
[03:33:33.852][INFO]: Removed 0 recipes registered in these 0 recipe managers: []
[03:33:33.852][INFO]: Removing all recipes that output <item:apocalypsenow:thincan>
[03:33:33.853][INFO]: Removed 1 recipes registered in these 1 recipe managers: [<recipetype:minecraft:crafting>: 1]
[03:33:33.853][INFO]: Removing all recipes that output <item:apocalypsenow:blackhockeymask_helmet>
[03:33:33.854][INFO]: Removed 1 recipes registered in these 1 recipe managers: [<recipetype:minecraft:crafting>: 1]
[03:33:33.854][INFO]: Removing all recipes that output <item:apocalypsenow:ballistic_mask_helmet>
[03:33:33.855][INFO]: Removed 1 recipes registered in these 1 recipe managers: [<recipetype:minecraft:crafting>: 1]
[03:33:33.855][INFO]: Removing all recipes that output <item:apocalypsenow:energy_drink>
[03:33:33.856][INFO]: Removed 0 recipes registered in these 0 recipe managers: []
[03:33:33.856][INFO]: Removing all recipes that output <item:apocalypsenow:tank_helmet>
[03:33:33.857][INFO]: Removed 1 recipes registered in these 1 recipe managers: [<recipetype:minecraft:crafting>: 1]
[03:33:33.857][INFO]: Removing all recipes that output <item:apocalypsenow:desertcamo_6b_chestplate>
[03:33:33.859][INFO]: Removed 1 recipes registered in these 1 recipe managers: [<recipetype:minecraft:crafting>: 1]
[03:33:33.859][INFO]: Removing all recipes that output <item:apocalypsenow:advanced_hazmat_suit_helmet>
[03:33:33.860][INFO]: Removed 1 recipes registered in these 1 recipe managers: [<recipetype:minecraft:crafting>: 1]
[03:33:33.860][INFO]: Removing all recipes that output <item:apocalypsenow:advanced_hazmat_suit_chestplate>
[03:33:33.861][INFO]: Removed 1 recipes registered in these 1 recipe managers: [<recipetype:minecraft:crafting>: 1]
[03:33:33.862][INFO]: Removing all recipes that output <item:apocalypsenow:advanced_hazmat_suit_leggings>
[03:33:33.863][INFO]: Removed 1 recipes registered in these 1 recipe managers: [<recipetype:minecraft:crafting>: 1]
[03:33:33.863][INFO]: Removing all recipes that output <item:apocalypsenow:advanced_hazmat_suit_boots>
[03:33:33.864][INFO]: Removed 1 recipes registered in these 1 recipe managers: [<recipetype:minecraft:crafting>: 1]
[03:33:33.864][INFO]: Removing all recipes that output <item:apocalypsenow:rou_respirator_helmet>
[03:33:33.865][INFO]: Removed 1 recipes registered in these 1 recipe managers: [<recipetype:minecraft:crafting>: 1]
[03:33:33.865][INFO]: Removing all recipes that output <item:apocalypsenow:soviet_ushanka_helmet>
[03:33:33.866][INFO]: Removed 1 recipes registered in these 1 recipe managers: [<recipetype:minecraft:crafting>: 1]
[03:33:33.866][INFO]: Removing all recipes that output <item:apocalypsenow:mcu2p_gasmask_helmet>
[03:33:33.867][INFO]: Removed 1 recipes registered in these 1 recipe managers: [<recipetype:minecraft:crafting>: 1]
[03:33:33.867][INFO]: Removing all recipes that output <item:apocalypsenow:officer_chestplate>
[03:33:33.869][INFO]: Removed 2 recipes registered in these 1 recipe managers: [<recipetype:minecraft:crafting>: 2]
[03:33:33.869][INFO]: Removing all recipes that output <item:apocalypsenow:bass>
[03:33:33.870][INFO]: Removed 1 recipes registered in these 1 recipe managers: [<recipetype:minecraft:crafting>: 1]
[03:33:33.870][INFO]: Removing all recipes that output <item:apocalypsenow:guitar>
[03:33:33.871][INFO]: Removed 1 recipes registered in these 1 recipe managers: [<recipetype:minecraft:crafting>: 1]
[03:33:33.871][INFO]: Removing all recipes that output <item:apocalypsenow:jet_pilot_helmet>
[03:33:33.872][INFO]: Removed 1 recipes registered in these 1 recipe managers: [<recipetype:minecraft:crafting>: 1]
[03:33:33.872][INFO]: Removing all recipes that output <item:apocalypsenow:jet_pilot_chestplate>
[03:33:33.873][INFO]: Removed 1 recipes registered in these 1 recipe managers: [<recipetype:minecraft:crafting>: 1]
[03:33:33.874][INFO]: Removing all recipes that output <item:apocalypsenow:jet_pilot_leggings>
[03:33:33.875][INFO]: Removed 1 recipes registered in these 1 recipe managers: [<recipetype:minecraft:crafting>: 1]
[03:33:33.875][INFO]: Removing all recipes that output <item:apocalypsenow:jet_pilot_boots>
[03:33:33.876][INFO]: Removed 1 recipes registered in these 1 recipe managers: [<recipetype:minecraft:crafting>: 1]
[03:33:33.876][INFO]: Removing all recipes that output <item:apocalypsenow:fire_module_katana>
[03:33:33.877][INFO]: Removed 1 recipes registered in these 1 recipe managers: [<recipetype:minecraft:crafting>: 1]
[03:33:33.877][INFO]: Removing all recipes that output <item:apocalypsenow:sixsh_116_chestplate>
[03:33:33.878][INFO]: Removed 1 recipes registered in these 1 recipe managers: [<recipetype:minecraft:crafting>: 1]
[03:33:33.878][INFO]: Removing all recipes that output <item:apocalypsenow:bvd_assault_vest_chestplate>
[03:33:33.879][INFO]: Removed 1 recipes registered in these 1 recipe managers: [<recipetype:minecraft:crafting>: 1]
[03:33:33.879][INFO]: Removing all recipes that output <item:apocalypsenow:specialoperationsvest_chestplate>
[03:33:33.880][INFO]: Removed 1 recipes registered in these 1 recipe managers: [<recipetype:minecraft:crafting>: 1]
[03:33:33.880][INFO]: Removing all recipes that output <item:apocalypsenow:tactical_saber>
[03:33:33.881][INFO]: Removed 1 recipes registered in these 1 recipe managers: [<recipetype:minecraft:crafting>: 1]
[03:33:33.881][INFO]: Removing all recipes that output <item:apocalypsenow:gentex_hgu_56_p_helmet>
[03:33:33.882][INFO]: Removed 1 recipes registered in these 1 recipe managers: [<recipetype:minecraft:crafting>: 1]
[03:33:33.882][INFO]: Removing all recipes that output <item:apocalypsenow:club_with_saw>
[03:33:33.883][INFO]: Removed 1 recipes registered in these 1 recipe managers: [<recipetype:minecraft:crafting>: 1]
[03:33:33.883][INFO]: Removing all recipes that output <item:apocalypsenow:tomahawk>
[03:33:33.884][INFO]: Removed 2 recipes registered in these 1 recipe managers: [<recipetype:minecraft:crafting>: 2]
[03:33:33.884][INFO]: Removing all recipes that output <item:apocalypsenow:throwingaxe>
[03:33:33.885][INFO]: Removed 2 recipes registered in these 1 recipe managers: [<recipetype:minecraft:crafting>: 2]
[03:33:33.885][INFO]: Removing all recipes that output <item:apocalypsenow:deer_horn_knife>
[03:33:33.886][INFO]: Removed 1 recipes registered in these 1 recipe managers: [<recipetype:minecraft:crafting>: 1]
[03:33:33.886][INFO]: Removing all recipes that output <item:apocalypsenow:claws>
[03:33:33.887][INFO]: Removed 1 recipes registered in these 1 recipe managers: [<recipetype:minecraft:crafting>: 1]
[03:33:33.887][INFO]: Removing all recipes that output <item:apocalypsenow:hammer_axe>
[03:33:33.888][INFO]: Removed 0 recipes registered in these 0 recipe managers: []
[03:33:33.888][INFO]: Removing all recipes that output <item:apocalypsenow:nailed_table_leg>
[03:33:33.889][INFO]: Removed 1 recipes registered in these 1 recipe managers: [<recipetype:minecraft:crafting>: 1]
[03:33:33.889][INFO]: Removing all recipes that output <item:apocalypsenow:patriotmotorcyclehelmet_helmet>
[03:33:33.890][INFO]: Removed 1 recipes registered in these 1 recipe managers: [<recipetype:minecraft:crafting>: 1]
[03:33:33.890][INFO]: Removing all recipes that output <item:apocalypsenow:large_soda>
[03:33:33.891][INFO]: Removed 0 recipes registered in these 0 recipe managers: []
[03:33:33.892][INFO]: Removing all recipes that output <item:apocalypsenow:climbingropewithhook>
[03:33:33.893][INFO]: Removed 1 recipes registered in these 1 recipe managers: [<recipetype:minecraft:crafting>: 1]
[03:33:33.893][INFO]: Removing all recipes that output <item:apocalypsenow:climbing_rope>
[03:33:33.894][INFO]: Removed 1 recipes registered in these 1 recipe managers: [<recipetype:minecraft:crafting>: 1]
[03:33:33.894][INFO]: Removing all recipes that output <item:apocalypsenow:smartphone>
[03:33:33.895][INFO]: Removed 0 recipes registered in these 0 recipe managers: []
[03:33:33.895][INFO]: Removing all recipes that output <item:apocalypsenow:nailed_club>
[03:33:33.896][INFO]: Removed 1 recipes registered in these 1 recipe managers: [<recipetype:minecraft:crafting>: 1]
[03:33:33.896][INFO]: Removing all recipes that output <item:apocalypsenow:jagdkommando_knife>
[03:33:33.897][INFO]: Removed 1 recipes registered in these 1 recipe managers: [<recipetype:minecraft:crafting>: 1]
[03:33:33.897][INFO]: Removing all recipes that output <item:apocalypsenow:hanger>
[03:33:33.898][INFO]: Removed 1 recipes registered in these 1 recipe managers: [<recipetype:minecraft:crafting>: 1]
[03:33:33.898][INFO]: Removing all recipes that output <item:apocalypsenow:key_wrench>
[03:33:33.899][INFO]: Removed 1 recipes registered in these 1 recipe managers: [<recipetype:minecraft:crafting>: 1]
[03:33:33.899][INFO]: Removing all recipes that output <item:apocalypsenow:trashbag>
[03:33:33.900][INFO]: Removed 0 recipes registered in these 0 recipe managers: []
[03:33:33.900][INFO]: Removing all recipes that output <item:apocalypsenow:trashbagblueplastic>
[03:33:33.901][INFO]: Removed 0 recipes registered in these 0 recipe managers: []
[03:33:33.901][INFO]: Removing all recipes that output <item:apocalypsenow:trashblue>
[03:33:33.902][INFO]: Removed 1 recipes registered in these 1 recipe managers: [<recipetype:minecraft:crafting>: 1]
[03:33:33.902][INFO]: Removing all recipes that output <item:apocalypsenow:papertrash>
[03:33:33.903][INFO]: Removed 1 recipes registered in these 1 recipe managers: [<recipetype:minecraft:crafting>: 1]
[03:33:33.903][INFO]: Removing all recipes that output <item:apocalypsenow:trash_bin>
[03:33:33.904][INFO]: Removed 2 recipes registered in these 1 recipe managers: [<recipetype:minecraft:crafting>: 2]
[03:33:33.904][INFO]: Removing all recipes that output <item:apocalypsenow:trashcann>
[03:33:33.905][INFO]: Removed 0 recipes registered in these 0 recipe managers: []
[03:33:33.905][INFO]: Removing all recipes that output <item:apocalypsenow:trashcan_1>
[03:33:33.906][INFO]: Removed 2 recipes registered in these 1 recipe managers: [<recipetype:minecraft:crafting>: 2]
[03:33:33.906][INFO]: Removing all recipes that output <item:apocalypsenow:brush_axe>
[03:33:33.907][INFO]: Removed 1 recipes registered in these 1 recipe managers: [<recipetype:minecraft:crafting>: 1]
[03:33:33.907][INFO]: Removing all recipes that output <item:apocalypsenow:vintage_brush_axe>
[03:33:33.908][INFO]: Removed 1 recipes registered in these 1 recipe managers: [<recipetype:minecraft:crafting>: 1]
[03:33:33.908][INFO]: Removing all recipes that output <item:apocalypsenow:mace_can>
[03:33:33.909][INFO]: Removed 1 recipes registered in these 1 recipe managers: [<recipetype:minecraft:crafting>: 1]
[03:33:33.909][INFO]: Removing all recipes that output <item:apocalypsenow:iron_club>
[03:33:33.910][INFO]: Removed 1 recipes registered in these 1 recipe managers: [<recipetype:minecraft:crafting>: 1]
[03:33:33.910][INFO]: Removing all recipes that output <item:apocalypsenow:modern_glaive>
[03:33:33.911][INFO]: Removed 1 recipes registered in these 1 recipe managers: [<recipetype:minecraft:crafting>: 1]
[03:33:33.911][INFO]: Removing all recipes that output <item:apocalypsenow:timahawk>
[03:33:33.912][INFO]: Removed 1 recipes registered in these 1 recipe managers: [<recipetype:minecraft:crafting>: 1]
[03:33:33.912][INFO]: Removing all recipes that output <item:apocalypsenow:pointed_cleaver>
[03:33:33.914][INFO]: Removed 1 recipes registered in these 1 recipe managers: [<recipetype:minecraft:crafting>: 1]
[03:33:33.914][INFO]: Removing all recipes that output <item:apocalypsenow:cricket_bat>
[03:33:33.915][INFO]: Removed 1 recipes registered in these 1 recipe managers: [<recipetype:minecraft:crafting>: 1]
[03:33:33.915][INFO]: Removing all recipes that output <item:apocalypsenow:nailed_cricket_bat>
[03:33:33.916][INFO]: Removed 1 recipes registered in these 1 recipe managers: [<recipetype:minecraft:crafting>: 1]
[03:33:33.916][INFO]: Removing all recipes that output <item:apocalypsenow:fishermans_knife>
[03:33:33.917][INFO]: Removed 1 recipes registered in these 1 recipe managers: [<recipetype:minecraft:crafting>: 1]
[03:33:33.917][INFO]: Removing all recipes that output <item:apocalypsenow:piolet>
[03:33:33.918][INFO]: Removed 1 recipes registered in these 1 recipe managers: [<recipetype:minecraft:crafting>: 1]
[03:33:33.918][INFO]: Removing all recipes that output <item:apocalypsenow:bushcraft_axe>
[03:33:33.919][INFO]: Removed 1 recipes registered in these 1 recipe managers: [<recipetype:minecraft:crafting>: 1]
[03:33:33.919][INFO]: Removing all recipes that output <item:apocalypsenow:bushcraft_knife>
[03:33:33.920][INFO]: Removed 1 recipes registered in these 1 recipe managers: [<recipetype:minecraft:crafting>: 1]
[03:33:33.920][INFO]: Removing all recipes that output <item:apocalypsenow:bushcraft_machete>
[03:33:33.921][INFO]: Removed 1 recipes registered in these 1 recipe managers: [<recipetype:minecraft:crafting>: 1]
[03:33:33.921][INFO]: Removing all recipes that output <item:apocalypsenow:fork>
[03:33:33.922][INFO]: Removed 1 recipes registered in these 1 recipe managers: [<recipetype:minecraft:crafting>: 1]
[03:33:33.923][INFO]: Removing all recipes that output <item:apocalypsenow:knife_utensils>
[03:33:33.923][INFO]: Removed 1 recipes registered in these 1 recipe managers: [<recipetype:minecraft:crafting>: 1]
[03:33:33.924][INFO]: Removing all recipes that output <item:apocalypsenow:spoon>
[03:33:33.925][INFO]: Removed 1 recipes registered in these 1 recipe managers: [<recipetype:minecraft:crafting>: 1]
[03:33:33.925][INFO]: Removing all recipes that output <item:apocalypsenow:survival_shovel>
[03:33:33.926][INFO]: Removed 1 recipes registered in these 1 recipe managers: [<recipetype:minecraft:crafting>: 1]
[03:33:33.926][INFO]: Removing all recipes that output <item:apocalypsenow:meat_cleaver>
[03:33:33.927][INFO]: Removed 1 recipes registered in these 1 recipe managers: [<recipetype:minecraft:crafting>: 1]
[03:33:33.927][INFO]: Removing all recipes that output <item:apocalypsenow:tire_iron>
[03:33:33.928][INFO]: Removed 1 recipes registered in these 1 recipe managers: [<recipetype:minecraft:crafting>: 1]
[03:33:33.928][INFO]: Removing all recipes that output <item:apocalypsenow:four_way_iron_tire>
[03:33:33.929][INFO]: Removed 1 recipes registered in these 1 recipe managers: [<recipetype:minecraft:crafting>: 1]
[03:33:33.929][INFO]: Removing all recipes that output <item:apocalypsenow:bamboo_sickle>
[03:33:33.930][INFO]: Removed 1 recipes registered in these 1 recipe managers: [<recipetype:minecraft:crafting>: 1]
[03:33:33.930][INFO]: Removing all recipes that output <item:apocalypsenow:iron_pipe>
[03:33:33.931][INFO]: Removed 1 recipes registered in these 1 recipe managers: [<recipetype:minecraft:crafting>: 1]
[03:33:33.931][INFO]: Removing all recipes that output <item:apocalypsenow:harpoon>
[03:33:33.933][INFO]: Removed 1 recipes registered in these 1 recipe managers: [<recipetype:minecraft:crafting>: 1]
[03:33:33.933][INFO]: Removing all recipes that output <item:apocalypsenow:light_weitgh_machete>
[03:33:33.934][INFO]: Removed 1 recipes registered in these 1 recipe managers: [<recipetype:minecraft:crafting>: 1]
[03:33:33.934][INFO]: Removing all recipes that output <item:apocalypsenow:mo4_gas_mask_helmet>
[03:33:33.935][INFO]: Removed 1 recipes registered in these 1 recipe managers: [<recipetype:minecraft:crafting>: 1]
[03:33:33.935][INFO]: Removing all recipes that output <item:apocalypsenow:mo4_forest_camo_helmet>
[03:33:33.937][INFO]: Removed 1 recipes registered in these 1 recipe managers: [<recipetype:minecraft:crafting>: 1]
[03:33:33.937][INFO]: Removing all recipes that output <item:apocalypsenow:mo4_mud_camo_helmet>
[03:33:33.938][INFO]: Removed 1 recipes registered in these 1 recipe managers: [<recipetype:minecraft:crafting>: 1]
[03:33:33.939][INFO]: Removing all recipes that output <item:apocalypsenow:sweetcane>
[03:33:33.940][INFO]: Removed 1 recipes registered in these 1 recipe managers: [<recipetype:minecraft:crafting>: 1]
[03:33:33.940][INFO]: Removing all recipes that output <item:apocalypsenow:bullet_belt_chestplate>
[03:33:33.942][INFO]: Removed 0 recipes registered in these 0 recipe managers: []
[03:33:33.943][INFO]: Removing 'crafting' recipes with output: 'com.blamejared.crafttweaker.api.item.MCItemStack@c6592936'
[03:33:33.945][INFO]: Removing 'crafting' recipes with output: 'com.blamejared.crafttweaker.api.item.MCItemStack@fec5c78e'
[03:33:33.946][INFO]: Removing 'crafting' recipes with output: 'com.blamejared.crafttweaker.api.item.MCItemStack@d11ccc5b'
[03:33:33.946][INFO]: Removing 'crafting' recipes with output: 'com.blamejared.crafttweaker.api.item.MCItemStack@1e4d0919'
[03:33:33.947][INFO]: Removing 'crafting' recipes with output: 'com.blamejared.crafttweaker.api.item.MCItemStack@5155ec5b'
[03:33:33.948][INFO]: Removing 'crafting' recipes with output: 'com.blamejared.crafttweaker.api.item.MCItemStack@e47ed161'
[03:33:33.948][INFO]: Removing 'crafting' recipes with output: 'com.blamejared.crafttweaker.api.item.MCItemStack@f5a67e89'
[03:33:33.949][INFO]: Removing 'crafting' recipes with output: 'com.blamejared.crafttweaker.api.item.MCItemStack@86c3eb6b'
[03:33:33.950][INFO]: Removing 'crafting' recipes with output: 'com.blamejared.crafttweaker.api.item.MCItemStack@e968a9ed'
[03:33:33.950][INFO]: Removing 'crafting' recipes with output: 'com.blamejared.crafttweaker.api.item.MCItemStack@ef70584c'
[03:33:33.951][INFO]: Removing 'crafting' recipes with output: 'com.blamejared.crafttweaker.api.item.MCItemStack@e552a509'
[03:33:33.952][INFO]: Removing 'crafting' recipes with output: 'com.blamejared.crafttweaker.api.item.MCItemStack@a8ce4b69'
[03:33:33.954][INFO]: Removing: [car:bio_diesel] from tag: <tag:fluids:minecraft:water>
[03:33:33.954][INFO]: Removing: [car:bio_diesel_flowing] from tag: <tag:fluids:minecraft:water>
[03:33:33.954][INFO]: Removing: [car:canola_oil] from tag: <tag:fluids:minecraft:water>
[03:33:33.954][INFO]: Removing: [car:canola_oil_flowing] from tag: <tag:fluids:minecraft:water>
[03:33:33.954][INFO]: Removing: [car:glycerin] from tag: <tag:fluids:minecraft:water>
[03:33:33.954][INFO]: Removing: [car:glycerin_flowing] from tag: <tag:fluids:minecraft:water>
[03:33:33.954][INFO]: Removing: [car:methanol] from tag: <tag:fluids:minecraft:water>
[03:33:33.954][INFO]: Removing: [car:methanol_flowing] from tag: <tag:fluids:minecraft:water>
[03:33:33.954][INFO]: Removing: [car:canola_methanol_mix] from tag: <tag:fluids:minecraft:water>
[03:33:33.954][INFO]: Removing: [car:canola_methanol_mix_flowing] from tag: <tag:fluids:minecraft:water>
[03:33:33.954][INFO]: Removing 'minecraft:crafting' recipe(s) with name(s): '[car:iron_stick]'
[03:33:33.954][INFO]: Removing 'minecraft:crafting' recipe(s) with name(s): '[car:oilmill]'
[03:33:33.954][INFO]: Removing 'minecraft:crafting' recipe(s) with name(s): '[car:blastfurnace]'
[03:33:33.954][INFO]: Removing 'minecraft:crafting' recipe(s) with name(s): '[car:backmix_reactor]'
[03:33:33.954][INFO]: Removing 'minecraft:crafting' recipe(s) with name(s): '[car:generator]'
[03:33:33.954][INFO]: Removing 'minecraft:crafting' recipe(s) with name(s): '[car:split_tank]'
[03:33:33.954][INFO]: Removing 'minecraft:crafting' recipe(s) with name(s): '[car:tank]'
[03:33:33.954][INFO]: Removing 'minecraft:crafting' recipe(s) with name(s): '[car:cable]'
[03:33:33.954][INFO]: Removing 'minecraft:crafting' recipe(s) with name(s): '[car:fluid_extractor]'
[03:33:33.954][INFO]: Removing 'minecraft:crafting' recipe(s) with name(s): '[car:fluid_pipe]'
[03:33:33.954][INFO]: Removing 'minecraft:crafting' recipe(s) with name(s): '[car:dynamo]'
[03:33:33.954][INFO]: Removing 'minecraft:crafting' recipe(s) with name(s): '[car:crank]'
[03:33:33.955][INFO]: Removing 'minecraft:crafting' recipe(s) with name(s): '[car:cable_insulator]'
[03:33:33.955][INFO]: Removing 'minecraft:crafting' recipe(s) with name(s): '[car:car_pressure_plate]'
[03:33:33.955][INFO]: Removing 'minecraft:crafting' recipe(s) with name(s): '[car:asphalt_slab]'
[03:33:33.955][INFO]: Removing 'minecraft:crafting' recipe(s) with name(s): '[car:asphalt_slope]'
[03:33:33.955][INFO]: Removing 'minecraft:crafting' recipe(s) with name(s): '[car:asphalt_slope_flat_upper]'
[03:33:33.955][INFO]: Removing 'minecraft:crafting' recipe(s) with name(s): '[car:asphalt_slope_flat_lower]'
[03:33:33.957][INFO]: Removing "cgm:workbench" recipes with modid: "cgm"
[03:33:33.957][INFO]: Removing "minecraft:crafting" recipes with modid: "cgm"
[03:33:33.959][INFO]: Removing 'minecraft:crafting' recipe(s) with name(s): '[create_sa:experience_pickaxe_recipe]'
[03:33:33.959][INFO]: Removing 'minecraft:crafting' recipe(s) with name(s): '[create_sa:experience_shovel_recipe]'
[03:33:33.959][INFO]: Removing 'minecraft:crafting' recipe(s) with name(s): '[create_sa:experience_axe_recipe]'
[03:33:33.959][INFO]: Removing 'minecraft:crafting' recipe(s) with name(s): '[create_sa:experience_sword_recipe]'
[03:33:33.959][INFO]: Removing 'crafting' recipes with output: 'com.blamejared.crafttweaker.api.item.MCItemStack@3ad70f09'
[03:33:33.961][INFO]: Removing 'crafting' recipes with output: 'com.blamejared.crafttweaker.api.item.MCItemStack@f80c579a'
[03:33:33.963][INFO]: Removing 'crafting' recipes with output: 'com.blamejared.crafttweaker.api.item.MCItemStack@5be8fd58'
[03:33:33.964][INFO]: Removing 'crafting' recipes with output: 'com.blamejared.crafttweaker.api.item.MCItemStack@7b599d88'
[03:33:33.965][INFO]: Removing 'crafting' recipes with output: 'com.blamejared.crafttweaker.api.item.MCItemStack@ffeff094'
[03:33:33.966][INFO]: Removing 'crafting' recipes with output: 'com.blamejared.crafttweaker.api.item.MCItemStack@ec3c4b1'
[03:33:33.967][INFO]: Removing 'crafting' recipes with output: 'com.blamejared.crafttweaker.api.item.MCItemStack@2e6270ec'
[03:33:33.968][INFO]: Removing 'crafting' recipes with output: 'com.blamejared.crafttweaker.api.item.MCItemStack@af6febfc'
[03:33:33.969][INFO]: Removing 'crafting' recipes with output: 'com.blamejared.crafttweaker.api.item.MCItemStack@962136a3'
[03:33:33.970][INFO]: Removing 'crafting' recipes with output: 'com.blamejared.crafttweaker.api.item.MCItemStack@2fdf172'
[03:33:33.971][INFO]: Removing 'crafting' recipes with output: 'com.blamejared.crafttweaker.api.item.MCItemStack@44f46ac2'
[03:33:33.971][INFO]: Removing 'crafting' recipes with output: 'com.blamejared.crafttweaker.api.item.MCItemStack@f5f6b1ec'
[03:33:33.972][INFO]: Removing 'crafting' recipes with output: 'com.blamejared.crafttweaker.api.item.MCItemStack@bb6623f8'
[03:33:33.973][INFO]: Removing 'crafting' recipes with output: 'com.blamejared.crafttweaker.api.item.MCItemStack@c16b4328'
[03:33:33.973][INFO]: Removing 'crafting' recipes with output: 'com.blamejared.crafttweaker.api.item.MCItemStack@c8956976'
[03:33:33.974][INFO]: Removing 'crafting' recipes with output: 'com.blamejared.crafttweaker.api.item.MCItemStack@d30c564c'
[03:33:33.975][INFO]: Removing 'crafting' recipes with output: 'com.blamejared.crafttweaker.api.item.MCItemStack@6c3b1a97'
[03:33:33.975][INFO]: Removing 'crafting' recipes with output: 'com.blamejared.crafttweaker.api.item.MCItemStack@8d9d901c'
[03:33:33.976][INFO]: Removing 'crafting' recipes with output: 'com.blamejared.crafttweaker.api.item.MCItemStack@9f158fdd'
[03:33:33.977][INFO]: Removing 'crafting' recipes with output: 'com.blamejared.crafttweaker.api.item.MCItemStack@bfa7979c'
[03:33:33.977][INFO]: Removing 'crafting' recipes with output: 'com.blamejared.crafttweaker.api.item.MCItemStack@649833d2'
[03:33:33.978][INFO]: Removing 'crafting' recipes with output: 'com.blamejared.crafttweaker.api.item.MCItemStack@f534985c'
[03:33:33.979][INFO]: Removing 'crafting' recipes with output: 'com.blamejared.crafttweaker.api.item.MCItemStack@60eccd71'
[03:33:33.980][INFO]: Removing "minecraft:campfire_cooking" recipes with modid: "mutationcraft"
[03:33:33.980][INFO]: Removing "minecraft:smelting" recipes with modid: "mutationcraft"
[03:33:33.981][INFO]: Removing "minecraft:crafting" recipes with modid: "nameless_trinkets"
[03:33:33.982][INFO]: Removing 'crafting' recipes with output: 'com.blamejared.crafttweaker.api.item.MCItemStack@e00823ef'
[03:33:33.983][INFO]: Removing 'crafting' recipes with output: 'com.blamejared.crafttweaker.api.item.MCItemStack@d19f6ec5'
[03:33:33.984][INFO]: Removing 'crafting' recipes with output: 'com.blamejared.crafttweaker.api.item.MCItemStack@b24e11a4'
[03:33:33.984][INFO]: Removing 'crafting' recipes with output: 'com.blamejared.crafttweaker.api.item.MCItemStack@53c94e40'
[03:33:33.985][INFO]: Removing 'crafting' recipes with output: 'com.blamejared.crafttweaker.api.item.MCItemStack@61136e7'
[03:33:33.986][INFO]: Removing 'crafting' recipes with output: 'com.blamejared.crafttweaker.api.item.MCItemStack@41bf7424'
[03:33:33.987][INFO]: Removing 'crafting' recipes with output: 'com.blamejared.crafttweaker.api.item.MCItemStack@9fcb29a3'
[03:33:33.987][INFO]: Removing 'crafting' recipes with output: 'com.blamejared.crafttweaker.api.item.MCItemStack@f29332f2'
[03:33:33.988][INFO]: Removing 'crafting' recipes with output: 'com.blamejared.crafttweaker.api.item.MCItemStack@bae530cc'
[03:33:33.989][INFO]: Removing 'crafting' recipes with output: 'com.blamejared.crafttweaker.api.item.MCItemStack@2f1d05b8'
[03:33:33.989][INFO]: Removing 'crafting' recipes with output: 'com.blamejared.crafttweaker.api.item.MCItemStack@fe0f6f3e'
[03:33:33.990][INFO]: Removing 'crafting' recipes with output: 'com.blamejared.crafttweaker.api.item.MCItemStack@c889c022'
[03:33:33.991][INFO]: Removing 'crafting' recipes with output: 'com.blamejared.crafttweaker.api.item.MCItemStack@c068f3c1'
[03:33:33.991][INFO]: Removing 'crafting' recipes with output: 'com.blamejared.crafttweaker.api.item.MCItemStack@62f748aa'
[03:33:33.992][INFO]: Removing 'crafting' recipes with output: 'com.blamejared.crafttweaker.api.item.MCItemStack@3c877b33'
[03:33:33.993][INFO]: Removing 'crafting' recipes with output: 'com.blamejared.crafttweaker.api.item.MCItemStack@38430241'
[03:33:33.993][INFO]: Removing 'crafting' recipes with output: 'com.blamejared.crafttweaker.api.item.MCItemStack@c238a9aa'
[03:33:33.994][INFO]: Removing 'crafting' recipes with output: 'com.blamejared.crafttweaker.api.item.MCItemStack@586794f6'
[03:33:33.995][INFO]: Removing 'crafting' recipes with output: 'com.blamejared.crafttweaker.api.item.MCItemStack@dea7745e'
[03:33:33.996][INFO]: Removing 'crafting' recipes with output: 'com.blamejared.crafttweaker.api.item.MCItemStack@945a7fb6'
[03:33:33.996][INFO]: Removing 'crafting' recipes with output: 'com.blamejared.crafttweaker.api.item.MCItemStack@4a29b4a8'
[03:33:33.997][INFO]: Removing 'crafting' recipes with output: 'com.blamejared.crafttweaker.api.item.MCItemStack@3d210782'
[03:33:33.998][INFO]: Removing 'crafting' recipes with output: 'com.blamejared.crafttweaker.api.item.MCItemStack@4c68d9bc'
[03:33:33.999][INFO]: Removing 'crafting' recipes with output: 'com.blamejared.crafttweaker.api.item.MCItemStack@d1b10a0a'
[03:33:34.000][INFO]: Removing 'crafting' recipes with output: 'com.blamejared.crafttweaker.api.item.MCItemStack@fbec4347'
[03:33:34.000][INFO]: Removing 'crafting' recipes with output: 'com.blamejared.crafttweaker.api.item.MCItemStack@49f0cbd6'
[03:33:34.001][INFO]: Removing 'crafting' recipes with output: 'com.blamejared.crafttweaker.api.item.MCItemStack@18ef412'
[03:33:34.002][INFO]: Removing 'crafting' recipes with output: 'com.blamejared.crafttweaker.api.item.MCItemStack@f60cd07d'
[03:33:34.003][INFO]: Removing 'crafting' recipes with output: 'com.blamejared.crafttweaker.api.item.MCItemStack@66c0c63a'
[03:33:34.004][INFO]: Removing 'crafting' recipes with output: 'com.blamejared.crafttweaker.api.item.MCItemStack@d7d683e'
[03:33:34.005][INFO]: Removing 'crafting' recipes with output: 'com.blamejared.crafttweaker.api.item.MCItemStack@311d2c2a'
[03:33:34.005][INFO]: Removing 'crafting' recipes with output: 'com.blamejared.crafttweaker.api.item.MCItemStack@915f9ad6'
[03:33:34.007][INFO]: Removing all recipes that output <item:cold_sweat:soulspring_lamp>
[03:33:34.009][INFO]: Removed 1 recipes registered in these 1 recipe managers: [<recipetype:minecraft:crafting>: 1]
[03:33:34.016][INFO]: Removing all recipe(s) with name(s): '[createbigcannons:cutting/spring_wire_iron]'
[03:33:34.021][INFO]: Removed 1 recipes registered in these 1 recipe managers: [<recipetype:create:cutting>: 1]
[03:33:34.022][INFO]: Removing all recipes from modId "zombie_extreme"
[03:33:34.026][INFO]: Removed 71 recipes registered in these 2 recipe managers: [<recipetype:minecraft:crafting>: 64, <recipetype:minecraft:smelting>: 7]
[03:33:34.026][INFO]: Removing all recipes from modId "undead_revamp2"
[03:33:34.029][INFO]: Removed 30 recipes registered in these 3 recipe managers: [<recipetype:minecraft:blasting>: 1, <recipetype:minecraft:crafting>: 28, <recipetype:minecraft:smelting>: 1]
[03:33:34.029][INFO]: Removing all recipe(s) with name(s): '[clickmachine:auto_clicker]'
[03:33:34.031][INFO]: Removed 1 recipes registered in these 1 recipe managers: [<recipetype:minecraft:crafting>: 1]
[03:33:34.031][INFO]: Removing 'minecraft:crafting' recipe(s) with name(s): '[create_sa:copper_propeler_recipe]'
[03:33:34.032][INFO]: Removing: [create:honey] from tag: <tag:fluids:minecraft:water>
[03:33:34.032][INFO]: Removing: [create:chocolate] from tag: <tag:fluids:minecraft:water>
[03:33:34.032][INFO]: Removing: [createaddition:seed_oil] from tag: <tag:fluids:minecraft:water>
[03:33:34.032][INFO]: Removing all recipes from modId "mapperbase"
[03:33:34.034][INFO]: Removed 30 recipes registered in these 2 recipe managers: [<recipetype:minecraft:blasting>: 3, <recipetype:minecraft:crafting>: 27]
[03:33:34.034][INFO]: Removing 'blasting' recipes with output: 'com.blamejared.crafttweaker.api.item.MCItemStack@a30a496f'
[03:33:34.034][INFO]: Removing 'smelting' recipes with output: 'com.blamejared.crafttweaker.api.item.MCItemStack@a30a496f'
[03:33:34.035][INFO]: Removing 'minecraft:crafting' recipe(s) with name(s): '[minecraft:paper]'
[03:33:34.035][INFO]: Removing 'create:pressing' recipe(s) with name(s): '[create:pressing/sugar_cane]'
[03:33:34.035][INFO]: Removing 'minecraft:crafting' recipe(s) with name(s): '[minecraft:ender_eye]'
[03:33:34.036][INFO]: Removing 'crafting' recipes with output: 'com.blamejared.crafttweaker.api.item.MCItemStack@ca28edf4'
[03:33:34.039][INFO]: Removing 'crafting' recipes with output: 'com.blamejared.crafttweaker.api.item.MCItemStack@891639f9'
[03:33:34.042][INFO]: Removing 'crafting' recipes with output: 'com.blamejared.crafttweaker.api.item.MCItemStack@7140e9c7'
[03:33:34.043][INFO]: Removing 'crafting' recipes with output: 'com.blamejared.crafttweaker.api.item.MCItemStack@fff6294e'
[03:33:34.045][INFO]: Removing 'crafting' recipes with output: 'com.blamejared.crafttweaker.api.item.MCItemStack@48b833fd'
[03:33:34.046][INFO]: Removing 'crafting' recipes with output: 'com.blamejared.crafttweaker.api.item.MCItemStack@2a108965'
[03:33:34.048][INFO]: Removing 'crafting' recipes with output: 'com.blamejared.crafttweaker.api.item.MCItemStack@8c251034'
[03:33:34.049][INFO]: Removing 'crafting' recipes with output: 'com.blamejared.crafttweaker.api.item.MCItemStack@212e1a9b'
[03:33:34.051][INFO]: Removing 'crafting' recipes with output: 'com.blamejared.crafttweaker.api.item.MCItemStack@e2b3dd97'
[03:33:34.052][INFO]: Removing 'crafting' recipes with output: 'com.blamejared.crafttweaker.api.item.MCItemStack@fe801c6d'
[03:33:34.054][INFO]: Removing 'crafting' recipes with output: 'com.blamejared.crafttweaker.api.item.MCItemStack@469c09cf'
[03:33:34.056][INFO]: Removing 'crafting' recipes with output: 'com.blamejared.crafttweaker.api.item.MCItemStack@f13c5761'
[03:33:34.057][INFO]: Removing 'crafting' recipes with output: 'com.blamejared.crafttweaker.api.item.MCItemStack@2c6ef5a4'
[03:33:34.060][INFO]: Removing "minecraft:crafting" recipe with names that match the regex: "securitycraft:crystal_quartz_.*"
[03:33:34.063][INFO]: Removing "minecraft:crafting" recipe with names that match the regex: "securitycraft:.*_crystal_quartz"
[03:33:34.065][INFO]: Removing 'crafting' recipes with output: 'com.blamejared.crafttweaker.api.item.MCItemStack@be51e57a'
[03:33:34.068][INFO]: Removing 'crafting' recipes with output: 'com.blamejared.crafttweaker.api.item.MCItemStack@841373e6'
[03:33:34.070][INFO]: Removing 'crafting' recipes with output: 'com.blamejared.crafttweaker.api.item.MCItemStack@7def10dd'
[03:33:34.072][INFO]: Removing 'crafting' recipes with output: 'com.blamejared.crafttweaker.api.item.MCItemStack@9582a3bd'
[03:33:34.074][INFO]: Removing 'crafting' recipes with output: 'com.blamejared.crafttweaker.api.item.MCItemStack@33d58efd'
[03:33:34.075][INFO]: Removing 'crafting' recipes with output: 'com.blamejared.crafttweaker.api.item.MCItemStack@64da69a2'
[03:33:34.077][INFO]: Removing 'crafting' recipes with output: 'com.blamejared.crafttweaker.api.item.MCItemStack@601a0587'
[03:33:34.078][INFO]: Removing 'crafting' recipes with output: 'com.blamejared.crafttweaker.api.item.MCItemStack@11864e25'
[03:33:34.080][INFO]: Removing 'crafting' recipes with output: 'com.blamejared.crafttweaker.api.item.MCItemStack@cba6b490'
[03:33:34.081][INFO]: Removing 'crafting' recipes with output: 'com.blamejared.crafttweaker.api.item.MCItemStack@c57a2be3'
[03:33:34.083][INFO]: Removing 'crafting' recipes with output: 'com.blamejared.crafttweaker.api.item.MCItemStack@b28fa263'
[03:33:34.084][INFO]: Removing 'crafting' recipes with output: 'com.blamejared.crafttweaker.api.item.MCItemStack@fb73d7a8'
[03:33:34.086][INFO]: Removing all recipes that output <item:tac:uncommon_material>
[03:33:34.090][INFO]: Removed 0 recipes registered in these 0 recipe managers: []
[03:33:34.090][INFO]: Removing all recipes that output <item:tac:rare_material>
[03:33:34.093][INFO]: Removed 0 recipes registered in these 0 recipe managers: []
[03:33:34.093][INFO]: Removing all recipes that output <item:tac:epic_material>
[03:33:34.096][INFO]: Removed 0 recipes registered in these 0 recipe managers: []
[03:33:34.096][INFO]: Removing all recipes that output <item:tac:legendary_material>
[03:33:34.099][INFO]: Removed 0 recipes registered in these 0 recipe managers: []
[03:33:34.099][INFO]: Removing all recipes that output <item:tac:ultimate_material>
[03:33:34.102][INFO]: Removed 0 recipes registered in these 0 recipe managers: []
[03:33:34.102][INFO]: Removing all recipes that output <item:tac:light_armor>
[03:33:34.105][INFO]: Removed 1 recipes registered in these 1 recipe managers: [<recipetype:minecraft:crafting>: 1]
[03:33:34.105][INFO]: Removing all recipes that output <item:tac:medium_steel_armor>
[03:33:34.108][INFO]: Removed 1 recipes registered in these 1 recipe managers: [<recipetype:minecraft:crafting>: 1]
[03:33:34.108][INFO]: Removing all recipes that output <item:tac:light_armor_plate>
[03:33:34.111][INFO]: Removed 1 recipes registered in these 1 recipe managers: [<recipetype:minecraft:crafting>: 1]
[03:33:34.111][INFO]: Removing all recipes that output <item:tac:module_item>
[03:33:34.114][INFO]: Removed 1 recipes registered in these 1 recipe managers: [<recipetype:minecraft:crafting>: 1]
[03:33:34.114][INFO]: Removing all recipe(s) with name(s): '[tac:gun_powder]'
[03:33:34.116][INFO]: Removed 1 recipes registered in these 1 recipe managers: [<recipetype:minecraft:crafting>: 1]
[03:33:34.116][INFO]: Execution for loader 'crafttweaker' completed successfully
