[15Aug2026 02:25:52.088] [main/INFO] [cpw.mods.modlauncher.Launcher/MODLAUNCHER]: ModLauncher running: args [--launchTarget, forgeserver, --fml.neoForgeVersion, 21.1.248, --fml.fmlVersion, 4.0.43, --fml.mcVersion, 1.21.1, --fml.neoFormVersion, 20240808.144430, nogui]
[15Aug2026 02:25:52.090] [main/INFO] [cpw.mods.modlauncher.Launcher/MODLAUNCHER]: JVM identified as Ubuntu OpenJDK 64-Bit Server VM 21.0.11+10-1-24.04.2-Ubuntu
[15Aug2026 02:25:52.091] [main/INFO] [cpw.mods.modlauncher.Launcher/MODLAUNCHER]: ModLauncher 11.0.5+main.901c6ea8 starting: java version 21.0.11 by Ubuntu; OS Linux arch amd64 version 6.8.0-1052-azure
[15Aug2026 02:25:52.114] [main/DEBUG] [cpw.mods.modlauncher.LaunchServiceHandler/MODLAUNCHER]: Found launch services [minecraft,forgeclient,forgedatauserdev,testharness,forgeserverdev,forgeserveruserdev,forgejunitdev,forgeclientdev,forgeclientuserdev,forgeserver,forgejunituserdev,forgedatadev]
[15Aug2026 02:25:52.136] [main/DEBUG] [cpw.mods.modlauncher.LaunchPluginHandler/MODLAUNCHER]: Found launch plugins: [mixin,slf4jfixer,runtime_enum_extender,accesstransformer,runtimedistcleaner]
[15Aug2026 02:25:52.146] [main/DEBUG] [cpw.mods.modlauncher.TransformationServicesHandler/MODLAUNCHER]: Discovering transformation services
[15Aug2026 02:25:52.156] [main/DEBUG] [net.neoforged.fml.loading.FMLPaths/CORE]: Path GAMEDIR is /workspaces/nnnn/servidor_minecraft
[15Aug2026 02:25:52.156] [main/DEBUG] [net.neoforged.fml.loading.FMLPaths/CORE]: Path MODSDIR is /workspaces/nnnn/servidor_minecraft/mods
[15Aug2026 02:25:52.156] [main/DEBUG] [net.neoforged.fml.loading.FMLPaths/CORE]: Path CONFIGDIR is /workspaces/nnnn/servidor_minecraft/config
[15Aug2026 02:25:52.156] [main/DEBUG] [net.neoforged.fml.loading.FMLPaths/CORE]: Path FMLCONFIG is /workspaces/nnnn/servidor_minecraft/config/fml.toml
[15Aug2026 02:25:52.190] [main/TRACE] [net.neoforged.fml.loading.FMLConfig/CORE]: Loaded FML config from /workspaces/nnnn/servidor_minecraft/config/fml.toml
[15Aug2026 02:25:52.190] [main/TRACE] [net.neoforged.fml.loading.FMLConfig/CORE]: FMLConfig disableConfigWatcher is false
[15Aug2026 02:25:52.190] [main/TRACE] [net.neoforged.fml.loading.FMLConfig/CORE]: FMLConfig earlyWindowControl is true
[15Aug2026 02:25:52.190] [main/TRACE] [net.neoforged.fml.loading.FMLConfig/CORE]: FMLConfig maxThreads is 4
[15Aug2026 02:25:52.190] [main/TRACE] [net.neoforged.fml.loading.FMLConfig/CORE]: FMLConfig versionCheck is true
[15Aug2026 02:25:52.190] [main/TRACE] [net.neoforged.fml.loading.FMLConfig/CORE]: FMLConfig defaultConfigPath is defaultconfigs
[15Aug2026 02:25:52.190] [main/TRACE] [net.neoforged.fml.loading.FMLConfig/CORE]: FMLConfig disableOptimizedDFU is true
[15Aug2026 02:25:52.191] [main/TRACE] [net.neoforged.fml.loading.FMLConfig/CORE]: FMLConfig earlyWindowProvider is fmlearlywindow
[15Aug2026 02:25:52.191] [main/TRACE] [net.neoforged.fml.loading.FMLConfig/CORE]: FMLConfig earlyWindowWidth is 854
[15Aug2026 02:25:52.191] [main/TRACE] [net.neoforged.fml.loading.FMLConfig/CORE]: FMLConfig earlyWindowHeight is 480
[15Aug2026 02:25:52.191] [main/TRACE] [net.neoforged.fml.loading.FMLConfig/CORE]: FMLConfig earlyWindowFBScale is 1
[15Aug2026 02:25:52.191] [main/TRACE] [net.neoforged.fml.loading.FMLConfig/CORE]: FMLConfig earlyWindowMaximized is false
[15Aug2026 02:25:52.191] [main/TRACE] [net.neoforged.fml.loading.FMLConfig/CORE]: FMLConfig earlyWindowSkipGLVersions is []
[15Aug2026 02:25:52.191] [main/TRACE] [net.neoforged.fml.loading.FMLConfig/CORE]: FMLConfig earlyWindowSquir is false
[15Aug2026 02:26:01.111] [main/DEBUG] [cpw.mods.modlauncher.TransformationServicesHandler/MODLAUNCHER]: Found additional transformation services from discovery services: [/workspaces/nnnn/servidor_minecraft/mods/Ixeris-4.2.0+1.21.1-neoforge.jar]
[15Aug2026 02:26:01.125] [main/DEBUG] [net.neoforged.fml.loading.ImmediateWindowHandler/]: Invoking bootstrap method ixeris
[15Aug2026 02:26:01.125] [main/INFO] [me.decce.ixeris.neoforge.core.IxerisBootstrapper/]: Skipped Ixeris bootstrapping because: on dedicated server
[15Aug2026 02:26:01.126] [main/INFO] [net.neoforged.fml.loading.ImmediateWindowHandler/]: ImmediateWindowProvider not loading because launch target is forgeserver
[15Aug2026 02:26:01.137] [main/DEBUG] [cpw.mods.modlauncher.TransformationServicesHandler/MODLAUNCHER]: Found transformer services : [mixin,fml]
[15Aug2026 02:26:01.137] [main/DEBUG] [cpw.mods.modlauncher.TransformationServicesHandler/MODLAUNCHER]: Transformation services loading
[15Aug2026 02:26:01.138] [main/DEBUG] [cpw.mods.modlauncher.TransformationServiceDecorator/MODLAUNCHER]: Loading service mixin
[15Aug2026 02:26:01.138] [main/DEBUG] [cpw.mods.modlauncher.TransformationServiceDecorator/MODLAUNCHER]: Loaded service mixin
[15Aug2026 02:26:01.139] [main/DEBUG] [cpw.mods.modlauncher.TransformationServiceDecorator/MODLAUNCHER]: Loading service fml
[15Aug2026 02:26:01.139] [main/DEBUG] [net.neoforged.fml.loading.FMLLoader/CORE]: FML 4.0.43 loading
[15Aug2026 02:26:01.139] [main/DEBUG] [net.neoforged.fml.loading.FMLLoader/CORE]: FML found ModLauncher version : 11.0.5+main.901c6ea8
[15Aug2026 02:26:01.140] [main/DEBUG] [net.neoforged.fml.loading.FMLLoader/CORE]: FML found AccessTransformer version : 10.0.1+139da711
[15Aug2026 02:26:01.140] [main/DEBUG] [net.neoforged.fml.loading.FMLLoader/CORE]: FML found EventBus version : null
[15Aug2026 02:26:01.140] [main/DEBUG] [net.neoforged.fml.loading.FMLLoader/CORE]: Found Runtime Dist Cleaner
[15Aug2026 02:26:01.141] [main/DEBUG] [cpw.mods.modlauncher.TransformationServiceDecorator/MODLAUNCHER]: Loaded service fml
[15Aug2026 02:26:01.141] [main/DEBUG] [cpw.mods.modlauncher.TransformationServicesHandler/MODLAUNCHER]: Configuring option handling for services
[15Aug2026 02:26:01.160] [main/DEBUG] [net.neoforged.fml.loading.FMLServiceProvider/CORE]: Received command line version data  : VersionInfo[neoForgeVersion=21.1.248, fmlVersion=4.0.43, mcVersion=1.21.1, neoFormVersion=20240808.144430]
[15Aug2026 02:26:01.160] [main/DEBUG] [cpw.mods.modlauncher.TransformationServicesHandler/MODLAUNCHER]: Transformation services initializing
[15Aug2026 02:26:01.161] [main/DEBUG] [cpw.mods.modlauncher.TransformationServiceDecorator/MODLAUNCHER]: Initializing transformation service mixin
[15Aug2026 02:26:01.175] [main/DEBUG] [mixin/]: MixinService [ModLauncher] was successfully booted in cpw.mods.cl.ModuleClassLoader@3e6fa38a
[15Aug2026 02:26:01.186] [main/INFO] [mixin/]: SpongePowered MIXIN Subsystem Version=0.8.7 Source=union:/workspaces/nnnn/servidor_minecraft/libraries/net/fabricmc/sponge-mixin/0.15.2+mixin.0.8.7/sponge-mixin-0.15.2+mixin.0.8.7.jar%2373!/ Service=ModLauncher Env=SERVER
[15Aug2026 02:26:01.189] [main/DEBUG] [mixin/]: Initialising Mixin Platform Manager
[15Aug2026 02:26:01.190] [main/DEBUG] [mixin/]: Adding mixin platform agents for container ModLauncher Root Container(ModLauncher:4f56a0a2)
[15Aug2026 02:26:01.190] [main/DEBUG] [mixin/]: Instancing new MixinPlatformAgentMinecraftForge for ModLauncher Root Container(ModLauncher:4f56a0a2)
[15Aug2026 02:26:01.191] [main/DEBUG] [mixin/]: MixinPlatformAgentMinecraftForge rejected container ModLauncher Root Container(ModLauncher:4f56a0a2)
[15Aug2026 02:26:01.191] [main/DEBUG] [mixin/]: Instancing new MixinPlatformAgentDefault for ModLauncher Root Container(ModLauncher:4f56a0a2)
[15Aug2026 02:26:01.191] [main/DEBUG] [mixin/]: MixinPlatformAgentDefault accepted container ModLauncher Root Container(ModLauncher:4f56a0a2)
[15Aug2026 02:26:01.193] [main/DEBUG] [cpw.mods.modlauncher.TransformationServiceDecorator/MODLAUNCHER]: Initialized transformation service mixin
[15Aug2026 02:26:01.194] [main/DEBUG] [cpw.mods.modlauncher.TransformationServiceDecorator/MODLAUNCHER]: Initializing transformation service fml
[15Aug2026 02:26:01.194] [main/DEBUG] [net.neoforged.fml.loading.FMLServiceProvider/CORE]: Setting up basic FML game directories
[15Aug2026 02:26:01.194] [main/DEBUG] [net.neoforged.fml.loading.FMLPaths/CORE]: Path GAMEDIR is /workspaces/nnnn/servidor_minecraft
[15Aug2026 02:26:01.194] [main/DEBUG] [net.neoforged.fml.loading.FMLPaths/CORE]: Path MODSDIR is /workspaces/nnnn/servidor_minecraft/mods
[15Aug2026 02:26:01.195] [main/DEBUG] [net.neoforged.fml.loading.FMLPaths/CORE]: Path CONFIGDIR is /workspaces/nnnn/servidor_minecraft/config
[15Aug2026 02:26:01.195] [main/DEBUG] [net.neoforged.fml.loading.FMLPaths/CORE]: Path FMLCONFIG is /workspaces/nnnn/servidor_minecraft/config/fml.toml
[15Aug2026 02:26:01.195] [main/DEBUG] [net.neoforged.fml.loading.FMLServiceProvider/CORE]: Loading configuration
[15Aug2026 02:26:01.197] [main/TRACE] [net.neoforged.fml.loading.FMLConfig/CORE]: Loaded FML config from /workspaces/nnnn/servidor_minecraft/config/fml.toml
[15Aug2026 02:26:01.197] [main/TRACE] [net.neoforged.fml.loading.FMLConfig/CORE]: FMLConfig disableConfigWatcher is false
[15Aug2026 02:26:01.197] [main/TRACE] [net.neoforged.fml.loading.FMLConfig/CORE]: FMLConfig earlyWindowControl is true
[15Aug2026 02:26:01.197] [main/TRACE] [net.neoforged.fml.loading.FMLConfig/CORE]: FMLConfig maxThreads is 4
[15Aug2026 02:26:01.197] [main/TRACE] [net.neoforged.fml.loading.FMLConfig/CORE]: FMLConfig versionCheck is true
[15Aug2026 02:26:01.197] [main/TRACE] [net.neoforged.fml.loading.FMLConfig/CORE]: FMLConfig defaultConfigPath is defaultconfigs
[15Aug2026 02:26:01.198] [main/TRACE] [net.neoforged.fml.loading.FMLConfig/CORE]: FMLConfig disableOptimizedDFU is true
[15Aug2026 02:26:01.198] [main/TRACE] [net.neoforged.fml.loading.FMLConfig/CORE]: FMLConfig earlyWindowProvider is fmlearlywindow
[15Aug2026 02:26:01.198] [main/TRACE] [net.neoforged.fml.loading.FMLConfig/CORE]: FMLConfig earlyWindowWidth is 854
[15Aug2026 02:26:01.198] [main/TRACE] [net.neoforged.fml.loading.FMLConfig/CORE]: FMLConfig earlyWindowHeight is 480
[15Aug2026 02:26:01.198] [main/TRACE] [net.neoforged.fml.loading.FMLConfig/CORE]: FMLConfig earlyWindowFBScale is 1
[15Aug2026 02:26:01.198] [main/TRACE] [net.neoforged.fml.loading.FMLConfig/CORE]: FMLConfig earlyWindowMaximized is false
[15Aug2026 02:26:01.198] [main/TRACE] [net.neoforged.fml.loading.FMLConfig/CORE]: FMLConfig earlyWindowSkipGLVersions is []
[15Aug2026 02:26:01.198] [main/TRACE] [net.neoforged.fml.loading.FMLConfig/CORE]: FMLConfig earlyWindowSquir is false
[15Aug2026 02:26:01.200] [main/DEBUG] [net.neoforged.fml.loading.LaunchContext/SCAN]: Located paths when launch context was created: [/workspaces/nnnn/servidor_minecraft/libraries/io/netty/netty-handler/4.1.97.Final/netty-handler-4.1.97.Final.jar, /workspaces/nnnn/servidor_minecraft/libraries/net/neoforged/coremods/7.0.3/coremods-7.0.3.jar, /workspaces/nnnn/servidor_minecraft/libraries/org/apache/logging/log4j/log4j-slf4j2-impl/2.22.1/log4j-slf4j2-impl-2.22.1.jar, /workspaces/nnnn/servidor_minecraft/libraries/net/neoforged/bus/8.0.5/bus-8.0.5.jar, /workspaces/nnnn/servidor_minecraft/libraries/org/apache/logging/log4j/log4j-api/2.22.1/log4j-api-2.22.1.jar, /workspaces/nnnn/servidor_minecraft/libraries/org/jline/jline-reader/3.20.0/jline-reader-3.20.0.jar, /workspaces/nnnn/servidor_minecraft/libraries/org/apache/maven/maven-artifact/3.8.5/maven-artifact-3.8.5.jar, /workspaces/nnnn/servidor_minecraft/libraries/com/electronwill/night-config/core/3.8.3/core-3.8.3.jar, /workspaces/nnnn/servidor_minecraft/libraries/commons-io/commons-io/2.15.1/commons-io-2.15.1.jar, /workspaces/nnnn/servidor_minecraft/libraries/com/github/oshi/oshi-core/6.4.10/oshi-core-6.4.10.jar, /workspaces/nnnn/servidor_minecraft/libraries/org/apache/logging/log4j/log4j-core/2.22.1/log4j-core-2.22.1.jar, /workspaces/nnnn/servidor_minecraft/libraries/org/codehaus/plexus/plexus-utils/3.3.0/plexus-utils-3.3.0.jar, /workspaces/nnnn/servidor_minecraft/libraries/it/unimi/dsi/fastutil/8.5.12/fastutil-8.5.12.jar, /workspaces/nnnn/servidor_minecraft/libraries/net/java/dev/jna/jna-platform/5.14.0/jna-platform-5.14.0.jar, /workspaces/nnnn/servidor_minecraft/libraries/org/slf4j/slf4j-api/2.0.9/slf4j-api-2.0.9.jar, /workspaces/nnnn/servidor_minecraft/libraries/io/netty/netty-codec/4.1.97.Final/netty-codec-4.1.97.Final.jar, /workspaces/nnnn/servidor_minecraft/libraries/org/antlr/antlr4-runtime/4.13.1/antlr4-runtime-4.13.1.jar, /workspaces/nnnn/servidor_minecraft/libraries/com/google/code/gson/gson/2.10.1/gson-2.10.1.jar, /workspaces/nnnn/servidor_minecraft/libraries/io/netty/netty-transport/4.1.97.Final/netty-transport-4.1.97.Final.jar, /workspaces/nnnn/servidor_minecraft/libraries/io/netty/netty-transport-native-unix-common/4.1.97.Final/netty-transport-native-unix-common-4.1.97.Final.jar, /workspaces/nnnn/servidor_minecraft/libraries/org/checkerframework/checker-qual/3.33.0/checker-qual-3.33.0.jar, /workspaces/nnnn/servidor_minecraft/libraries/com/google/errorprone/error_prone_annotations/2.18.0/error_prone_annotations-2.18.0.jar, /workspaces/nnnn/servidor_minecraft/libraries/io/netty/netty-transport-native-epoll/4.1.97.Final/netty-transport-native-epoll-4.1.97.Final-linux-aarch_64.jar, /workspaces/nnnn/servidor_minecraft/libraries/com/mojang/brigadier/1.3.10/brigadier-1.3.10.jar, /workspaces/nnnn/servidor_minecraft/libraries/io/netty/netty-common/4.1.97.Final/netty-common-4.1.97.Final.jar, /workspaces/nnnn/servidor_minecraft/libraries/net/fabricmc/sponge-mixin/0.15.2+mixin.0.8.7/sponge-mixin-0.15.2+mixin.0.8.7.jar, /workspaces/nnnn/servidor_minecraft/libraries/net/neoforged/accesstransformers/10.0.1/accesstransformers-10.0.1.jar, /workspaces/nnnn/servidor_minecraft/libraries/net/sf/jopt-simple/jopt-simple/5.0.4/jopt-simple-5.0.4.jar, /workspaces/nnnn/servidor_minecraft/libraries/com/mojang/datafixerupper/8.0.16/datafixerupper-8.0.16.jar, /workspaces/nnnn/servidor_minecraft/libraries/cpw/mods/modlauncher/11.0.5/modlauncher-11.0.5.jar, /workspaces/nnnn/servidor_minecraft/libraries/net/neoforged/JarJarSelector/0.4.1/JarJarSelector-0.4.1.jar, /workspaces/nnnn/servidor_minecraft/libraries/io/netty/netty-transport-native-epoll/4.1.97.Final/netty-transport-native-epoll-4.1.97.Final-linux-x86_64.jar, /workspaces/nnnn/servidor_minecraft/libraries/com/google/guava/failureaccess/1.0.1/failureaccess-1.0.1.jar, /workspaces/nnnn/servidor_minecraft/libraries/com/electronwill/night-config/toml/3.8.3/toml-3.8.3.jar, /workspaces/nnnn/servidor_minecraft/libraries/com/mojang/authlib/6.0.54/authlib-6.0.54.jar, /workspaces/nnnn/servidor_minecraft/libraries/com/google/guava/listenablefuture/9999.0-empty-to-avoid-conflict-with-guava/listenablefuture-9999.0-empty-to-avoid-conflict-with-guava.jar, /workspaces/nnnn/servidor_minecraft/libraries/com/mojang/logging/1.2.7/logging-1.2.7.jar, /workspaces/nnnn/servidor_minecraft/libraries/net/minecrell/terminalconsoleappender/1.3.0/terminalconsoleappender-1.3.0.jar, /workspaces/nnnn/servidor_minecraft/libraries/net/java/dev/jna/jna/5.14.0/jna-5.14.0.jar, /workspaces/nnnn/servidor_minecraft/mods/Ixeris-4.2.0+1.21.1-neoforge.jar, /workspaces/nnnn/servidor_minecraft/libraries/org/lz4/lz4-java/1.8.0/lz4-java-1.8.0.jar, /workspaces/nnnn/servidor_minecraft/libraries/org/jline/jline-terminal/3.20.0/jline-terminal-3.20.0.jar, /workspaces/nnnn/servidor_minecraft/libraries/net/minecraftforge/srgutils/0.4.15/srgutils-0.4.15.jar, /workspaces/nnnn/servidor_minecraft/libraries/io/netty/netty-transport-classes-epoll/4.1.97.Final/netty-transport-classes-epoll-4.1.97.Final.jar, /workspaces/nnnn/servidor_minecraft/libraries/com/machinezoo/noexception/noexception/1.7.1/noexception-1.7.1.jar, /workspaces/nnnn/servidor_minecraft/libraries/com/google/guava/guava/32.1.2-jre/guava-32.1.2-jre.jar, /workspaces/nnnn/servidor_minecraft/libraries/io/netty/netty-buffer/4.1.97.Final/netty-buffer-4.1.97.Final.jar, /workspaces/nnnn/servidor_minecraft/libraries/net/neoforged/JarJarMetadata/0.4.1/JarJarMetadata-0.4.1.jar, /workspaces/nnnn/servidor_minecraft/libraries/net/neoforged/fancymodloader/earlydisplay/4.0.43/earlydisplay-4.0.43.jar, /workspaces/nnnn/servidor_minecraft/libraries/org/apache/commons/commons-lang3/3.14.0/commons-lang3-3.14.0.jar, /workspaces/nnnn/servidor_minecraft/libraries/net/neoforged/mergetool/2.0.0/mergetool-2.0.0-api.jar, /workspaces/nnnn/servidor_minecraft/libraries/org/openjdk/nashorn/nashorn-core/15.4/nashorn-core-15.4.jar, /workspaces/nnnn/servidor_minecraft/libraries/org/joml/joml/1.10.5/joml-1.10.5.jar, /workspaces/nnnn/servidor_minecraft/libraries/io/netty/netty-resolver/4.1.97.Final/netty-resolver-4.1.97.Final.jar, /workspaces/nnnn/servidor_minecraft/libraries/com/google/code/findbugs/jsr305/3.0.2/jsr305-3.0.2.jar, /workspaces/nnnn/servidor_minecraft/libraries/net/neoforged/accesstransformers/at-modlauncher/10.0.1/at-modlauncher-10.0.1.jar, /workspaces/nnnn/servidor_minecraft/libraries/net/jodah/typetools/0.6.3/typetools-0.6.3.jar, /workspaces/nnnn/servidor_minecraft/libraries/net/neoforged/fancymodloader/loader/4.0.43/loader-4.0.43.jar, /workspaces/nnnn/servidor_minecraft/libraries/com/google/j2objc/j2objc-annotations/2.8/j2objc-annotations-2.8.jar]
[15Aug2026 02:26:01.201] [main/DEBUG] [net.neoforged.fml.loading.FMLServiceProvider/CORE]: Preparing launch handler
[15Aug2026 02:26:01.202] [main/DEBUG] [net.neoforged.fml.loading.FMLLoader/CORE]: Using forgeserver as launch service
[15Aug2026 02:26:01.203] [main/DEBUG] [net.neoforged.fml.common.asm.RuntimeDistCleaner/DISTXFORM]: Configuring for Dist DEDICATED_SERVER
[15Aug2026 02:26:01.204] [main/DEBUG] [cpw.mods.modlauncher.TransformationServiceDecorator/MODLAUNCHER]: Initialized transformation service fml
[15Aug2026 02:26:01.204] [main/DEBUG] [cpw.mods.modlauncher.TransformationServicesHandler/MODLAUNCHER]: Transformation services begin scanning
[15Aug2026 02:26:01.205] [main/DEBUG] [cpw.mods.modlauncher.TransformationServiceDecorator/MODLAUNCHER]: Beginning scan trigger - transformation service mixin
[15Aug2026 02:26:01.205] [main/DEBUG] [cpw.mods.modlauncher.TransformationServiceDecorator/MODLAUNCHER]: End scan trigger - transformation service mixin
[15Aug2026 02:26:01.205] [main/DEBUG] [cpw.mods.modlauncher.TransformationServiceDecorator/MODLAUNCHER]: Beginning scan trigger - transformation service fml
[15Aug2026 02:26:01.205] [main/DEBUG] [net.neoforged.fml.loading.FMLServiceProvider/CORE]: Initiating mod scan
[15Aug2026 02:26:01.284] [main/DEBUG] [net.neoforged.fml.util.ServiceLoaderUtil/CORE]: Found 4 implementations of IModFileCandidateLocator:
[15Aug2026 02:26:01.284] [main/DEBUG] [net.neoforged.fml.util.ServiceLoaderUtil/CORE]: 	    1000 - [built-in] net.neoforged.fml.loading.moddiscovery.locators.ProductionServerProvider from loader-4.0.43.jar
[15Aug2026 02:26:01.288] [main/DEBUG] [net.neoforged.fml.util.ServiceLoaderUtil/CORE]: 	    1000 - [built-in] net.neoforged.fml.loading.moddiscovery.locators.PathBasedLocator from loader-4.0.43.jar
[15Aug2026 02:26:01.289] [main/DEBUG] [net.neoforged.fml.util.ServiceLoaderUtil/CORE]: 	       0 - net.neoforged.fml.loading.moddiscovery.locators.ModsFolderLocator from loader-4.0.43.jar
[15Aug2026 02:26:01.289] [main/DEBUG] [net.neoforged.fml.util.ServiceLoaderUtil/CORE]: 	       0 - net.neoforged.fml.loading.moddiscovery.locators.MavenDirectoryLocator from loader-4.0.43.jar
[15Aug2026 02:26:01.297] [main/DEBUG] [net.neoforged.fml.util.ServiceLoaderUtil/CORE]: Found 2 implementations of IModFileReader:
[15Aug2026 02:26:01.298] [main/DEBUG] [net.neoforged.fml.util.ServiceLoaderUtil/CORE]: 	       0 - net.neoforged.fml.loading.moddiscovery.readers.JarModsDotTomlModFileReader from loader-4.0.43.jar
[15Aug2026 02:26:01.298] [main/DEBUG] [net.neoforged.fml.util.ServiceLoaderUtil/CORE]: 	   -1000 - net.neoforged.fml.loading.moddiscovery.readers.NestedLibraryModReader from loader-4.0.43.jar
[15Aug2026 02:26:01.300] [main/DEBUG] [net.neoforged.fml.util.ServiceLoaderUtil/CORE]: Found 2 implementations of IDependencyLocator:
[15Aug2026 02:26:01.300] [main/DEBUG] [net.neoforged.fml.util.ServiceLoaderUtil/CORE]: 	       0 - me.decce.ixeris.neoforge.core.IxerisModLocator from Ixeris-4.2.0+1.21.1-neoforge.jar
[15Aug2026 02:26:01.300] [main/DEBUG] [net.neoforged.fml.util.ServiceLoaderUtil/CORE]: 	       0 - net.neoforged.fml.loading.moddiscovery.locators.JarInJarDependencyLocator from loader-4.0.43.jar
[15Aug2026 02:26:01.301] [main/DEBUG] [net.neoforged.fml.loading.moddiscovery.ModDiscoverer/SCAN]: Scanning for mods and other resources to load. We know 4 ways to find mods
[15Aug2026 02:26:01.301] [main/DEBUG] [net.neoforged.fml.loading.moddiscovery.ModDiscoverer/SCAN]: Trying locator production server provider +net.neoforged:neoforge:21.1.248:server
[15Aug2026 02:26:01.943] [main/DEBUG] [net.neoforged.fml.loading.moddiscovery.ModFileInfo/LOADING]: Found valid mod file server-1.21.1-20240808.144430-srg.jar with {minecraft} mods - versions {1.21.1}
[15Aug2026 02:26:01.943] [main/INFO] [net.neoforged.fml.loading.moddiscovery.ModDiscoverer/SCAN]: Found mod file "server-1.21.1-20240808.144430-srg.jar" [locator: production server provider +net.neoforged:neoforge:21.1.248:server]
[15Aug2026 02:26:01.943] [main/DEBUG] [net.neoforged.fml.loading.moddiscovery.ModDiscoverer/SCAN]: Locator production server provider +net.neoforged:neoforge:21.1.248:server found 1 mods, 0 warnings, 0 errors and skipped 0 candidates
[15Aug2026 02:26:01.945] [main/DEBUG] [net.neoforged.fml.loading.moddiscovery.ModDiscoverer/SCAN]: Trying locator PathBasedLocator[name=neoforge, paths=[libraries/net/neoforged/neoforge/21.1.248/neoforge-21.1.248-universal.jar]]
[15Aug2026 02:26:02.050] [main/DEBUG] [net.neoforged.fml.loading.moddiscovery.readers.JarModsDotTomlModFileReader/SCAN]: Found META-INF/neoforge.mods.toml mod of type null: /workspaces/nnnn/servidor_minecraft/libraries/net/neoforged/neoforge/21.1.248/neoforge-21.1.248-universal.jar
[15Aug2026 02:26:02.051] [main/DEBUG] [net.neoforged.fml.loading.moddiscovery.ModFileParser/LOADING]: Considering mod file candidate /workspaces/nnnn/servidor_minecraft/libraries/net/neoforged/neoforge/21.1.248/neoforge-21.1.248-universal.jar
[15Aug2026 02:26:02.066] [main/DEBUG] [net.neoforged.fml.loading.moddiscovery.ModFileInfo/LOADING]: Found valid mod file neoforge-21.1.248-universal.jar with {neoforge} mods - versions {21.1.248}
[15Aug2026 02:26:02.066] [main/INFO] [net.neoforged.fml.loading.moddiscovery.ModDiscoverer/SCAN]: Found mod file "neoforge-21.1.248-universal.jar" [locator: PathBasedLocator[name=neoforge, paths=[libraries/net/neoforged/neoforge/21.1.248/neoforge-21.1.248-universal.jar]], reader: mod manifest]
[15Aug2026 02:26:02.066] [main/DEBUG] [net.neoforged.fml.loading.moddiscovery.ModDiscoverer/SCAN]: Locator PathBasedLocator[name=neoforge, paths=[libraries/net/neoforged/neoforge/21.1.248/neoforge-21.1.248-universal.jar]] found 1 mods, 0 warnings, 0 errors and skipped 0 candidates
[15Aug2026 02:26:02.067] [main/DEBUG] [net.neoforged.fml.loading.moddiscovery.ModDiscoverer/SCAN]: Trying locator {mods folder locator at /workspaces/nnnn/servidor_minecraft/mods}
[15Aug2026 02:26:02.067] [main/DEBUG] [net.neoforged.fml.loading.moddiscovery.locators.ModsFolderLocator/SCAN]: Scanning mods dir /workspaces/nnnn/servidor_minecraft/mods for mods
[15Aug2026 02:26:02.070] [main/DEBUG] [net.neoforged.fml.loading.moddiscovery.readers.JarModsDotTomlModFileReader/SCAN]: Found META-INF/neoforge.mods.toml mod of type null: /workspaces/nnnn/servidor_minecraft/mods/abridged-2.0.1-neoforge-1.21.1.jar
[15Aug2026 02:26:02.070] [main/DEBUG] [net.neoforged.fml.loading.moddiscovery.ModFileParser/LOADING]: Considering mod file candidate /workspaces/nnnn/servidor_minecraft/mods/abridged-2.0.1-neoforge-1.21.1.jar
[15Aug2026 02:26:02.074] [main/DEBUG] [net.neoforged.fml.loading.moddiscovery.ModFileInfo/LOADING]: Found valid mod file abridged-2.0.1-neoforge-1.21.1.jar with {abridged} mods - versions {2.0.1}
[15Aug2026 02:26:02.074] [main/INFO] [net.neoforged.fml.loading.moddiscovery.ModDiscoverer/SCAN]: Found mod file "abridged-2.0.1-neoforge-1.21.1.jar" [locator: {mods folder locator at /workspaces/nnnn/servidor_minecraft/mods}, reader: mod manifest]
[15Aug2026 02:26:02.075] [main/DEBUG] [net.neoforged.fml.loading.moddiscovery.readers.JarModsDotTomlModFileReader/SCAN]: Found META-INF/neoforge.mods.toml mod of type null: /workspaces/nnnn/servidor_minecraft/mods/accessories-neoforge-1.1.0-beta.53+1.21.1.jar
[15Aug2026 02:26:02.075] [main/DEBUG] [net.neoforged.fml.loading.moddiscovery.ModFileParser/LOADING]: Considering mod file candidate /workspaces/nnnn/servidor_minecraft/mods/accessories-neoforge-1.1.0-beta.53+1.21.1.jar
[15Aug2026 02:26:02.078] [main/DEBUG] [net.neoforged.fml.loading.moddiscovery.ModFileInfo/LOADING]: Found valid mod file accessories-neoforge-1.1.0-beta.53+1.21.1.jar with {accessories} mods - versions {1.1.0-beta.53+1.21.1}
[15Aug2026 02:26:02.078] [main/INFO] [net.neoforged.fml.loading.moddiscovery.ModDiscoverer/SCAN]: Found mod file "accessories-neoforge-1.1.0-beta.53+1.21.1.jar" [locator: {mods folder locator at /workspaces/nnnn/servidor_minecraft/mods}, reader: mod manifest]
[15Aug2026 02:26:02.079] [main/DEBUG] [net.neoforged.fml.loading.moddiscovery.readers.JarModsDotTomlModFileReader/SCAN]: Found META-INF/neoforge.mods.toml mod of type null: /workspaces/nnnn/servidor_minecraft/mods/adventuredungeons-neoforge-1.21-1.3.1.jar
[15Aug2026 02:26:02.079] [main/DEBUG] [net.neoforged.fml.loading.moddiscovery.ModFileParser/LOADING]: Considering mod file candidate /workspaces/nnnn/servidor_minecraft/mods/adventuredungeons-neoforge-1.21-1.3.1.jar
[15Aug2026 02:26:02.082] [main/DEBUG] [net.neoforged.fml.loading.moddiscovery.ModFileInfo/LOADING]: Found valid mod file adventuredungeons-neoforge-1.21-1.3.1.jar with {adventuredungeons} mods - versions {1.3.1}
[15Aug2026 02:26:02.082] [main/INFO] [net.neoforged.fml.loading.moddiscovery.ModDiscoverer/SCAN]: Found mod file "adventuredungeons-neoforge-1.21-1.3.1.jar" [locator: {mods folder locator at /workspaces/nnnn/servidor_minecraft/mods}, reader: mod manifest]
[15Aug2026 02:26:02.083] [main/DEBUG] [net.neoforged.fml.loading.moddiscovery.readers.JarModsDotTomlModFileReader/SCAN]: Found META-INF/neoforge.mods.toml mod of type null: /workspaces/nnnn/servidor_minecraft/mods/alloy_smelter-neoforge-1.21.1-1.2.1.jar
[15Aug2026 02:26:02.083] [main/DEBUG] [net.neoforged.fml.loading.moddiscovery.ModFileParser/LOADING]: Considering mod file candidate /workspaces/nnnn/servidor_minecraft/mods/alloy_smelter-neoforge-1.21.1-1.2.1.jar
[15Aug2026 02:26:02.088] [main/DEBUG] [net.neoforged.fml.loading.moddiscovery.ModFileInfo/LOADING]: Found valid mod file alloy_smelter-neoforge-1.21.1-1.2.1.jar with {alloy_smelter} mods - versions {1.2.1}
[15Aug2026 02:26:02.088] [main/INFO] [net.neoforged.fml.loading.moddiscovery.ModDiscoverer/SCAN]: Found mod file "alloy_smelter-neoforge-1.21.1-1.2.1.jar" [locator: {mods folder locator at /workspaces/nnnn/servidor_minecraft/mods}, reader: mod manifest]
[15Aug2026 02:26:02.089] [main/DEBUG] [net.neoforged.fml.loading.moddiscovery.readers.JarModsDotTomlModFileReader/SCAN]: Found META-INF/neoforge.mods.toml mod of type null: /workspaces/nnnn/servidor_minecraft/mods/archers-neoforge-2.7.0+1.21.1.jar
[15Aug2026 02:26:02.089] [main/DEBUG] [net.neoforged.fml.loading.moddiscovery.ModFileParser/LOADING]: Considering mod file candidate /workspaces/nnnn/servidor_minecraft/mods/archers-neoforge-2.7.0+1.21.1.jar
[15Aug2026 02:26:02.092] [main/DEBUG] [net.neoforged.fml.loading.moddiscovery.ModFileInfo/LOADING]: Found valid mod file archers-neoforge-2.7.0+1.21.1.jar with {archers} mods - versions {2.7.0}
[15Aug2026 02:26:02.092] [main/INFO] [net.neoforged.fml.loading.moddiscovery.ModDiscoverer/SCAN]: Found mod file "archers-neoforge-2.7.0+1.21.1.jar" [locator: {mods folder locator at /workspaces/nnnn/servidor_minecraft/mods}, reader: mod manifest]
[15Aug2026 02:26:02.093] [main/DEBUG] [net.neoforged.fml.loading.moddiscovery.readers.JarModsDotTomlModFileReader/SCAN]: Found META-INF/neoforge.mods.toml mod of type null: /workspaces/nnnn/servidor_minecraft/mods/architectury-13.0.8-neoforge.jar
[15Aug2026 02:26:02.093] [main/DEBUG] [net.neoforged.fml.loading.moddiscovery.ModFileParser/LOADING]: Considering mod file candidate /workspaces/nnnn/servidor_minecraft/mods/architectury-13.0.8-neoforge.jar
[15Aug2026 02:26:02.095] [main/DEBUG] [net.neoforged.fml.loading.moddiscovery.ModFileInfo/LOADING]: Found valid mod file architectury-13.0.8-neoforge.jar with {architectury} mods - versions {13.0.8}
[15Aug2026 02:26:02.095] [main/INFO] [net.neoforged.fml.loading.moddiscovery.ModDiscoverer/SCAN]: Found mod file "architectury-13.0.8-neoforge.jar" [locator: {mods folder locator at /workspaces/nnnn/servidor_minecraft/mods}, reader: mod manifest]
[15Aug2026 02:26:02.097] [main/DEBUG] [net.neoforged.fml.loading.moddiscovery.readers.JarModsDotTomlModFileReader/SCAN]: Found META-INF/neoforge.mods.toml mod of type null: /workspaces/nnnn/servidor_minecraft/mods/Armageddon for 1.21.1 (v2.0.8c) - The Madness Update.jar
[15Aug2026 02:26:02.097] [main/DEBUG] [net.neoforged.fml.loading.moddiscovery.ModFileParser/LOADING]: Considering mod file candidate /workspaces/nnnn/servidor_minecraft/mods/Armageddon for 1.21.1 (v2.0.8c) - The Madness Update.jar
[15Aug2026 02:26:02.135] [main/DEBUG] [net.neoforged.fml.loading.moddiscovery.ModFileInfo/LOADING]: Found valid mod file Armageddon for 1.21.1 (v2.0.8c) - The Madness Update.jar with {armageddon_mod} mods - versions {2.0.8}
[15Aug2026 02:26:02.135] [main/INFO] [net.neoforged.fml.loading.moddiscovery.ModDiscoverer/SCAN]: Found mod file "Armageddon for 1.21.1 (v2.0.8c) - The Madness Update.jar" [locator: {mods folder locator at /workspaces/nnnn/servidor_minecraft/mods}, reader: mod manifest]
[15Aug2026 02:26:02.136] [main/DEBUG] [net.neoforged.fml.loading.moddiscovery.readers.JarModsDotTomlModFileReader/SCAN]: Found META-INF/neoforge.mods.toml mod of type null: /workspaces/nnnn/servidor_minecraft/mods/arsenal-neoforge-1.4.2+1.21.1.jar
[15Aug2026 02:26:02.136] [main/DEBUG] [net.neoforged.fml.loading.moddiscovery.ModFileParser/LOADING]: Considering mod file candidate /workspaces/nnnn/servidor_minecraft/mods/arsenal-neoforge-1.4.2+1.21.1.jar
[15Aug2026 02:26:02.137] [main/DEBUG] [net.neoforged.fml.loading.moddiscovery.ModFileInfo/LOADING]: Found valid mod file arsenal-neoforge-1.4.2+1.21.1.jar with {arsenal} mods - versions {1.4.2}
[15Aug2026 02:26:02.137] [main/INFO] [net.neoforged.fml.loading.moddiscovery.ModDiscoverer/SCAN]: Found mod file "arsenal-neoforge-1.4.2+1.21.1.jar" [locator: {mods folder locator at /workspaces/nnnn/servidor_minecraft/mods}, reader: mod manifest]
[15Aug2026 02:26:02.138] [main/DEBUG] [net.neoforged.fml.loading.moddiscovery.readers.JarModsDotTomlModFileReader/SCAN]: Found META-INF/neoforge.mods.toml mod of type null: /workspaces/nnnn/servidor_minecraft/mods/artifacts-neoforge-13.2.1.jar
[15Aug2026 02:26:02.138] [main/DEBUG] [net.neoforged.fml.loading.moddiscovery.ModFileParser/LOADING]: Considering mod file candidate /workspaces/nnnn/servidor_minecraft/mods/artifacts-neoforge-13.2.1.jar
[15Aug2026 02:26:02.140] [main/DEBUG] [net.neoforged.fml.loading.moddiscovery.ModFileInfo/LOADING]: Found valid mod file artifacts-neoforge-13.2.1.jar with {artifacts} mods - versions {13.2.1}
[15Aug2026 02:26:02.140] [main/INFO] [net.neoforged.fml.loading.moddiscovery.ModDiscoverer/SCAN]: Found mod file "artifacts-neoforge-13.2.1.jar" [locator: {mods folder locator at /workspaces/nnnn/servidor_minecraft/mods}, reader: mod manifest]
[15Aug2026 02:26:02.141] [main/DEBUG] [net.neoforged.fml.loading.moddiscovery.readers.JarModsDotTomlModFileReader/SCAN]: Found META-INF/neoforge.mods.toml mod of type null: /workspaces/nnnn/servidor_minecraft/mods/ATi Structures Vanilla V1.4.4 (1.21+).jar
[15Aug2026 02:26:02.141] [main/DEBUG] [net.neoforged.fml.loading.moddiscovery.ModFileParser/LOADING]: Considering mod file candidate /workspaces/nnnn/servidor_minecraft/mods/ATi Structures Vanilla V1.4.4 (1.21+).jar
[15Aug2026 02:26:02.142] [main/DEBUG] [net.neoforged.fml.loading.moddiscovery.ModFileInfo/LOADING]: Found valid mod file ATi Structures Vanilla V1.4.4 (1.21+).jar with {atistructures} mods - versions {1.4.0}
[15Aug2026 02:26:02.142] [main/INFO] [net.neoforged.fml.loading.moddiscovery.ModDiscoverer/SCAN]: Found mod file "ATi Structures Vanilla V1.4.4 (1.21+).jar" [locator: {mods folder locator at /workspaces/nnnn/servidor_minecraft/mods}, reader: mod manifest]
[15Aug2026 02:26:02.143] [main/DEBUG] [net.neoforged.fml.loading.moddiscovery.readers.JarModsDotTomlModFileReader/SCAN]: Found META-INF/neoforge.mods.toml mod of type null: /workspaces/nnnn/servidor_minecraft/mods/attributefix-neoforge-1.21.1-21.1.3.jar
[15Aug2026 02:26:02.143] [main/DEBUG] [net.neoforged.fml.loading.moddiscovery.ModFileParser/LOADING]: Considering mod file candidate /workspaces/nnnn/servidor_minecraft/mods/attributefix-neoforge-1.21.1-21.1.3.jar
[15Aug2026 02:26:02.145] [main/DEBUG] [net.neoforged.fml.loading.moddiscovery.ModFileInfo/LOADING]: Found valid mod file attributefix-neoforge-1.21.1-21.1.3.jar with {attributefix} mods - versions {21.1.3}
[15Aug2026 02:26:02.145] [main/INFO] [net.neoforged.fml.loading.moddiscovery.ModDiscoverer/SCAN]: Found mod file "attributefix-neoforge-1.21.1-21.1.3.jar" [locator: {mods folder locator at /workspaces/nnnn/servidor_minecraft/mods}, reader: mod manifest]
[15Aug2026 02:26:02.146] [main/DEBUG] [net.neoforged.fml.loading.moddiscovery.readers.JarModsDotTomlModFileReader/SCAN]: Found META-INF/neoforge.mods.toml mod of type null: /workspaces/nnnn/servidor_minecraft/mods/azurelibarmor-neo-1.21.1-3.1.3.jar
[15Aug2026 02:26:02.146] [main/DEBUG] [net.neoforged.fml.loading.moddiscovery.ModFileParser/LOADING]: Considering mod file candidate /workspaces/nnnn/servidor_minecraft/mods/azurelibarmor-neo-1.21.1-3.1.3.jar
[15Aug2026 02:26:02.148] [main/DEBUG] [net.neoforged.fml.loading.moddiscovery.ModFileInfo/LOADING]: Found valid mod file azurelibarmor-neo-1.21.1-3.1.3.jar with {azurelibarmor} mods - versions {3.1.3}
[15Aug2026 02:26:02.148] [main/INFO] [net.neoforged.fml.loading.moddiscovery.ModDiscoverer/SCAN]: Found mod file "azurelibarmor-neo-1.21.1-3.1.3.jar" [locator: {mods folder locator at /workspaces/nnnn/servidor_minecraft/mods}, reader: mod manifest]
[15Aug2026 02:26:02.148] [main/DEBUG] [net.neoforged.fml.loading.moddiscovery.readers.JarModsDotTomlModFileReader/SCAN]: Found META-INF/neoforge.mods.toml mod of type null: /workspaces/nnnn/servidor_minecraft/mods/baguettelib-1.21.1-NeoForge-2.0.3.jar
[15Aug2026 02:26:02.149] [main/DEBUG] [net.neoforged.fml.loading.moddiscovery.ModFileParser/LOADING]: Considering mod file candidate /workspaces/nnnn/servidor_minecraft/mods/baguettelib-1.21.1-NeoForge-2.0.3.jar
[15Aug2026 02:26:02.150] [main/DEBUG] [net.neoforged.fml.loading.moddiscovery.ModFileInfo/LOADING]: Found valid mod file baguettelib-1.21.1-NeoForge-2.0.3.jar with {baguettelib} mods - versions {2.0.3}
[15Aug2026 02:26:02.150] [main/INFO] [net.neoforged.fml.loading.moddiscovery.ModDiscoverer/SCAN]: Found mod file "baguettelib-1.21.1-NeoForge-2.0.3.jar" [locator: {mods folder locator at /workspaces/nnnn/servidor_minecraft/mods}, reader: mod manifest]
[15Aug2026 02:26:02.151] [main/DEBUG] [net.neoforged.fml.loading.moddiscovery.readers.JarModsDotTomlModFileReader/SCAN]: Found META-INF/neoforge.mods.toml mod of type null: /workspaces/nnnn/servidor_minecraft/mods/balm-neoforge-1.21.1-21.0.56.jar
[15Aug2026 02:26:02.151] [main/DEBUG] [net.neoforged.fml.loading.moddiscovery.ModFileParser/LOADING]: Considering mod file candidate /workspaces/nnnn/servidor_minecraft/mods/balm-neoforge-1.21.1-21.0.56.jar
[15Aug2026 02:26:02.153] [main/DEBUG] [net.neoforged.fml.loading.moddiscovery.ModFileInfo/LOADING]: Found valid mod file balm-neoforge-1.21.1-21.0.56.jar with {balm} mods - versions {21.0.56}
[15Aug2026 02:26:02.153] [main/INFO] [net.neoforged.fml.loading.moddiscovery.ModDiscoverer/SCAN]: Found mod file "balm-neoforge-1.21.1-21.0.56.jar" [locator: {mods folder locator at /workspaces/nnnn/servidor_minecraft/mods}, reader: mod manifest]
[15Aug2026 02:26:02.153] [main/DEBUG] [net.neoforged.fml.loading.moddiscovery.readers.JarModsDotTomlModFileReader/SCAN]: Found META-INF/neoforge.mods.toml mod of type null: /workspaces/nnnn/servidor_minecraft/mods/beginnersdelight-0.4.0+1.21.1-neoforge.jar
[15Aug2026 02:26:02.153] [main/DEBUG] [net.neoforged.fml.loading.moddiscovery.ModFileParser/LOADING]: Considering mod file candidate /workspaces/nnnn/servidor_minecraft/mods/beginnersdelight-0.4.0+1.21.1-neoforge.jar
[15Aug2026 02:26:02.155] [main/DEBUG] [net.neoforged.fml.loading.moddiscovery.ModFileInfo/LOADING]: Found valid mod file beginnersdelight-0.4.0+1.21.1-neoforge.jar with {beginnersdelight} mods - versions {0.4.0}
[15Aug2026 02:26:02.155] [main/INFO] [net.neoforged.fml.loading.moddiscovery.ModDiscoverer/SCAN]: Found mod file "beginnersdelight-0.4.0+1.21.1-neoforge.jar" [locator: {mods folder locator at /workspaces/nnnn/servidor_minecraft/mods}, reader: mod manifest]
[15Aug2026 02:26:02.155] [main/DEBUG] [net.neoforged.fml.loading.moddiscovery.readers.JarModsDotTomlModFileReader/SCAN]: Found META-INF/neoforge.mods.toml mod of type null: /workspaces/nnnn/servidor_minecraft/mods/better_starting_armors-1.0.1-neoforge-1.21.1.jar
[15Aug2026 02:26:02.155] [main/DEBUG] [net.neoforged.fml.loading.moddiscovery.ModFileParser/LOADING]: Considering mod file candidate /workspaces/nnnn/servidor_minecraft/mods/better_starting_armors-1.0.1-neoforge-1.21.1.jar
[15Aug2026 02:26:02.157] [main/DEBUG] [net.neoforged.fml.loading.moddiscovery.ModFileInfo/LOADING]: Found valid mod file better_starting_armors-1.0.1-neoforge-1.21.1.jar with {better_starting_armors} mods - versions {1.0.1}
[15Aug2026 02:26:02.157] [main/INFO] [net.neoforged.fml.loading.moddiscovery.ModDiscoverer/SCAN]: Found mod file "better_starting_armors-1.0.1-neoforge-1.21.1.jar" [locator: {mods folder locator at /workspaces/nnnn/servidor_minecraft/mods}, reader: mod manifest]
[15Aug2026 02:26:02.158] [main/DEBUG] [net.neoforged.fml.loading.moddiscovery.readers.JarModsDotTomlModFileReader/SCAN]: Found META-INF/neoforge.mods.toml mod of type null: /workspaces/nnnn/servidor_minecraft/mods/bettercombat-neoforge-2.3.2+1.21.1.jar
[15Aug2026 02:26:02.158] [main/DEBUG] [net.neoforged.fml.loading.moddiscovery.ModFileParser/LOADING]: Considering mod file candidate /workspaces/nnnn/servidor_minecraft/mods/bettercombat-neoforge-2.3.2+1.21.1.jar
[15Aug2026 02:26:02.159] [main/DEBUG] [net.neoforged.fml.loading.moddiscovery.ModFileInfo/LOADING]: Found valid mod file bettercombat-neoforge-2.3.2+1.21.1.jar with {bettercombat} mods - versions {2.3.2+1.21.1}
[15Aug2026 02:26:02.160] [main/INFO] [net.neoforged.fml.loading.moddiscovery.ModDiscoverer/SCAN]: Found mod file "bettercombat-neoforge-2.3.2+1.21.1.jar" [locator: {mods folder locator at /workspaces/nnnn/servidor_minecraft/mods}, reader: mod manifest]
[15Aug2026 02:26:02.160] [main/DEBUG] [net.neoforged.fml.loading.moddiscovery.readers.JarModsDotTomlModFileReader/SCAN]: Found META-INF/neoforge.mods.toml mod of type null: /workspaces/nnnn/servidor_minecraft/mods/biolith-neoforge-3.0.11.jar
[15Aug2026 02:26:02.160] [main/DEBUG] [net.neoforged.fml.loading.moddiscovery.ModFileParser/LOADING]: Considering mod file candidate /workspaces/nnnn/servidor_minecraft/mods/biolith-neoforge-3.0.11.jar
[15Aug2026 02:26:02.162] [main/DEBUG] [net.neoforged.fml.loading.moddiscovery.ModFileInfo/LOADING]: Found valid mod file biolith-neoforge-3.0.11.jar with {biolith} mods - versions {3.0.11}
[15Aug2026 02:26:02.162] [main/INFO] [net.neoforged.fml.loading.moddiscovery.ModDiscoverer/SCAN]: Found mod file "biolith-neoforge-3.0.11.jar" [locator: {mods folder locator at /workspaces/nnnn/servidor_minecraft/mods}, reader: mod manifest]
[15Aug2026 02:26:02.164] [main/DEBUG] [net.neoforged.fml.loading.moddiscovery.readers.JarModsDotTomlModFileReader/SCAN]: Found META-INF/neoforge.mods.toml mod of type null: /workspaces/nnnn/servidor_minecraft/mods/block_factorys_bosses-2.1.1-neo-1.21.1.jar
[15Aug2026 02:26:02.164] [main/DEBUG] [net.neoforged.fml.loading.moddiscovery.ModFileParser/LOADING]: Considering mod file candidate /workspaces/nnnn/servidor_minecraft/mods/block_factorys_bosses-2.1.1-neo-1.21.1.jar
[15Aug2026 02:26:02.167] [main/DEBUG] [net.neoforged.fml.loading.moddiscovery.ModFileInfo/LOADING]: Found valid mod file block_factorys_bosses-2.1.1-neo-1.21.1.jar with {block_factorys_bosses} mods - versions {2.1.1}
[15Aug2026 02:26:02.167] [main/INFO] [net.neoforged.fml.loading.moddiscovery.ModDiscoverer/SCAN]: Found mod file "block_factorys_bosses-2.1.1-neo-1.21.1.jar" [locator: {mods folder locator at /workspaces/nnnn/servidor_minecraft/mods}, reader: mod manifest]
[15Aug2026 02:26:02.167] [main/DEBUG] [net.neoforged.fml.loading.moddiscovery.readers.JarModsDotTomlModFileReader/SCAN]: Found META-INF/neoforge.mods.toml mod of type null: /workspaces/nnnn/servidor_minecraft/mods/bookshelf-neoforge-1.21.1-21.1.81.jar
[15Aug2026 02:26:02.168] [main/DEBUG] [net.neoforged.fml.loading.moddiscovery.ModFileParser/LOADING]: Considering mod file candidate /workspaces/nnnn/servidor_minecraft/mods/bookshelf-neoforge-1.21.1-21.1.81.jar
[15Aug2026 02:26:02.169] [main/DEBUG] [net.neoforged.fml.loading.moddiscovery.ModFileInfo/LOADING]: Found valid mod file bookshelf-neoforge-1.21.1-21.1.81.jar with {bookshelf} mods - versions {21.1.81}
[15Aug2026 02:26:02.169] [main/INFO] [net.neoforged.fml.loading.moddiscovery.ModDiscoverer/SCAN]: Found mod file "bookshelf-neoforge-1.21.1-21.1.81.jar" [locator: {mods folder locator at /workspaces/nnnn/servidor_minecraft/mods}, reader: mod manifest]
[15Aug2026 02:26:02.170] [main/DEBUG] [net.neoforged.fml.loading.moddiscovery.readers.JarModsDotTomlModFileReader/SCAN]: Found META-INF/neoforge.mods.toml mod of type null: /workspaces/nnnn/servidor_minecraft/mods/born_in_chaos_[Neoforge]_1.21.1_1.7.5.jar
[15Aug2026 02:26:02.171] [main/DEBUG] [net.neoforged.fml.loading.moddiscovery.ModFileParser/LOADING]: Considering mod file candidate /workspaces/nnnn/servidor_minecraft/mods/born_in_chaos_[Neoforge]_1.21.1_1.7.5.jar
[15Aug2026 02:26:02.172] [main/DEBUG] [net.neoforged.fml.loading.moddiscovery.ModFileInfo/LOADING]: Found valid mod file born_in_chaos_[Neoforge]_1.21.1_1.7.5.jar with {born_in_chaos_v1} mods - versions {1.7.5}
[15Aug2026 02:26:02.172] [main/INFO] [net.neoforged.fml.loading.moddiscovery.ModDiscoverer/SCAN]: Found mod file "born_in_chaos_[Neoforge]_1.21.1_1.7.5.jar" [locator: {mods folder locator at /workspaces/nnnn/servidor_minecraft/mods}, reader: mod manifest]
[15Aug2026 02:26:02.173] [main/DEBUG] [net.neoforged.fml.loading.moddiscovery.readers.JarModsDotTomlModFileReader/SCAN]: Found META-INF/neoforge.mods.toml mod of type null: /workspaces/nnnn/servidor_minecraft/mods/boss_checklist-neoforge-5.0.1.jar
[15Aug2026 02:26:02.173] [main/DEBUG] [net.neoforged.fml.loading.moddiscovery.ModFileParser/LOADING]: Considering mod file candidate /workspaces/nnnn/servidor_minecraft/mods/boss_checklist-neoforge-5.0.1.jar
[15Aug2026 02:26:02.174] [main/DEBUG] [net.neoforged.fml.loading.moddiscovery.ModFileInfo/LOADING]: Found valid mod file boss_checklist-neoforge-5.0.1.jar with {boss_checklist} mods - versions {5.0.1}
[15Aug2026 02:26:02.174] [main/INFO] [net.neoforged.fml.loading.moddiscovery.ModDiscoverer/SCAN]: Found mod file "boss_checklist-neoforge-5.0.1.jar" [locator: {mods folder locator at /workspaces/nnnn/servidor_minecraft/mods}, reader: mod manifest]
[15Aug2026 02:26:02.175] [main/DEBUG] [net.neoforged.fml.loading.moddiscovery.readers.JarModsDotTomlModFileReader/SCAN]: Found META-INF/neoforge.mods.toml mod of type null: /workspaces/nnnn/servidor_minecraft/mods/boundless-8.jar
[15Aug2026 02:26:02.175] [main/DEBUG] [net.neoforged.fml.loading.moddiscovery.ModFileParser/LOADING]: Considering mod file candidate /workspaces/nnnn/servidor_minecraft/mods/boundless-8.jar
[15Aug2026 02:26:02.176] [main/DEBUG] [net.neoforged.fml.loading.moddiscovery.ModFileInfo/LOADING]: Found valid mod file boundless-8.jar with {boundless} mods - versions {8}
[15Aug2026 02:26:02.176] [main/INFO] [net.neoforged.fml.loading.moddiscovery.ModDiscoverer/SCAN]: Found mod file "boundless-8.jar" [locator: {mods folder locator at /workspaces/nnnn/servidor_minecraft/mods}, reader: mod manifest]
[15Aug2026 02:26:02.177] [main/DEBUG] [net.neoforged.fml.loading.moddiscovery.readers.JarModsDotTomlModFileReader/SCAN]: Found META-INF/neoforge.mods.toml mod of type null: /workspaces/nnnn/servidor_minecraft/mods/bountiful-neoforge-8.0.0-beta.2.jar
[15Aug2026 02:26:02.177] [main/DEBUG] [net.neoforged.fml.loading.moddiscovery.ModFileParser/LOADING]: Considering mod file candidate /workspaces/nnnn/servidor_minecraft/mods/bountiful-neoforge-8.0.0-beta.2.jar
[15Aug2026 02:26:02.178] [main/DEBUG] [net.neoforged.fml.loading.moddiscovery.ModFileInfo/LOADING]: Found valid mod file bountiful-neoforge-8.0.0-beta.2.jar with {bountiful} mods - versions {8.0.0-beta.2}
[15Aug2026 02:26:02.179] [main/INFO] [net.neoforged.fml.loading.moddiscovery.ModDiscoverer/SCAN]: Found mod file "bountiful-neoforge-8.0.0-beta.2.jar" [locator: {mods folder locator at /workspaces/nnnn/servidor_minecraft/mods}, reader: mod manifest]
[15Aug2026 02:26:02.179] [main/DEBUG] [net.neoforged.fml.loading.moddiscovery.readers.JarModsDotTomlModFileReader/SCAN]: Found META-INF/neoforge.mods.toml mod of type null: /workspaces/nnnn/servidor_minecraft/mods/bundle-api-neoforge-1.1.0.jar
[15Aug2026 02:26:02.179] [main/DEBUG] [net.neoforged.fml.loading.moddiscovery.ModFileParser/LOADING]: Considering mod file candidate /workspaces/nnnn/servidor_minecraft/mods/bundle-api-neoforge-1.1.0.jar
[15Aug2026 02:26:02.180] [main/DEBUG] [net.neoforged.fml.loading.moddiscovery.ModFileInfo/LOADING]: Found valid mod file bundle-api-neoforge-1.1.0.jar with {bundleapi} mods - versions {1.1.0}
[15Aug2026 02:26:02.180] [main/INFO] [net.neoforged.fml.loading.moddiscovery.ModDiscoverer/SCAN]: Found mod file "bundle-api-neoforge-1.1.0.jar" [locator: {mods folder locator at /workspaces/nnnn/servidor_minecraft/mods}, reader: mod manifest]
[15Aug2026 02:26:02.181] [main/DEBUG] [net.neoforged.fml.loading.moddiscovery.readers.JarModsDotTomlModFileReader/SCAN]: Found META-INF/neoforge.mods.toml mod of type null: /workspaces/nnnn/servidor_minecraft/mods/cataclysm_compat_1.21.1-1.0.2.jar
[15Aug2026 02:26:02.181] [main/DEBUG] [net.neoforged.fml.loading.moddiscovery.ModFileParser/LOADING]: Considering mod file candidate /workspaces/nnnn/servidor_minecraft/mods/cataclysm_compat_1.21.1-1.0.2.jar
[15Aug2026 02:26:02.182] [main/DEBUG] [net.neoforged.fml.loading.moddiscovery.ModFileInfo/LOADING]: Found valid mod file cataclysm_compat_1.21.1-1.0.2.jar with {cataclysm_compat} mods - versions {1.0.2}
[15Aug2026 02:26:02.182] [main/INFO] [net.neoforged.fml.loading.moddiscovery.ModDiscoverer/SCAN]: Found mod file "cataclysm_compat_1.21.1-1.0.2.jar" [locator: {mods folder locator at /workspaces/nnnn/servidor_minecraft/mods}, reader: mod manifest]
[15Aug2026 02:26:02.182] [main/DEBUG] [net.neoforged.fml.loading.moddiscovery.readers.JarModsDotTomlModFileReader/SCAN]: Found META-INF/neoforge.mods.toml mod of type null: /workspaces/nnnn/servidor_minecraft/mods/chalk-1.6.11.jar
[15Aug2026 02:26:02.182] [main/DEBUG] [net.neoforged.fml.loading.moddiscovery.ModFileParser/LOADING]: Considering mod file candidate /workspaces/nnnn/servidor_minecraft/mods/chalk-1.6.11.jar
[15Aug2026 02:26:02.185] [main/DEBUG] [net.neoforged.fml.loading.moddiscovery.ModFileInfo/LOADING]: Found valid mod file chalk-1.6.11.jar with {chalk} mods - versions {1.6.11}
[15Aug2026 02:26:02.185] [main/INFO] [net.neoforged.fml.loading.moddiscovery.ModDiscoverer/SCAN]: Found mod file "chalk-1.6.11.jar" [locator: {mods folder locator at /workspaces/nnnn/servidor_minecraft/mods}, reader: mod manifest]
[15Aug2026 02:26:02.186] [main/DEBUG] [net.neoforged.fml.loading.moddiscovery.readers.JarModsDotTomlModFileReader/SCAN]: Found META-INF/neoforge.mods.toml mod of type null: /workspaces/nnnn/servidor_minecraft/mods/chloride-NEOFORGE-mc1.21.1-v1.7.7.jar
[15Aug2026 02:26:02.188] [main/DEBUG] [net.neoforged.fml.loading.moddiscovery.ModFileParser/LOADING]: Considering mod file candidate /workspaces/nnnn/servidor_minecraft/mods/chloride-NEOFORGE-mc1.21.1-v1.7.7.jar
[15Aug2026 02:26:02.189] [main/DEBUG] [net.neoforged.fml.loading.moddiscovery.ModFileInfo/LOADING]: Found valid mod file chloride-NEOFORGE-mc1.21.1-v1.7.7.jar with {chloride} mods - versions {1.7.7}
[15Aug2026 02:26:02.189] [main/INFO] [net.neoforged.fml.loading.moddiscovery.ModDiscoverer/SCAN]: Found mod file "chloride-NEOFORGE-mc1.21.1-v1.7.7.jar" [locator: {mods folder locator at /workspaces/nnnn/servidor_minecraft/mods}, reader: mod manifest]
[15Aug2026 02:26:02.190] [main/DEBUG] [net.neoforged.fml.loading.moddiscovery.readers.JarModsDotTomlModFileReader/SCAN]: Found META-INF/neoforge.mods.toml mod of type null: /workspaces/nnnn/servidor_minecraft/mods/chunksending-1.21-2.9.jar
[15Aug2026 02:26:02.191] [main/DEBUG] [net.neoforged.fml.loading.moddiscovery.ModFileParser/LOADING]: Considering mod file candidate /workspaces/nnnn/servidor_minecraft/mods/chunksending-1.21-2.9.jar
[15Aug2026 02:26:02.192] [main/DEBUG] [net.neoforged.fml.loading.moddiscovery.ModFileInfo/LOADING]: Found valid mod file chunksending-1.21-2.9.jar with {chunksending} mods - versions {2.9}
[15Aug2026 02:26:02.192] [main/INFO] [net.neoforged.fml.loading.moddiscovery.ModDiscoverer/SCAN]: Found mod file "chunksending-1.21-2.9.jar" [locator: {mods folder locator at /workspaces/nnnn/servidor_minecraft/mods}, reader: mod manifest]
[15Aug2026 02:26:02.193] [main/DEBUG] [net.neoforged.fml.loading.moddiscovery.readers.JarModsDotTomlModFileReader/SCAN]: Found META-INF/neoforge.mods.toml mod of type null: /workspaces/nnnn/servidor_minecraft/mods/Chunky-NeoForge-1.4.23.jar
[15Aug2026 02:26:02.193] [main/DEBUG] [net.neoforged.fml.loading.moddiscovery.ModFileParser/LOADING]: Considering mod file candidate /workspaces/nnnn/servidor_minecraft/mods/Chunky-NeoForge-1.4.23.jar
[15Aug2026 02:26:02.194] [main/DEBUG] [net.neoforged.fml.loading.moddiscovery.ModFileInfo/LOADING]: Found valid mod file Chunky-NeoForge-1.4.23.jar with {chunky} mods - versions {1.4.23}
[15Aug2026 02:26:02.194] [main/INFO] [net.neoforged.fml.loading.moddiscovery.ModDiscoverer/SCAN]: Found mod file "Chunky-NeoForge-1.4.23.jar" [locator: {mods folder locator at /workspaces/nnnn/servidor_minecraft/mods}, reader: mod manifest]
[15Aug2026 02:26:02.195] [main/DEBUG] [net.neoforged.fml.loading.moddiscovery.readers.JarModsDotTomlModFileReader/SCAN]: Found META-INF/neoforge.mods.toml mod of type null: /workspaces/nnnn/servidor_minecraft/mods/cloth-config-15.0.140-neoforge.jar
[15Aug2026 02:26:02.196] [main/DEBUG] [net.neoforged.fml.loading.moddiscovery.ModFileParser/LOADING]: Considering mod file candidate /workspaces/nnnn/servidor_minecraft/mods/cloth-config-15.0.140-neoforge.jar
[15Aug2026 02:26:02.196] [main/DEBUG] [net.neoforged.fml.loading.moddiscovery.ModFileInfo/LOADING]: Found valid mod file cloth-config-15.0.140-neoforge.jar with {cloth_config} mods - versions {15.0.140}
[15Aug2026 02:26:02.196] [main/INFO] [net.neoforged.fml.loading.moddiscovery.ModDiscoverer/SCAN]: Found mod file "cloth-config-15.0.140-neoforge.jar" [locator: {mods folder locator at /workspaces/nnnn/servidor_minecraft/mods}, reader: mod manifest]
[15Aug2026 02:26:02.197] [main/DEBUG] [net.neoforged.fml.loading.moddiscovery.readers.JarModsDotTomlModFileReader/SCAN]: Found META-INF/neoforge.mods.toml mod of type null: /workspaces/nnnn/servidor_minecraft/mods/Clumps-neoforge-1.21.1-19.0.0.1.jar
[15Aug2026 02:26:02.197] [main/DEBUG] [net.neoforged.fml.loading.moddiscovery.ModFileParser/LOADING]: Considering mod file candidate /workspaces/nnnn/servidor_minecraft/mods/Clumps-neoforge-1.21.1-19.0.0.1.jar
[15Aug2026 02:26:02.198] [main/DEBUG] [net.neoforged.fml.loading.moddiscovery.ModFileInfo/LOADING]: Found valid mod file Clumps-neoforge-1.21.1-19.0.0.1.jar with {clumps} mods - versions {19.0.0.1}
[15Aug2026 02:26:02.198] [main/INFO] [net.neoforged.fml.loading.moddiscovery.ModDiscoverer/SCAN]: Found mod file "Clumps-neoforge-1.21.1-19.0.0.1.jar" [locator: {mods folder locator at /workspaces/nnnn/servidor_minecraft/mods}, reader: mod manifest]
[15Aug2026 02:26:02.199] [main/DEBUG] [net.neoforged.fml.loading.moddiscovery.readers.JarModsDotTomlModFileReader/SCAN]: Found META-INF/neoforge.mods.toml mod of type null: /workspaces/nnnn/servidor_minecraft/mods/clutternomore-1.1.9+1.21.1-neoforge.jar
[15Aug2026 02:26:02.199] [main/DEBUG] [net.neoforged.fml.loading.moddiscovery.ModFileParser/LOADING]: Considering mod file candidate /workspaces/nnnn/servidor_minecraft/mods/clutternomore-1.1.9+1.21.1-neoforge.jar
[15Aug2026 02:26:02.200] [main/DEBUG] [net.neoforged.fml.loading.moddiscovery.ModFileInfo/LOADING]: Found valid mod file clutternomore-1.1.9+1.21.1-neoforge.jar with {clutternomore} mods - versions {1.1.9+1.21.1}
[15Aug2026 02:26:02.200] [main/INFO] [net.neoforged.fml.loading.moddiscovery.ModDiscoverer/SCAN]: Found mod file "clutternomore-1.1.9+1.21.1-neoforge.jar" [locator: {mods folder locator at /workspaces/nnnn/servidor_minecraft/mods}, reader: mod manifest]
[15Aug2026 02:26:02.201] [main/DEBUG] [net.neoforged.fml.loading.moddiscovery.readers.JarModsDotTomlModFileReader/SCAN]: Found META-INF/neoforge.mods.toml mod of type null: /workspaces/nnnn/servidor_minecraft/mods/collective-1.21.1-8.22.jar
[15Aug2026 02:26:02.201] [main/DEBUG] [net.neoforged.fml.loading.moddiscovery.ModFileParser/LOADING]: Considering mod file candidate /workspaces/nnnn/servidor_minecraft/mods/collective-1.21.1-8.22.jar
[15Aug2026 02:26:02.203] [main/DEBUG] [net.neoforged.fml.loading.moddiscovery.ModFileInfo/LOADING]: Found valid mod file collective-1.21.1-8.22.jar with {collective} mods - versions {8.22}
[15Aug2026 02:26:02.203] [main/INFO] [net.neoforged.fml.loading.moddiscovery.ModDiscoverer/SCAN]: Found mod file "collective-1.21.1-8.22.jar" [locator: {mods folder locator at /workspaces/nnnn/servidor_minecraft/mods}, reader: mod manifest]
[15Aug2026 02:26:02.204] [main/DEBUG] [net.neoforged.fml.loading.moddiscovery.readers.JarModsDotTomlModFileReader/SCAN]: Found META-INF/neoforge.mods.toml mod of type null: /workspaces/nnnn/servidor_minecraft/mods/colorwheel-neoforge-1.2.5+mc1.21.1.jar
[15Aug2026 02:26:02.204] [main/DEBUG] [net.neoforged.fml.loading.moddiscovery.ModFileParser/LOADING]: Considering mod file candidate /workspaces/nnnn/servidor_minecraft/mods/colorwheel-neoforge-1.2.5+mc1.21.1.jar
[15Aug2026 02:26:02.206] [main/DEBUG] [net.neoforged.fml.loading.moddiscovery.ModFileInfo/LOADING]: Found valid mod file colorwheel-neoforge-1.2.5+mc1.21.1.jar with {colorwheel} mods - versions {1.2.5+mc1.21.1}
[15Aug2026 02:26:02.206] [main/INFO] [net.neoforged.fml.loading.moddiscovery.ModDiscoverer/SCAN]: Found mod file "colorwheel-neoforge-1.2.5+mc1.21.1.jar" [locator: {mods folder locator at /workspaces/nnnn/servidor_minecraft/mods}, reader: mod manifest]
[15Aug2026 02:26:02.206] [main/DEBUG] [net.neoforged.fml.loading.moddiscovery.readers.JarModsDotTomlModFileReader/SCAN]: Found META-INF/neoforge.mods.toml mod of type null: /workspaces/nnnn/servidor_minecraft/mods/colorwheel_patcher-neoforge-1.0.5+mc1.21.1.jar
[15Aug2026 02:26:02.206] [main/DEBUG] [net.neoforged.fml.loading.moddiscovery.ModFileParser/LOADING]: Considering mod file candidate /workspaces/nnnn/servidor_minecraft/mods/colorwheel_patcher-neoforge-1.0.5+mc1.21.1.jar
[15Aug2026 02:26:02.207] [main/DEBUG] [net.neoforged.fml.loading.moddiscovery.ModFileInfo/LOADING]: Found valid mod file colorwheel_patcher-neoforge-1.0.5+mc1.21.1.jar with {colorwheel_patcher} mods - versions {1.0.5+mc1.21.1}
[15Aug2026 02:26:02.207] [main/INFO] [net.neoforged.fml.loading.moddiscovery.ModDiscoverer/SCAN]: Found mod file "colorwheel_patcher-neoforge-1.0.5+mc1.21.1.jar" [locator: {mods folder locator at /workspaces/nnnn/servidor_minecraft/mods}, reader: mod manifest]
[15Aug2026 02:26:02.211] [main/DEBUG] [net.neoforged.fml.loading.moddiscovery.readers.JarModsDotTomlModFileReader/SCAN]: Found META-INF/neoforge.mods.toml mod of type null: /workspaces/nnnn/servidor_minecraft/mods/configured-neoforge-1.21.1-2.6.3.jar
[15Aug2026 02:26:02.212] [main/DEBUG] [net.neoforged.fml.loading.moddiscovery.ModFileParser/LOADING]: Considering mod file candidate /workspaces/nnnn/servidor_minecraft/mods/configured-neoforge-1.21.1-2.6.3.jar
[15Aug2026 02:26:02.213] [main/DEBUG] [net.neoforged.fml.loading.moddiscovery.ModFileInfo/LOADING]: Found valid mod file configured-neoforge-1.21.1-2.6.3.jar with {configured} mods - versions {2.6.3}
[15Aug2026 02:26:02.213] [main/INFO] [net.neoforged.fml.loading.moddiscovery.ModDiscoverer/SCAN]: Found mod file "configured-neoforge-1.21.1-2.6.3.jar" [locator: {mods folder locator at /workspaces/nnnn/servidor_minecraft/mods}, reader: mod manifest]
[15Aug2026 02:26:02.214] [main/DEBUG] [net.neoforged.fml.loading.moddiscovery.readers.JarModsDotTomlModFileReader/SCAN]: Found META-INF/neoforge.mods.toml mod of type null: /workspaces/nnnn/servidor_minecraft/mods/connectivity-1.21.1-7.6.jar
[15Aug2026 02:26:02.214] [main/DEBUG] [net.neoforged.fml.loading.moddiscovery.ModFileParser/LOADING]: Considering mod file candidate /workspaces/nnnn/servidor_minecraft/mods/connectivity-1.21.1-7.6.jar
[15Aug2026 02:26:02.215] [main/DEBUG] [net.neoforged.fml.loading.moddiscovery.ModFileInfo/LOADING]: Found valid mod file connectivity-1.21.1-7.6.jar with {connectivity} mods - versions {7.6}
[15Aug2026 02:26:02.216] [main/INFO] [net.neoforged.fml.loading.moddiscovery.ModDiscoverer/SCAN]: Found mod file "connectivity-1.21.1-7.6.jar" [locator: {mods folder locator at /workspaces/nnnn/servidor_minecraft/mods}, reader: mod manifest]
[15Aug2026 02:26:02.216] [main/DEBUG] [net.neoforged.fml.loading.moddiscovery.readers.JarModsDotTomlModFileReader/SCAN]: Found META-INF/neoforge.mods.toml mod of type null: /workspaces/nnnn/servidor_minecraft/mods/Controlling-neoforge-1.21.1-19.0.5.jar
[15Aug2026 02:26:02.216] [main/DEBUG] [net.neoforged.fml.loading.moddiscovery.ModFileParser/LOADING]: Considering mod file candidate /workspaces/nnnn/servidor_minecraft/mods/Controlling-neoforge-1.21.1-19.0.5.jar
[15Aug2026 02:26:02.217] [main/DEBUG] [net.neoforged.fml.loading.moddiscovery.ModFileInfo/LOADING]: Found valid mod file Controlling-neoforge-1.21.1-19.0.5.jar with {controlling} mods - versions {19.0.5}
[15Aug2026 02:26:02.217] [main/INFO] [net.neoforged.fml.loading.moddiscovery.ModDiscoverer/SCAN]: Found mod file "Controlling-neoforge-1.21.1-19.0.5.jar" [locator: {mods folder locator at /workspaces/nnnn/servidor_minecraft/mods}, reader: mod manifest]
[15Aug2026 02:26:02.218] [main/DEBUG] [net.neoforged.fml.loading.moddiscovery.readers.JarModsDotTomlModFileReader/SCAN]: Found META-INF/neoforge.mods.toml mod of type null: /workspaces/nnnn/servidor_minecraft/mods/copperagebackport-neoforge-1.21.1-0.1.4.jar
[15Aug2026 02:26:02.218] [main/DEBUG] [net.neoforged.fml.loading.moddiscovery.ModFileParser/LOADING]: Considering mod file candidate /workspaces/nnnn/servidor_minecraft/mods/copperagebackport-neoforge-1.21.1-0.1.4.jar
[15Aug2026 02:26:02.219] [main/DEBUG] [net.neoforged.fml.loading.moddiscovery.ModFileInfo/LOADING]: Found valid mod file copperagebackport-neoforge-1.21.1-0.1.4.jar with {copperagebackport} mods - versions {0.1.4}
[15Aug2026 02:26:02.220] [main/INFO] [net.neoforged.fml.loading.moddiscovery.ModDiscoverer/SCAN]: Found mod file "copperagebackport-neoforge-1.21.1-0.1.4.jar" [locator: {mods folder locator at /workspaces/nnnn/servidor_minecraft/mods}, reader: mod manifest]
[15Aug2026 02:26:02.220] [main/DEBUG] [net.neoforged.fml.loading.moddiscovery.readers.JarModsDotTomlModFileReader/SCAN]: Found META-INF/neoforge.mods.toml mod of type null: /workspaces/nnnn/servidor_minecraft/mods/copperagebackport_durability_fix-neoforge-0.1.0.jar
[15Aug2026 02:26:02.220] [main/DEBUG] [net.neoforged.fml.loading.moddiscovery.ModFileParser/LOADING]: Considering mod file candidate /workspaces/nnnn/servidor_minecraft/mods/copperagebackport_durability_fix-neoforge-0.1.0.jar
[15Aug2026 02:26:02.221] [main/DEBUG] [net.neoforged.fml.loading.moddiscovery.ModFileInfo/LOADING]: Found valid mod file copperagebackport_durability_fix-neoforge-0.1.0.jar with {copperagebackport_durability_fix} mods - versions {0.1.0}
[15Aug2026 02:26:02.221] [main/INFO] [net.neoforged.fml.loading.moddiscovery.ModDiscoverer/SCAN]: Found mod file "copperagebackport_durability_fix-neoforge-0.1.0.jar" [locator: {mods folder locator at /workspaces/nnnn/servidor_minecraft/mods}, reader: mod manifest]
[15Aug2026 02:26:02.222] [main/DEBUG] [net.neoforged.fml.loading.moddiscovery.readers.JarModsDotTomlModFileReader/SCAN]: Found META-INF/neoforge.mods.toml mod of type null: /workspaces/nnnn/servidor_minecraft/mods/corpse-neoforge-1.21.1-1.1.13.jar
[15Aug2026 02:26:02.222] [main/DEBUG] [net.neoforged.fml.loading.moddiscovery.ModFileParser/LOADING]: Considering mod file candidate /workspaces/nnnn/servidor_minecraft/mods/corpse-neoforge-1.21.1-1.1.13.jar
[15Aug2026 02:26:02.224] [main/DEBUG] [net.neoforged.fml.loading.moddiscovery.ModFileInfo/LOADING]: Found valid mod file corpse-neoforge-1.21.1-1.1.13.jar with {corpse} mods - versions {1.21.1-1.1.13}
[15Aug2026 02:26:02.224] [main/INFO] [net.neoforged.fml.loading.moddiscovery.ModDiscoverer/SCAN]: Found mod file "corpse-neoforge-1.21.1-1.1.13.jar" [locator: {mods folder locator at /workspaces/nnnn/servidor_minecraft/mods}, reader: mod manifest]
[15Aug2026 02:26:02.225] [main/DEBUG] [net.neoforged.fml.loading.moddiscovery.readers.JarModsDotTomlModFileReader/SCAN]: Found META-INF/neoforge.mods.toml mod of type null: /workspaces/nnnn/servidor_minecraft/mods/corpsecurioscompat-1.21.1-NeoForge-4.0.1.jar
[15Aug2026 02:26:02.225] [main/DEBUG] [net.neoforged.fml.loading.moddiscovery.ModFileParser/LOADING]: Considering mod file candidate /workspaces/nnnn/servidor_minecraft/mods/corpsecurioscompat-1.21.1-NeoForge-4.0.1.jar
[15Aug2026 02:26:02.226] [main/DEBUG] [net.neoforged.fml.loading.moddiscovery.ModFileInfo/LOADING]: Found valid mod file corpsecurioscompat-1.21.1-NeoForge-4.0.1.jar with {corpsecurioscompat} mods - versions {4.0.1}
[15Aug2026 02:26:02.226] [main/INFO] [net.neoforged.fml.loading.moddiscovery.ModDiscoverer/SCAN]: Found mod file "corpsecurioscompat-1.21.1-NeoForge-4.0.1.jar" [locator: {mods folder locator at /workspaces/nnnn/servidor_minecraft/mods}, reader: mod manifest]
[15Aug2026 02:26:02.233] [main/DEBUG] [net.neoforged.fml.loading.moddiscovery.readers.JarModsDotTomlModFileReader/SCAN]: Found META-INF/neoforge.mods.toml mod of type null: /workspaces/nnnn/servidor_minecraft/mods/create-1.21.1-6.0.10.jar
[15Aug2026 02:26:02.233] [main/DEBUG] [net.neoforged.fml.loading.moddiscovery.ModFileParser/LOADING]: Considering mod file candidate /workspaces/nnnn/servidor_minecraft/mods/create-1.21.1-6.0.10.jar
[15Aug2026 02:26:02.263] [main/DEBUG] [net.neoforged.fml.loading.moddiscovery.ModFileInfo/LOADING]: Found valid mod file create-1.21.1-6.0.10.jar with {create} mods - versions {6.0.10}
[15Aug2026 02:26:02.263] [main/INFO] [net.neoforged.fml.loading.moddiscovery.ModDiscoverer/SCAN]: Found mod file "create-1.21.1-6.0.10.jar" [locator: {mods folder locator at /workspaces/nnnn/servidor_minecraft/mods}, reader: mod manifest]
[15Aug2026 02:26:02.270] [main/DEBUG] [net.neoforged.fml.loading.moddiscovery.readers.JarModsDotTomlModFileReader/SCAN]: Found META-INF/neoforge.mods.toml mod of type null: /workspaces/nnnn/servidor_minecraft/mods/create-stuff-additions1.21.1_v2.1.2.jar
[15Aug2026 02:26:02.271] [main/DEBUG] [net.neoforged.fml.loading.moddiscovery.ModFileParser/LOADING]: Considering mod file candidate /workspaces/nnnn/servidor_minecraft/mods/create-stuff-additions1.21.1_v2.1.2.jar
[15Aug2026 02:26:02.272] [main/DEBUG] [net.neoforged.fml.loading.moddiscovery.ModFileInfo/LOADING]: Found valid mod file create-stuff-additions1.21.1_v2.1.2.jar with {create_sa} mods - versions {2.1.2}
[15Aug2026 02:26:02.272] [main/INFO] [net.neoforged.fml.loading.moddiscovery.ModDiscoverer/SCAN]: Found mod file "create-stuff-additions1.21.1_v2.1.2.jar" [locator: {mods folder locator at /workspaces/nnnn/servidor_minecraft/mods}, reader: mod manifest]
[15Aug2026 02:26:02.273] [main/DEBUG] [net.neoforged.fml.loading.moddiscovery.readers.JarModsDotTomlModFileReader/SCAN]: Found META-INF/neoforge.mods.toml mod of type null: /workspaces/nnnn/servidor_minecraft/mods/cupboard-1.21-3.5.jar
[15Aug2026 02:26:02.273] [main/DEBUG] [net.neoforged.fml.loading.moddiscovery.ModFileParser/LOADING]: Considering mod file candidate /workspaces/nnnn/servidor_minecraft/mods/cupboard-1.21-3.5.jar
[15Aug2026 02:26:02.274] [main/DEBUG] [net.neoforged.fml.loading.moddiscovery.ModFileInfo/LOADING]: Found valid mod file cupboard-1.21-3.5.jar with {cupboard} mods - versions {3.5}
[15Aug2026 02:26:02.274] [main/INFO] [net.neoforged.fml.loading.moddiscovery.ModDiscoverer/SCAN]: Found mod file "cupboard-1.21-3.5.jar" [locator: {mods folder locator at /workspaces/nnnn/servidor_minecraft/mods}, reader: mod manifest]
[15Aug2026 02:26:02.275] [main/DEBUG] [net.neoforged.fml.loading.moddiscovery.readers.JarModsDotTomlModFileReader/SCAN]: Found META-INF/neoforge.mods.toml mod of type null: /workspaces/nnnn/servidor_minecraft/mods/curios-neoforge-9.5.1+1.21.1.jar
[15Aug2026 02:26:02.275] [main/DEBUG] [net.neoforged.fml.loading.moddiscovery.ModFileParser/LOADING]: Considering mod file candidate /workspaces/nnnn/servidor_minecraft/mods/curios-neoforge-9.5.1+1.21.1.jar
[15Aug2026 02:26:02.276] [main/DEBUG] [net.neoforged.fml.loading.moddiscovery.ModFileInfo/LOADING]: Found valid mod file curios-neoforge-9.5.1+1.21.1.jar with {curios} mods - versions {9.5.1+1.21.1}
[15Aug2026 02:26:02.276] [main/INFO] [net.neoforged.fml.loading.moddiscovery.ModDiscoverer/SCAN]: Found mod file "curios-neoforge-9.5.1+1.21.1.jar" [locator: {mods folder locator at /workspaces/nnnn/servidor_minecraft/mods}, reader: mod manifest]
[15Aug2026 02:26:02.278] [main/DEBUG] [net.neoforged.fml.loading.moddiscovery.readers.JarModsDotTomlModFileReader/SCAN]: Found META-INF/neoforge.mods.toml mod of type null: /workspaces/nnnn/servidor_minecraft/mods/darkerdepths-2.1.3.jar
[15Aug2026 02:26:02.278] [main/DEBUG] [net.neoforged.fml.loading.moddiscovery.ModFileParser/LOADING]: Considering mod file candidate /workspaces/nnnn/servidor_minecraft/mods/darkerdepths-2.1.3.jar
[15Aug2026 02:26:02.279] [main/DEBUG] [net.neoforged.fml.loading.moddiscovery.ModFileInfo/LOADING]: Found valid mod file darkerdepths-2.1.3.jar with {darkerdepths} mods - versions {2.1.3}
[15Aug2026 02:26:02.279] [main/INFO] [net.neoforged.fml.loading.moddiscovery.ModDiscoverer/SCAN]: Found mod file "darkerdepths-2.1.3.jar" [locator: {mods folder locator at /workspaces/nnnn/servidor_minecraft/mods}, reader: mod manifest]
[15Aug2026 02:26:02.280] [main/DEBUG] [net.neoforged.fml.loading.moddiscovery.readers.JarModsDotTomlModFileReader/SCAN]: Found META-INF/neoforge.mods.toml mod of type null: /workspaces/nnnn/servidor_minecraft/mods/databank-1.3.1.jar
[15Aug2026 02:26:02.280] [main/DEBUG] [net.neoforged.fml.loading.moddiscovery.ModFileParser/LOADING]: Considering mod file candidate /workspaces/nnnn/servidor_minecraft/mods/databank-1.3.1.jar
[15Aug2026 02:26:02.285] [main/DEBUG] [net.neoforged.fml.loading.moddiscovery.ModFileInfo/LOADING]: Found valid mod file databank-1.3.1.jar with {databank} mods - versions {1.3.1}
[15Aug2026 02:26:02.285] [main/INFO] [net.neoforged.fml.loading.moddiscovery.ModDiscoverer/SCAN]: Found mod file "databank-1.3.1.jar" [locator: {mods folder locator at /workspaces/nnnn/servidor_minecraft/mods}, reader: mod manifest]
[15Aug2026 02:26:02.286] [main/DEBUG] [net.neoforged.fml.loading.moddiscovery.readers.JarModsDotTomlModFileReader/SCAN]: Found META-INF/neoforge.mods.toml mod of type null: /workspaces/nnnn/servidor_minecraft/mods/default_skill_trees-1.1.jar
[15Aug2026 02:26:02.286] [main/DEBUG] [net.neoforged.fml.loading.moddiscovery.ModFileParser/LOADING]: Considering mod file candidate /workspaces/nnnn/servidor_minecraft/mods/default_skill_trees-1.1.jar
[15Aug2026 02:26:02.286] [main/DEBUG] [net.neoforged.fml.loading.moddiscovery.ModFileInfo/LOADING]: Found valid mod file default_skill_trees-1.1.jar with {default_skill_trees} mods - versions {1.1}
[15Aug2026 02:26:02.286] [main/INFO] [net.neoforged.fml.loading.moddiscovery.ModDiscoverer/SCAN]: Found mod file "default_skill_trees-1.1.jar" [locator: {mods folder locator at /workspaces/nnnn/servidor_minecraft/mods}, reader: mod manifest]
[15Aug2026 02:26:02.287] [main/DEBUG] [net.neoforged.fml.loading.moddiscovery.readers.JarModsDotTomlModFileReader/SCAN]: Found META-INF/neoforge.mods.toml mod of type null: /workspaces/nnnn/servidor_minecraft/mods/defaultoptions-neoforge-1.21.1-21.1.6.jar
[15Aug2026 02:26:02.287] [main/DEBUG] [net.neoforged.fml.loading.moddiscovery.ModFileParser/LOADING]: Considering mod file candidate /workspaces/nnnn/servidor_minecraft/mods/defaultoptions-neoforge-1.21.1-21.1.6.jar
[15Aug2026 02:26:02.288] [main/DEBUG] [net.neoforged.fml.loading.moddiscovery.ModFileInfo/LOADING]: Found valid mod file defaultoptions-neoforge-1.21.1-21.1.6.jar with {defaultoptions} mods - versions {21.1.6}
[15Aug2026 02:26:02.288] [main/INFO] [net.neoforged.fml.loading.moddiscovery.ModDiscoverer/SCAN]: Found mod file "defaultoptions-neoforge-1.21.1-21.1.6.jar" [locator: {mods folder locator at /workspaces/nnnn/servidor_minecraft/mods}, reader: mod manifest]
[15Aug2026 02:26:02.289] [main/DEBUG] [net.neoforged.fml.loading.moddiscovery.readers.JarModsDotTomlModFileReader/SCAN]: Found META-INF/neoforge.mods.toml mod of type null: /workspaces/nnnn/servidor_minecraft/mods/DnT-nether-fortress-overhaul-v2.4 [NeoForge].jar
[15Aug2026 02:26:02.289] [main/DEBUG] [net.neoforged.fml.loading.moddiscovery.ModFileParser/LOADING]: Considering mod file candidate /workspaces/nnnn/servidor_minecraft/mods/DnT-nether-fortress-overhaul-v2.4 [NeoForge].jar
[15Aug2026 02:26:02.291] [main/DEBUG] [net.neoforged.fml.loading.moddiscovery.ModFileInfo/LOADING]: Found valid mod file DnT-nether-fortress-overhaul-v2.4 [NeoForge].jar with {mr_dungeons_andtavernsnetherfortressoverhaul} mods - versions {1-v2.4}
[15Aug2026 02:26:02.291] [main/INFO] [net.neoforged.fml.loading.moddiscovery.ModDiscoverer/SCAN]: Found mod file "DnT-nether-fortress-overhaul-v2.4 [NeoForge].jar" [locator: {mods folder locator at /workspaces/nnnn/servidor_minecraft/mods}, reader: mod manifest]
[15Aug2026 02:26:02.291] [main/DEBUG] [net.neoforged.fml.loading.moddiscovery.readers.JarModsDotTomlModFileReader/SCAN]: Found META-INF/neoforge.mods.toml mod of type null: /workspaces/nnnn/servidor_minecraft/mods/dragonfight-1.21-4.7.jar
[15Aug2026 02:26:02.291] [main/DEBUG] [net.neoforged.fml.loading.moddiscovery.ModFileParser/LOADING]: Considering mod file candidate /workspaces/nnnn/servidor_minecraft/mods/dragonfight-1.21-4.7.jar
[15Aug2026 02:26:02.293] [main/DEBUG] [net.neoforged.fml.loading.moddiscovery.ModFileInfo/LOADING]: Found valid mod file dragonfight-1.21-4.7.jar with {dragonfight} mods - versions {4.7}
[15Aug2026 02:26:02.293] [main/INFO] [net.neoforged.fml.loading.moddiscovery.ModDiscoverer/SCAN]: Found mod file "dragonfight-1.21-4.7.jar" [locator: {mods folder locator at /workspaces/nnnn/servidor_minecraft/mods}, reader: mod manifest]
[15Aug2026 02:26:02.296] [main/DEBUG] [net.neoforged.fml.loading.moddiscovery.readers.JarModsDotTomlModFileReader/SCAN]: Found META-INF/neoforge.mods.toml mod of type null: /workspaces/nnnn/servidor_minecraft/mods/dungeons-and-taverns-v4.4.4 [NeoForge].jar
[15Aug2026 02:26:02.296] [main/DEBUG] [net.neoforged.fml.loading.moddiscovery.ModFileParser/LOADING]: Considering mod file candidate /workspaces/nnnn/servidor_minecraft/mods/dungeons-and-taverns-v4.4.4 [NeoForge].jar
[15Aug2026 02:26:02.297] [main/DEBUG] [net.neoforged.fml.loading.moddiscovery.ModFileInfo/LOADING]: Found valid mod file dungeons-and-taverns-v4.4.4 [NeoForge].jar with {mr_dungeons_andtaverns} mods - versions {1-v4.4.4}
[15Aug2026 02:26:02.298] [main/INFO] [net.neoforged.fml.loading.moddiscovery.ModDiscoverer/SCAN]: Found mod file "dungeons-and-taverns-v4.4.4 [NeoForge].jar" [locator: {mods folder locator at /workspaces/nnnn/servidor_minecraft/mods}, reader: mod manifest]
[15Aug2026 02:26:02.298] [main/DEBUG] [net.neoforged.fml.loading.moddiscovery.readers.JarModsDotTomlModFileReader/SCAN]: Found META-INF/neoforge.mods.toml mod of type null: /workspaces/nnnn/servidor_minecraft/mods/EchoChest-v21.1.1-1.21.1-NeoForge.jar
[15Aug2026 02:26:02.298] [main/DEBUG] [net.neoforged.fml.loading.moddiscovery.ModFileParser/LOADING]: Considering mod file candidate /workspaces/nnnn/servidor_minecraft/mods/EchoChest-v21.1.1-1.21.1-NeoForge.jar
[15Aug2026 02:26:02.299] [main/DEBUG] [net.neoforged.fml.loading.moddiscovery.ModFileInfo/LOADING]: Found valid mod file EchoChest-v21.1.1-1.21.1-NeoForge.jar with {echochest} mods - versions {21.1.1}
[15Aug2026 02:26:02.300] [main/INFO] [net.neoforged.fml.loading.moddiscovery.ModDiscoverer/SCAN]: Found mod file "EchoChest-v21.1.1-1.21.1-NeoForge.jar" [locator: {mods folder locator at /workspaces/nnnn/servidor_minecraft/mods}, reader: mod manifest]
[15Aug2026 02:26:02.300] [main/DEBUG] [net.neoforged.fml.loading.moddiscovery.readers.JarModsDotTomlModFileReader/SCAN]: Found META-INF/neoforge.mods.toml mod of type null: /workspaces/nnnn/servidor_minecraft/mods/emi-1.1.23+1.21.1+neoforge.jar
[15Aug2026 02:26:02.300] [main/DEBUG] [net.neoforged.fml.loading.moddiscovery.ModFileParser/LOADING]: Considering mod file candidate /workspaces/nnnn/servidor_minecraft/mods/emi-1.1.23+1.21.1+neoforge.jar
[15Aug2026 02:26:02.303] [main/DEBUG] [net.neoforged.fml.loading.moddiscovery.ModFileInfo/LOADING]: Found valid mod file emi-1.1.23+1.21.1+neoforge.jar with {emi} mods - versions {1.1.23+1.21.1+neoforge}
[15Aug2026 02:26:02.303] [main/INFO] [net.neoforged.fml.loading.moddiscovery.ModDiscoverer/SCAN]: Found mod file "emi-1.1.23+1.21.1+neoforge.jar" [locator: {mods folder locator at /workspaces/nnnn/servidor_minecraft/mods}, reader: mod manifest]
[15Aug2026 02:26:02.305] [main/DEBUG] [net.neoforged.fml.loading.moddiscovery.readers.JarModsDotTomlModFileReader/SCAN]: Found META-INF/neoforge.mods.toml mod of type null: /workspaces/nnnn/servidor_minecraft/mods/enderscape-neoforge-1.0.9+mc1.21.1.jar
[15Aug2026 02:26:02.305] [main/DEBUG] [net.neoforged.fml.loading.moddiscovery.ModFileParser/LOADING]: Considering mod file candidate /workspaces/nnnn/servidor_minecraft/mods/enderscape-neoforge-1.0.9+mc1.21.1.jar
[15Aug2026 02:26:02.347] [main/DEBUG] [net.neoforged.fml.loading.moddiscovery.ModFileInfo/LOADING]: Found valid mod file enderscape-neoforge-1.0.9+mc1.21.1.jar with {enderscape} mods - versions {1.0.9}
[15Aug2026 02:26:02.348] [main/INFO] [net.neoforged.fml.loading.moddiscovery.ModDiscoverer/SCAN]: Found mod file "enderscape-neoforge-1.0.9+mc1.21.1.jar" [locator: {mods folder locator at /workspaces/nnnn/servidor_minecraft/mods}, reader: mod manifest]
[15Aug2026 02:26:02.348] [main/DEBUG] [net.neoforged.fml.loading.moddiscovery.readers.JarModsDotTomlModFileReader/SCAN]: Found META-INF/neoforge.mods.toml mod of type null: /workspaces/nnnn/servidor_minecraft/mods/endrem-neoforge-1.21.X-6.0.2.jar
[15Aug2026 02:26:02.349] [main/DEBUG] [net.neoforged.fml.loading.moddiscovery.ModFileParser/LOADING]: Considering mod file candidate /workspaces/nnnn/servidor_minecraft/mods/endrem-neoforge-1.21.X-6.0.2.jar
[15Aug2026 02:26:02.349] [main/DEBUG] [net.neoforged.fml.loading.moddiscovery.ModFileInfo/LOADING]: Found valid mod file endrem-neoforge-1.21.X-6.0.2.jar with {endrem} mods - versions {6.0.2}
[15Aug2026 02:26:02.350] [main/INFO] [net.neoforged.fml.loading.moddiscovery.ModDiscoverer/SCAN]: Found mod file "endrem-neoforge-1.21.X-6.0.2.jar" [locator: {mods folder locator at /workspaces/nnnn/servidor_minecraft/mods}, reader: mod manifest]
[15Aug2026 02:26:02.350] [main/DEBUG] [net.neoforged.fml.loading.moddiscovery.readers.JarModsDotTomlModFileReader/SCAN]: Found META-INF/neoforge.mods.toml mod of type null: /workspaces/nnnn/servidor_minecraft/mods/entityculling-neoforge-1.9.5-mc1.21.1.jar
[15Aug2026 02:26:02.350] [main/DEBUG] [net.neoforged.fml.loading.moddiscovery.ModFileParser/LOADING]: Considering mod file candidate /workspaces/nnnn/servidor_minecraft/mods/entityculling-neoforge-1.9.5-mc1.21.1.jar
[15Aug2026 02:26:02.351] [main/DEBUG] [net.neoforged.fml.loading.moddiscovery.ModFileInfo/LOADING]: Found valid mod file entityculling-neoforge-1.9.5-mc1.21.1.jar with {entityculling} mods - versions {1.9.5}
[15Aug2026 02:26:02.351] [main/INFO] [net.neoforged.fml.loading.moddiscovery.ModDiscoverer/SCAN]: Found mod file "entityculling-neoforge-1.9.5-mc1.21.1.jar" [locator: {mods folder locator at /workspaces/nnnn/servidor_minecraft/mods}, reader: mod manifest]
[15Aug2026 02:26:02.352] [main/DEBUG] [net.neoforged.fml.loading.moddiscovery.readers.JarModsDotTomlModFileReader/SCAN]: Found META-INF/neoforge.mods.toml mod of type null: /workspaces/nnnn/servidor_minecraft/mods/EternalNether-v21.1.3-1.21.1-NeoForge.jar
[15Aug2026 02:26:02.352] [main/DEBUG] [net.neoforged.fml.loading.moddiscovery.ModFileParser/LOADING]: Considering mod file candidate /workspaces/nnnn/servidor_minecraft/mods/EternalNether-v21.1.3-1.21.1-NeoForge.jar
[15Aug2026 02:26:02.353] [main/DEBUG] [net.neoforged.fml.loading.moddiscovery.ModFileInfo/LOADING]: Found valid mod file EternalNether-v21.1.3-1.21.1-NeoForge.jar with {eternalnether} mods - versions {21.1.3}
[15Aug2026 02:26:02.353] [main/INFO] [net.neoforged.fml.loading.moddiscovery.ModDiscoverer/SCAN]: Found mod file "EternalNether-v21.1.3-1.21.1-NeoForge.jar" [locator: {mods folder locator at /workspaces/nnnn/servidor_minecraft/mods}, reader: mod manifest]
[15Aug2026 02:26:02.358] [main/DEBUG] [net.neoforged.fml.loading.moddiscovery.readers.JarModsDotTomlModFileReader/SCAN]: Found META-INF/neoforge.mods.toml mod of type null: /workspaces/nnnn/servidor_minecraft/mods/eternalstarlight-0.7.0-hotfix+1.21.1+neoforge.jar
[15Aug2026 02:26:02.358] [main/DEBUG] [net.neoforged.fml.loading.moddiscovery.ModFileParser/LOADING]: Considering mod file candidate /workspaces/nnnn/servidor_minecraft/mods/eternalstarlight-0.7.0-hotfix+1.21.1+neoforge.jar
[15Aug2026 02:26:02.360] [main/DEBUG] [net.neoforged.fml.loading.moddiscovery.ModFileInfo/LOADING]: Found valid mod file eternalstarlight-0.7.0-hotfix+1.21.1+neoforge.jar with {eternal_starlight} mods - versions {0.7.0-hotfix+1.21.1+neoforge}
[15Aug2026 02:26:02.360] [main/INFO] [net.neoforged.fml.loading.moddiscovery.ModDiscoverer/SCAN]: Found mod file "eternalstarlight-0.7.0-hotfix+1.21.1+neoforge.jar" [locator: {mods folder locator at /workspaces/nnnn/servidor_minecraft/mods}, reader: mod manifest]
[15Aug2026 02:26:02.361] [main/DEBUG] [net.neoforged.fml.loading.moddiscovery.readers.JarModsDotTomlModFileReader/SCAN]: Found META-INF/neoforge.mods.toml mod of type null: /workspaces/nnnn/servidor_minecraft/mods/ExclusionsLib-1.1.0-NEO.jar
[15Aug2026 02:26:02.361] [main/DEBUG] [net.neoforged.fml.loading.moddiscovery.ModFileParser/LOADING]: Considering mod file candidate /workspaces/nnnn/servidor_minecraft/mods/ExclusionsLib-1.1.0-NEO.jar
[15Aug2026 02:26:02.362] [main/DEBUG] [net.neoforged.fml.loading.moddiscovery.ModFileInfo/LOADING]: Found valid mod file ExclusionsLib-1.1.0-NEO.jar with {exclusions_lib} mods - versions {1.1.0-NEO}
[15Aug2026 02:26:02.362] [main/INFO] [net.neoforged.fml.loading.moddiscovery.ModDiscoverer/SCAN]: Found mod file "ExclusionsLib-1.1.0-NEO.jar" [locator: {mods folder locator at /workspaces/nnnn/servidor_minecraft/mods}, reader: mod manifest]
[15Aug2026 02:26:02.363] [main/DEBUG] [net.neoforged.fml.loading.moddiscovery.readers.JarModsDotTomlModFileReader/SCAN]: Found META-INF/neoforge.mods.toml mod of type null: /workspaces/nnnn/servidor_minecraft/mods/ExplorersCompass-1.21.1-3.4.0-neoforge.jar
[15Aug2026 02:26:02.363] [main/DEBUG] [net.neoforged.fml.loading.moddiscovery.ModFileParser/LOADING]: Considering mod file candidate /workspaces/nnnn/servidor_minecraft/mods/ExplorersCompass-1.21.1-3.4.0-neoforge.jar
[15Aug2026 02:26:02.364] [main/DEBUG] [net.neoforged.fml.loading.moddiscovery.ModFileInfo/LOADING]: Found valid mod file ExplorersCompass-1.21.1-3.4.0-neoforge.jar with {explorerscompass} mods - versions {1.21.1-3.4.0-neoforge}
[15Aug2026 02:26:02.364] [main/INFO] [net.neoforged.fml.loading.moddiscovery.ModDiscoverer/SCAN]: Found mod file "ExplorersCompass-1.21.1-3.4.0-neoforge.jar" [locator: {mods folder locator at /workspaces/nnnn/servidor_minecraft/mods}, reader: mod manifest]
[15Aug2026 02:26:02.366] [main/DEBUG] [net.neoforged.fml.loading.moddiscovery.readers.JarModsDotTomlModFileReader/SCAN]: Found META-INF/neoforge.mods.toml mod of type null: /workspaces/nnnn/servidor_minecraft/mods/fancymenu_neoforge_3.9.0_MC_1.21.1.jar
[15Aug2026 02:26:02.366] [main/DEBUG] [net.neoforged.fml.loading.moddiscovery.ModFileParser/LOADING]: Considering mod file candidate /workspaces/nnnn/servidor_minecraft/mods/fancymenu_neoforge_3.9.0_MC_1.21.1.jar
[15Aug2026 02:26:02.367] [main/DEBUG] [net.neoforged.fml.loading.moddiscovery.ModFileInfo/LOADING]: Found valid mod file fancymenu_neoforge_3.9.0_MC_1.21.1.jar with {fancymenu} mods - versions {3.9.0}
[15Aug2026 02:26:02.367] [main/INFO] [net.neoforged.fml.loading.moddiscovery.ModDiscoverer/SCAN]: Found mod file "fancymenu_neoforge_3.9.0_MC_1.21.1.jar" [locator: {mods folder locator at /workspaces/nnnn/servidor_minecraft/mods}, reader: mod manifest]
[15Aug2026 02:26:02.368] [main/DEBUG] [net.neoforged.fml.loading.moddiscovery.readers.JarModsDotTomlModFileReader/SCAN]: Found META-INF/neoforge.mods.toml mod of type null: /workspaces/nnnn/servidor_minecraft/mods/farsight-1.21.1-4.5.jar
[15Aug2026 02:26:02.368] [main/DEBUG] [net.neoforged.fml.loading.moddiscovery.ModFileParser/LOADING]: Considering mod file candidate /workspaces/nnnn/servidor_minecraft/mods/farsight-1.21.1-4.5.jar
[15Aug2026 02:26:02.369] [main/DEBUG] [net.neoforged.fml.loading.moddiscovery.ModFileInfo/LOADING]: Found valid mod file farsight-1.21.1-4.5.jar with {farsight_view} mods - versions {4.5}
[15Aug2026 02:26:02.369] [main/INFO] [net.neoforged.fml.loading.moddiscovery.ModDiscoverer/SCAN]: Found mod file "farsight-1.21.1-4.5.jar" [locator: {mods folder locator at /workspaces/nnnn/servidor_minecraft/mods}, reader: mod manifest]
[15Aug2026 02:26:02.369] [main/DEBUG] [net.neoforged.fml.loading.moddiscovery.readers.JarModsDotTomlModFileReader/SCAN]: Found META-INF/neoforge.mods.toml mod of type null: /workspaces/nnnn/servidor_minecraft/mods/fast-ip-ping-v1.0.11-mc1.21.1-neoforge.jar
[15Aug2026 02:26:02.370] [main/DEBUG] [net.neoforged.fml.loading.moddiscovery.ModFileParser/LOADING]: Considering mod file candidate /workspaces/nnnn/servidor_minecraft/mods/fast-ip-ping-v1.0.11-mc1.21.1-neoforge.jar
[15Aug2026 02:26:02.370] [main/DEBUG] [net.neoforged.fml.loading.moddiscovery.ModFileInfo/LOADING]: Found valid mod file fast-ip-ping-v1.0.11-mc1.21.1-neoforge.jar with {fastipping} mods - versions {1.0.11}
[15Aug2026 02:26:02.370] [main/INFO] [net.neoforged.fml.loading.moddiscovery.ModDiscoverer/SCAN]: Found mod file "fast-ip-ping-v1.0.11-mc1.21.1-neoforge.jar" [locator: {mods folder locator at /workspaces/nnnn/servidor_minecraft/mods}, reader: mod manifest]
[15Aug2026 02:26:02.371] [main/DEBUG] [net.neoforged.fml.loading.moddiscovery.readers.JarModsDotTomlModFileReader/SCAN]: Found META-INF/neoforge.mods.toml mod of type null: /workspaces/nnnn/servidor_minecraft/mods/fastasyncworldsave-1.21-2.6.jar
[15Aug2026 02:26:02.371] [main/DEBUG] [net.neoforged.fml.loading.moddiscovery.ModFileParser/LOADING]: Considering mod file candidate /workspaces/nnnn/servidor_minecraft/mods/fastasyncworldsave-1.21-2.6.jar
[15Aug2026 02:26:02.371] [main/DEBUG] [net.neoforged.fml.loading.moddiscovery.ModFileInfo/LOADING]: Found valid mod file fastasyncworldsave-1.21-2.6.jar with {fastasyncworldsave} mods - versions {2.6}
[15Aug2026 02:26:02.372] [main/INFO] [net.neoforged.fml.loading.moddiscovery.ModDiscoverer/SCAN]: Found mod file "fastasyncworldsave-1.21-2.6.jar" [locator: {mods folder locator at /workspaces/nnnn/servidor_minecraft/mods}, reader: mod manifest]
[15Aug2026 02:26:02.372] [main/DEBUG] [net.neoforged.fml.loading.moddiscovery.readers.JarModsDotTomlModFileReader/SCAN]: Found META-INF/neoforge.mods.toml mod of type null: /workspaces/nnnn/servidor_minecraft/mods/FastItemFrames-v21.1.6-1.21.1-NeoForge.jar
[15Aug2026 02:26:02.372] [main/DEBUG] [net.neoforged.fml.loading.moddiscovery.ModFileParser/LOADING]: Considering mod file candidate /workspaces/nnnn/servidor_minecraft/mods/FastItemFrames-v21.1.6-1.21.1-NeoForge.jar
[15Aug2026 02:26:02.373] [main/DEBUG] [net.neoforged.fml.loading.moddiscovery.ModFileInfo/LOADING]: Found valid mod file FastItemFrames-v21.1.6-1.21.1-NeoForge.jar with {fastitemframes} mods - versions {21.1.6}
[15Aug2026 02:26:02.373] [main/INFO] [net.neoforged.fml.loading.moddiscovery.ModDiscoverer/SCAN]: Found mod file "FastItemFrames-v21.1.6-1.21.1-NeoForge.jar" [locator: {mods folder locator at /workspaces/nnnn/servidor_minecraft/mods}, reader: mod manifest]
[15Aug2026 02:26:02.373] [main/DEBUG] [net.neoforged.fml.loading.moddiscovery.readers.JarModsDotTomlModFileReader/SCAN]: Found META-INF/neoforge.mods.toml mod of type null: /workspaces/nnnn/servidor_minecraft/mods/fastpaintings-1.21-1.3.0-neoforge.jar
[15Aug2026 02:26:02.373] [main/DEBUG] [net.neoforged.fml.loading.moddiscovery.ModFileParser/LOADING]: Considering mod file candidate /workspaces/nnnn/servidor_minecraft/mods/fastpaintings-1.21-1.3.0-neoforge.jar
[15Aug2026 02:26:02.374] [main/DEBUG] [net.neoforged.fml.loading.moddiscovery.ModFileInfo/LOADING]: Found valid mod file fastpaintings-1.21-1.3.0-neoforge.jar with {fastpaintings} mods - versions {1.21-1.3.0}
[15Aug2026 02:26:02.375] [main/INFO] [net.neoforged.fml.loading.moddiscovery.ModDiscoverer/SCAN]: Found mod file "fastpaintings-1.21-1.3.0-neoforge.jar" [locator: {mods folder locator at /workspaces/nnnn/servidor_minecraft/mods}, reader: mod manifest]
[15Aug2026 02:26:02.375] [main/DEBUG] [net.neoforged.fml.loading.moddiscovery.readers.JarModsDotTomlModFileReader/SCAN]: Found META-INF/neoforge.mods.toml mod of type null: /workspaces/nnnn/servidor_minecraft/mods/fieldguide-neoforge-1.21.1-1.7.5.jar
[15Aug2026 02:26:02.376] [main/DEBUG] [net.neoforged.fml.loading.moddiscovery.ModFileParser/LOADING]: Considering mod file candidate /workspaces/nnnn/servidor_minecraft/mods/fieldguide-neoforge-1.21.1-1.7.5.jar
[15Aug2026 02:26:02.377] [main/DEBUG] [net.neoforged.fml.loading.moddiscovery.ModFileInfo/LOADING]: Found valid mod file fieldguide-neoforge-1.21.1-1.7.5.jar with {fieldguide} mods - versions {1.7.5}
[15Aug2026 02:26:02.377] [main/INFO] [net.neoforged.fml.loading.moddiscovery.ModDiscoverer/SCAN]: Found mod file "fieldguide-neoforge-1.21.1-1.7.5.jar" [locator: {mods folder locator at /workspaces/nnnn/servidor_minecraft/mods}, reader: mod manifest]
[15Aug2026 02:26:02.377] [main/DEBUG] [net.neoforged.fml.loading.moddiscovery.readers.JarModsDotTomlModFileReader/SCAN]: Found META-INF/neoforge.mods.toml mod of type null: /workspaces/nnnn/servidor_minecraft/mods/forgified-fabric-api-0.116.7+2.2.4+1.21.1.jar
[15Aug2026 02:26:02.377] [main/DEBUG] [net.neoforged.fml.loading.moddiscovery.ModFileParser/LOADING]: Considering mod file candidate /workspaces/nnnn/servidor_minecraft/mods/forgified-fabric-api-0.116.7+2.2.4+1.21.1.jar
[15Aug2026 02:26:02.390] [main/DEBUG] [net.neoforged.fml.loading.moddiscovery.ModFileInfo/LOADING]: Found valid mod file forgified-fabric-api-0.116.7+2.2.4+1.21.1.jar with {fabric_api,forgified_fabric_api} mods - versions {0.116.7+2.2.4+1.21.1,0.116.7+2.2.4+1.21.1}
[15Aug2026 02:26:02.390] [main/INFO] [net.neoforged.fml.loading.moddiscovery.ModDiscoverer/SCAN]: Found mod file "forgified-fabric-api-0.116.7+2.2.4+1.21.1.jar" [locator: {mods folder locator at /workspaces/nnnn/servidor_minecraft/mods}, reader: mod manifest]
[15Aug2026 02:26:02.392] [main/DEBUG] [net.neoforged.fml.loading.moddiscovery.readers.JarModsDotTomlModFileReader/SCAN]: Found META-INF/neoforge.mods.toml mod of type null: /workspaces/nnnn/servidor_minecraft/mods/Galosphere-1.21.1-1.5.3-NeoForge.jar
[15Aug2026 02:26:02.392] [main/DEBUG] [net.neoforged.fml.loading.moddiscovery.ModFileParser/LOADING]: Considering mod file candidate /workspaces/nnnn/servidor_minecraft/mods/Galosphere-1.21.1-1.5.3-NeoForge.jar
[15Aug2026 02:26:02.393] [main/DEBUG] [net.neoforged.fml.loading.moddiscovery.ModFileInfo/LOADING]: Found valid mod file Galosphere-1.21.1-1.5.3-NeoForge.jar with {galosphere} mods - versions {1.5.3}
[15Aug2026 02:26:02.393] [main/INFO] [net.neoforged.fml.loading.moddiscovery.ModDiscoverer/SCAN]: Found mod file "Galosphere-1.21.1-1.5.3-NeoForge.jar" [locator: {mods folder locator at /workspaces/nnnn/servidor_minecraft/mods}, reader: mod manifest]
[15Aug2026 02:26:02.394] [main/DEBUG] [net.neoforged.fml.loading.moddiscovery.readers.JarModsDotTomlModFileReader/SCAN]: Found META-INF/neoforge.mods.toml mod of type null: /workspaces/nnnn/servidor_minecraft/mods/geckolib-neoforge-1.21.1-4.8.4.jar
[15Aug2026 02:26:02.394] [main/DEBUG] [net.neoforged.fml.loading.moddiscovery.ModFileParser/LOADING]: Considering mod file candidate /workspaces/nnnn/servidor_minecraft/mods/geckolib-neoforge-1.21.1-4.8.4.jar
[15Aug2026 02:26:02.395] [main/DEBUG] [net.neoforged.fml.loading.moddiscovery.ModFileInfo/LOADING]: Found valid mod file geckolib-neoforge-1.21.1-4.8.4.jar with {geckolib} mods - versions {4.8.4}
[15Aug2026 02:26:02.395] [main/INFO] [net.neoforged.fml.loading.moddiscovery.ModDiscoverer/SCAN]: Found mod file "geckolib-neoforge-1.21.1-4.8.4.jar" [locator: {mods folder locator at /workspaces/nnnn/servidor_minecraft/mods}, reader: mod manifest]
[15Aug2026 02:26:02.407] [main/DEBUG] [net.neoforged.fml.loading.moddiscovery.readers.JarModsDotTomlModFileReader/SCAN]: Found META-INF/neoforge.mods.toml mod of type null: /workspaces/nnnn/servidor_minecraft/mods/getittogetherdrops-neoforge-1.21.5-1.4.jar
[15Aug2026 02:26:02.407] [main/DEBUG] [net.neoforged.fml.loading.moddiscovery.ModFileParser/LOADING]: Considering mod file candidate /workspaces/nnnn/servidor_minecraft/mods/getittogetherdrops-neoforge-1.21.5-1.4.jar
[15Aug2026 02:26:02.408] [main/DEBUG] [net.neoforged.fml.loading.moddiscovery.ModFileInfo/LOADING]: Found valid mod file getittogetherdrops-neoforge-1.21.5-1.4.jar with {getittogetherdrops} mods - versions {1.4}
[15Aug2026 02:26:02.408] [main/INFO] [net.neoforged.fml.loading.moddiscovery.ModDiscoverer/SCAN]: Found mod file "getittogetherdrops-neoforge-1.21.5-1.4.jar" [locator: {mods folder locator at /workspaces/nnnn/servidor_minecraft/mods}, reader: mod manifest]
[15Aug2026 02:26:02.409] [main/DEBUG] [net.neoforged.fml.loading.moddiscovery.readers.JarModsDotTomlModFileReader/SCAN]: Found META-INF/neoforge.mods.toml mod of type null: /workspaces/nnnn/servidor_minecraft/mods/Gobber-NeoForge-1.21.1-2.10.15.jar
[15Aug2026 02:26:02.409] [main/DEBUG] [net.neoforged.fml.loading.moddiscovery.ModFileParser/LOADING]: Considering mod file candidate /workspaces/nnnn/servidor_minecraft/mods/Gobber-NeoForge-1.21.1-2.10.15.jar
[15Aug2026 02:26:02.410] [main/DEBUG] [net.neoforged.fml.loading.moddiscovery.ModFileInfo/LOADING]: Found valid mod file Gobber-NeoForge-1.21.1-2.10.15.jar with {gobber2} mods - versions {2.10.15}
[15Aug2026 02:26:02.410] [main/INFO] [net.neoforged.fml.loading.moddiscovery.ModDiscoverer/SCAN]: Found mod file "Gobber-NeoForge-1.21.1-2.10.15.jar" [locator: {mods folder locator at /workspaces/nnnn/servidor_minecraft/mods}, reader: mod manifest]
[15Aug2026 02:26:02.411] [main/DEBUG] [net.neoforged.fml.loading.moddiscovery.readers.JarModsDotTomlModFileReader/SCAN]: Found META-INF/neoforge.mods.toml mod of type null: /workspaces/nnnn/servidor_minecraft/mods/grim-kingdoms-lost-structures-ruins-vanilla-edition-v1.0.0 1.21+.jar
[15Aug2026 02:26:02.411] [main/DEBUG] [net.neoforged.fml.loading.moddiscovery.ModFileParser/LOADING]: Considering mod file candidate /workspaces/nnnn/servidor_minecraft/mods/grim-kingdoms-lost-structures-ruins-vanilla-edition-v1.0.0 1.21+.jar
[15Aug2026 02:26:02.439] [main/DEBUG] [net.neoforged.fml.loading.moddiscovery.ModFileInfo/LOADING]: Found valid mod file grim-kingdoms-lost-structures-ruins-vanilla-edition-v1.0.0 1.21+.jar with {mr_grim_kingdomsloststructuresruinsvanillaedition} mods - versions {1-v1.0.0}
[15Aug2026 02:26:02.439] [main/INFO] [net.neoforged.fml.loading.moddiscovery.ModDiscoverer/SCAN]: Found mod file "grim-kingdoms-lost-structures-ruins-vanilla-edition-v1.0.0 1.21+.jar" [locator: {mods folder locator at /workspaces/nnnn/servidor_minecraft/mods}, reader: mod manifest]
[15Aug2026 02:26:02.440] [main/DEBUG] [net.neoforged.fml.loading.moddiscovery.readers.JarModsDotTomlModFileReader/SCAN]: Found META-INF/neoforge.mods.toml mod of type null: /workspaces/nnnn/servidor_minecraft/mods/guardvillagers-2.4.7-1.21.1.jar
[15Aug2026 02:26:02.440] [main/DEBUG] [net.neoforged.fml.loading.moddiscovery.ModFileParser/LOADING]: Considering mod file candidate /workspaces/nnnn/servidor_minecraft/mods/guardvillagers-2.4.7-1.21.1.jar
[15Aug2026 02:26:02.441] [main/DEBUG] [net.neoforged.fml.loading.moddiscovery.ModFileInfo/LOADING]: Found valid mod file guardvillagers-2.4.7-1.21.1.jar with {guardvillagers} mods - versions {2.4.7}
[15Aug2026 02:26:02.441] [main/INFO] [net.neoforged.fml.loading.moddiscovery.ModDiscoverer/SCAN]: Found mod file "guardvillagers-2.4.7-1.21.1.jar" [locator: {mods folder locator at /workspaces/nnnn/servidor_minecraft/mods}, reader: mod manifest]
[15Aug2026 02:26:02.442] [main/DEBUG] [net.neoforged.fml.loading.moddiscovery.readers.JarModsDotTomlModFileReader/SCAN]: Found META-INF/neoforge.mods.toml mod of type null: /workspaces/nnnn/servidor_minecraft/mods/hominid-1.3.2.jar
[15Aug2026 02:26:02.442] [main/DEBUG] [net.neoforged.fml.loading.moddiscovery.ModFileParser/LOADING]: Considering mod file candidate /workspaces/nnnn/servidor_minecraft/mods/hominid-1.3.2.jar
[15Aug2026 02:26:02.443] [main/DEBUG] [net.neoforged.fml.loading.moddiscovery.ModFileInfo/LOADING]: Found valid mod file hominid-1.3.2.jar with {hominid} mods - versions {1.3.2}
[15Aug2026 02:26:02.443] [main/INFO] [net.neoforged.fml.loading.moddiscovery.ModDiscoverer/SCAN]: Found mod file "hominid-1.3.2.jar" [locator: {mods folder locator at /workspaces/nnnn/servidor_minecraft/mods}, reader: mod manifest]
[15Aug2026 02:26:02.443] [main/DEBUG] [net.neoforged.fml.loading.moddiscovery.readers.JarModsDotTomlModFileReader/SCAN]: Found META-INF/neoforge.mods.toml mod of type null: /workspaces/nnnn/servidor_minecraft/mods/horseman-neoforge-1.21.1-1.5.9.jar
[15Aug2026 02:26:02.443] [main/DEBUG] [net.neoforged.fml.loading.moddiscovery.ModFileParser/LOADING]: Considering mod file candidate /workspaces/nnnn/servidor_minecraft/mods/horseman-neoforge-1.21.1-1.5.9.jar
[15Aug2026 02:26:02.444] [main/DEBUG] [net.neoforged.fml.loading.moddiscovery.ModFileInfo/LOADING]: Found valid mod file horseman-neoforge-1.21.1-1.5.9.jar with {horseman} mods - versions {1.5.9}
[15Aug2026 02:26:02.444] [main/INFO] [net.neoforged.fml.loading.moddiscovery.ModDiscoverer/SCAN]: Found mod file "horseman-neoforge-1.21.1-1.5.9.jar" [locator: {mods folder locator at /workspaces/nnnn/servidor_minecraft/mods}, reader: mod manifest]
[15Aug2026 02:26:02.445] [main/DEBUG] [net.neoforged.fml.loading.moddiscovery.readers.JarModsDotTomlModFileReader/SCAN]: Found META-INF/neoforge.mods.toml mod of type null: /workspaces/nnnn/servidor_minecraft/mods/Iceberg-1.21.1-neoforge-1.3.2.jar
[15Aug2026 02:26:02.445] [main/DEBUG] [net.neoforged.fml.loading.moddiscovery.ModFileParser/LOADING]: Considering mod file candidate /workspaces/nnnn/servidor_minecraft/mods/Iceberg-1.21.1-neoforge-1.3.2.jar
[15Aug2026 02:26:02.446] [main/DEBUG] [net.neoforged.fml.loading.moddiscovery.ModFileInfo/LOADING]: Found valid mod file Iceberg-1.21.1-neoforge-1.3.2.jar with {iceberg} mods - versions {1.3.2}
[15Aug2026 02:26:02.446] [main/INFO] [net.neoforged.fml.loading.moddiscovery.ModDiscoverer/SCAN]: Found mod file "Iceberg-1.21.1-neoforge-1.3.2.jar" [locator: {mods folder locator at /workspaces/nnnn/servidor_minecraft/mods}, reader: mod manifest]
[15Aug2026 02:26:02.447] [main/DEBUG] [net.neoforged.fml.loading.moddiscovery.readers.JarModsDotTomlModFileReader/SCAN]: Found META-INF/neoforge.mods.toml mod of type null: /workspaces/nnnn/servidor_minecraft/mods/iris-neoforge-1.8.12+mc1.21.1.jar
[15Aug2026 02:26:02.447] [main/DEBUG] [net.neoforged.fml.loading.moddiscovery.ModFileParser/LOADING]: Considering mod file candidate /workspaces/nnnn/servidor_minecraft/mods/iris-neoforge-1.8.12+mc1.21.1.jar
[15Aug2026 02:26:02.449] [main/DEBUG] [net.neoforged.fml.loading.moddiscovery.ModFileInfo/LOADING]: Found valid mod file iris-neoforge-1.8.12+mc1.21.1.jar with {iris} mods - versions {1.8.12-snapshot+mc1.21.1-local}
[15Aug2026 02:26:02.449] [main/INFO] [net.neoforged.fml.loading.moddiscovery.ModDiscoverer/SCAN]: Found mod file "iris-neoforge-1.8.12+mc1.21.1.jar" [locator: {mods folder locator at /workspaces/nnnn/servidor_minecraft/mods}, reader: mod manifest]
[15Aug2026 02:26:02.450] [main/DEBUG] [net.neoforged.fml.loading.moddiscovery.readers.JarModsDotTomlModFileReader/SCAN]: Found META-INF/neoforge.mods.toml mod of type null: /workspaces/nnnn/servidor_minecraft/mods/irons_lib-1.21.1-1.0.2.jar
[15Aug2026 02:26:02.450] [main/DEBUG] [net.neoforged.fml.loading.moddiscovery.ModFileParser/LOADING]: Considering mod file candidate /workspaces/nnnn/servidor_minecraft/mods/irons_lib-1.21.1-1.0.2.jar
[15Aug2026 02:26:02.451] [main/DEBUG] [net.neoforged.fml.loading.moddiscovery.ModFileInfo/LOADING]: Found valid mod file irons_lib-1.21.1-1.0.2.jar with {irons_lib} mods - versions {1.21.1-1.0.2}
[15Aug2026 02:26:02.451] [main/INFO] [net.neoforged.fml.loading.moddiscovery.ModDiscoverer/SCAN]: Found mod file "irons_lib-1.21.1-1.0.2.jar" [locator: {mods folder locator at /workspaces/nnnn/servidor_minecraft/mods}, reader: mod manifest]
[15Aug2026 02:26:02.453] [main/DEBUG] [net.neoforged.fml.loading.moddiscovery.readers.JarModsDotTomlModFileReader/SCAN]: Found META-INF/neoforge.mods.toml mod of type null: /workspaces/nnnn/servidor_minecraft/mods/irons_spellbooks-1.21.1-3.15.6.jar
[15Aug2026 02:26:02.453] [main/DEBUG] [net.neoforged.fml.loading.moddiscovery.ModFileParser/LOADING]: Considering mod file candidate /workspaces/nnnn/servidor_minecraft/mods/irons_spellbooks-1.21.1-3.15.6.jar
[15Aug2026 02:26:02.458] [main/DEBUG] [net.neoforged.fml.loading.moddiscovery.ModFileInfo/LOADING]: Found valid mod file irons_spellbooks-1.21.1-3.15.6.jar with {irons_spellbooks} mods - versions {1.21.1-3.15.6}
[15Aug2026 02:26:02.458] [main/INFO] [net.neoforged.fml.loading.moddiscovery.ModDiscoverer/SCAN]: Found mod file "irons_spellbooks-1.21.1-3.15.6.jar" [locator: {mods folder locator at /workspaces/nnnn/servidor_minecraft/mods}, reader: mod manifest]
[15Aug2026 02:26:02.459] [main/DEBUG] [net.neoforged.fml.loading.moddiscovery.readers.JarModsDotTomlModFileReader/SCAN]: Found META-INF/neoforge.mods.toml mod of type null: /workspaces/nnnn/servidor_minecraft/mods/irons_spells_dynamic_skilltree_1.1.0.jar
[15Aug2026 02:26:02.459] [main/DEBUG] [net.neoforged.fml.loading.moddiscovery.ModFileParser/LOADING]: Considering mod file candidate /workspaces/nnnn/servidor_minecraft/mods/irons_spells_dynamic_skilltree_1.1.0.jar
[15Aug2026 02:26:02.459] [main/DEBUG] [net.neoforged.fml.loading.moddiscovery.ModFileInfo/LOADING]: Found valid mod file irons_spells_dynamic_skilltree_1.1.0.jar with {irons_spells_dynamic_skilltree} mods - versions {1.1.0}
[15Aug2026 02:26:02.460] [main/INFO] [net.neoforged.fml.loading.moddiscovery.ModDiscoverer/SCAN]: Found mod file "irons_spells_dynamic_skilltree_1.1.0.jar" [locator: {mods folder locator at /workspaces/nnnn/servidor_minecraft/mods}, reader: mod manifest]
[15Aug2026 02:26:02.460] [main/DEBUG] [net.neoforged.fml.loading.moddiscovery.ModDiscoverer/]: Skipping /workspaces/nnnn/servidor_minecraft/mods/Ixeris-4.2.0+1.21.1-neoforge.jar because it was already located earlier
[15Aug2026 02:26:02.460] [main/DEBUG] [net.neoforged.fml.loading.moddiscovery.readers.JarModsDotTomlModFileReader/SCAN]: Found META-INF/neoforge.mods.toml mod of type null: /workspaces/nnnn/servidor_minecraft/mods/jewelry-neoforge-2.3.2+1.21.1.jar
[15Aug2026 02:26:02.460] [main/DEBUG] [net.neoforged.fml.loading.moddiscovery.ModFileParser/LOADING]: Considering mod file candidate /workspaces/nnnn/servidor_minecraft/mods/jewelry-neoforge-2.3.2+1.21.1.jar
[15Aug2026 02:26:02.461] [main/DEBUG] [net.neoforged.fml.loading.moddiscovery.ModFileInfo/LOADING]: Found valid mod file jewelry-neoforge-2.3.2+1.21.1.jar with {jewelry} mods - versions {2.3.2}
[15Aug2026 02:26:02.461] [main/INFO] [net.neoforged.fml.loading.moddiscovery.ModDiscoverer/SCAN]: Found mod file "jewelry-neoforge-2.3.2+1.21.1.jar" [locator: {mods folder locator at /workspaces/nnnn/servidor_minecraft/mods}, reader: mod manifest]
[15Aug2026 02:26:02.462] [main/DEBUG] [net.neoforged.fml.loading.moddiscovery.readers.JarModsDotTomlModFileReader/SCAN]: Found META-INF/neoforge.mods.toml mod of type null: /workspaces/nnnn/servidor_minecraft/mods/just-hammers-neoforge-21.1.4.jar
[15Aug2026 02:26:02.462] [main/DEBUG] [net.neoforged.fml.loading.moddiscovery.ModFileParser/LOADING]: Considering mod file candidate /workspaces/nnnn/servidor_minecraft/mods/just-hammers-neoforge-21.1.4.jar
[15Aug2026 02:26:02.462] [main/DEBUG] [net.neoforged.fml.loading.moddiscovery.ModFileInfo/LOADING]: Found valid mod file just-hammers-neoforge-21.1.4.jar with {justhammers} mods - versions {21.1.4}
[15Aug2026 02:26:02.463] [main/INFO] [net.neoforged.fml.loading.moddiscovery.ModDiscoverer/SCAN]: Found mod file "just-hammers-neoforge-21.1.4.jar" [locator: {mods folder locator at /workspaces/nnnn/servidor_minecraft/mods}, reader: mod manifest]
[15Aug2026 02:26:02.464] [main/DEBUG] [net.neoforged.fml.loading.moddiscovery.readers.JarModsDotTomlModFileReader/SCAN]: Found META-INF/neoforge.mods.toml mod of type null: /workspaces/nnnn/servidor_minecraft/mods/kaleidoscopecookery-1.3.0-neoforge+mc1.21.1.jar
[15Aug2026 02:26:02.464] [main/DEBUG] [net.neoforged.fml.loading.moddiscovery.ModFileParser/LOADING]: Considering mod file candidate /workspaces/nnnn/servidor_minecraft/mods/kaleidoscopecookery-1.3.0-neoforge+mc1.21.1.jar
[15Aug2026 02:26:02.466] [main/DEBUG] [net.neoforged.fml.loading.moddiscovery.ModFileInfo/LOADING]: Found valid mod file kaleidoscopecookery-1.3.0-neoforge+mc1.21.1.jar with {kaleidoscope_cookery} mods - versions {1.3.0-neoforge+mc1.21.1}
[15Aug2026 02:26:02.466] [main/INFO] [net.neoforged.fml.loading.moddiscovery.ModDiscoverer/SCAN]: Found mod file "kaleidoscopecookery-1.3.0-neoforge+mc1.21.1.jar" [locator: {mods folder locator at /workspaces/nnnn/servidor_minecraft/mods}, reader: mod manifest]
[15Aug2026 02:26:02.466] [main/DEBUG] [net.neoforged.fml.loading.moddiscovery.readers.JarModsDotTomlModFileReader/SCAN]: Found META-INF/neoforge.mods.toml mod of type null: /workspaces/nnnn/servidor_minecraft/mods/kambrik-neoforge-8.0.0-beta.2.jar
[15Aug2026 02:26:02.466] [main/DEBUG] [net.neoforged.fml.loading.moddiscovery.ModFileParser/LOADING]: Considering mod file candidate /workspaces/nnnn/servidor_minecraft/mods/kambrik-neoforge-8.0.0-beta.2.jar
[15Aug2026 02:26:02.467] [main/DEBUG] [net.neoforged.fml.loading.moddiscovery.ModFileInfo/LOADING]: Found valid mod file kambrik-neoforge-8.0.0-beta.2.jar with {kambrik} mods - versions {8.0.0-beta.2}
[15Aug2026 02:26:02.467] [main/INFO] [net.neoforged.fml.loading.moddiscovery.ModDiscoverer/SCAN]: Found mod file "kambrik-neoforge-8.0.0-beta.2.jar" [locator: {mods folder locator at /workspaces/nnnn/servidor_minecraft/mods}, reader: mod manifest]
[15Aug2026 02:26:02.468] [main/DEBUG] [net.neoforged.fml.loading.moddiscovery.readers.JarModsDotTomlModFileReader/SCAN]: Found META-INF/neoforge.mods.toml mod of type null: /workspaces/nnnn/servidor_minecraft/mods/konkrete_neoforge_1.9.9_MC_1.21.jar
[15Aug2026 02:26:02.468] [main/DEBUG] [net.neoforged.fml.loading.moddiscovery.ModFileParser/LOADING]: Considering mod file candidate /workspaces/nnnn/servidor_minecraft/mods/konkrete_neoforge_1.9.9_MC_1.21.jar
[15Aug2026 02:26:02.469] [main/DEBUG] [net.neoforged.fml.loading.moddiscovery.ModFileInfo/LOADING]: Found valid mod file konkrete_neoforge_1.9.9_MC_1.21.jar with {konkrete} mods - versions {1.9.9}
[15Aug2026 02:26:02.469] [main/INFO] [net.neoforged.fml.loading.moddiscovery.ModDiscoverer/SCAN]: Found mod file "konkrete_neoforge_1.9.9_MC_1.21.jar" [locator: {mods folder locator at /workspaces/nnnn/servidor_minecraft/mods}, reader: mod manifest]
[15Aug2026 02:26:02.470] [main/DEBUG] [net.neoforged.fml.loading.moddiscovery.readers.JarModsDotTomlModFileReader/SCAN]: Found META-INF/MANIFEST.MF mod of type LIBRARY: /workspaces/nnnn/servidor_minecraft/mods/kotlinforforge-5.11.0-all.jar
[15Aug2026 02:26:02.471] [main/INFO] [net.neoforged.fml.loading.moddiscovery.ModDiscoverer/SCAN]: Found library file "kotlinforforge-5.11.0-all.jar" [locator: {mods folder locator at /workspaces/nnnn/servidor_minecraft/mods}, reader: mod manifest]
[15Aug2026 02:26:02.474] [main/DEBUG] [net.neoforged.fml.loading.moddiscovery.readers.JarModsDotTomlModFileReader/SCAN]: Found META-INF/neoforge.mods.toml mod of type null: /workspaces/nnnn/servidor_minecraft/mods/krypton_fnp-neoforge-1.21.1-0.2.28.1-1.21.1.jar
[15Aug2026 02:26:02.474] [main/DEBUG] [net.neoforged.fml.loading.moddiscovery.ModFileParser/LOADING]: Considering mod file candidate /workspaces/nnnn/servidor_minecraft/mods/krypton_fnp-neoforge-1.21.1-0.2.28.1-1.21.1.jar
[15Aug2026 02:26:02.477] [main/DEBUG] [net.neoforged.fml.loading.moddiscovery.ModFileInfo/LOADING]: Found valid mod file krypton_fnp-neoforge-1.21.1-0.2.28.1-1.21.1.jar with {krypton_fnp} mods - versions {0.2.28.1-1.21.1}
[15Aug2026 02:26:02.477] [main/INFO] [net.neoforged.fml.loading.moddiscovery.ModDiscoverer/SCAN]: Found mod file "krypton_fnp-neoforge-1.21.1-0.2.28.1-1.21.1.jar" [locator: {mods folder locator at /workspaces/nnnn/servidor_minecraft/mods}, reader: mod manifest]
[15Aug2026 02:26:02.477] [main/DEBUG] [net.neoforged.fml.loading.moddiscovery.readers.JarModsDotTomlModFileReader/SCAN]: Found META-INF/neoforge.mods.toml mod of type null: /workspaces/nnnn/servidor_minecraft/mods/Ksyxis-1.4.3.jar
[15Aug2026 02:26:02.478] [main/DEBUG] [net.neoforged.fml.loading.moddiscovery.ModFileParser/LOADING]: Considering mod file candidate /workspaces/nnnn/servidor_minecraft/mods/Ksyxis-1.4.3.jar
[15Aug2026 02:26:02.478] [main/DEBUG] [net.neoforged.fml.loading.moddiscovery.ModFileInfo/LOADING]: Found valid mod file Ksyxis-1.4.3.jar with {ksyxis} mods - versions {1.4.3}
[15Aug2026 02:26:02.478] [main/INFO] [net.neoforged.fml.loading.moddiscovery.ModDiscoverer/SCAN]: Found mod file "Ksyxis-1.4.3.jar" [locator: {mods folder locator at /workspaces/nnnn/servidor_minecraft/mods}, reader: mod manifest]
[15Aug2026 02:26:02.481] [main/DEBUG] [net.neoforged.fml.loading.moddiscovery.readers.JarModsDotTomlModFileReader/SCAN]: Found META-INF/neoforge.mods.toml mod of type null: /workspaces/nnnn/servidor_minecraft/mods/L_Ender's Cataclysm 1.21.1-3.27.jar
[15Aug2026 02:26:02.481] [main/DEBUG] [net.neoforged.fml.loading.moddiscovery.ModFileParser/LOADING]: Considering mod file candidate /workspaces/nnnn/servidor_minecraft/mods/L_Ender's Cataclysm 1.21.1-3.27.jar
[15Aug2026 02:26:02.482] [main/DEBUG] [net.neoforged.fml.loading.moddiscovery.ModFileInfo/LOADING]: Found valid mod file L_Ender's Cataclysm 1.21.1-3.27.jar with {cataclysm} mods - versions {3.27}
[15Aug2026 02:26:02.482] [main/INFO] [net.neoforged.fml.loading.moddiscovery.ModDiscoverer/SCAN]: Found mod file "L_Ender's Cataclysm 1.21.1-3.27.jar" [locator: {mods folder locator at /workspaces/nnnn/servidor_minecraft/mods}, reader: mod manifest]
[15Aug2026 02:26:02.485] [main/DEBUG] [net.neoforged.fml.loading.moddiscovery.readers.JarModsDotTomlModFileReader/SCAN]: Found META-INF/neoforge.mods.toml mod of type null: /workspaces/nnnn/servidor_minecraft/mods/letsdo-bloomingnature-neoforge-1.1.10.jar
[15Aug2026 02:26:02.485] [main/DEBUG] [net.neoforged.fml.loading.moddiscovery.ModFileParser/LOADING]: Considering mod file candidate /workspaces/nnnn/servidor_minecraft/mods/letsdo-bloomingnature-neoforge-1.1.10.jar
[15Aug2026 02:26:02.486] [main/DEBUG] [net.neoforged.fml.loading.moddiscovery.ModFileInfo/LOADING]: Found valid mod file letsdo-bloomingnature-neoforge-1.1.10.jar with {bloomingnature} mods - versions {1.1.10}
[15Aug2026 02:26:02.486] [main/INFO] [net.neoforged.fml.loading.moddiscovery.ModDiscoverer/SCAN]: Found mod file "letsdo-bloomingnature-neoforge-1.1.10.jar" [locator: {mods folder locator at /workspaces/nnnn/servidor_minecraft/mods}, reader: mod manifest]
[15Aug2026 02:26:02.487] [main/DEBUG] [net.neoforged.fml.loading.moddiscovery.readers.JarModsDotTomlModFileReader/SCAN]: Found META-INF/neoforge.mods.toml mod of type null: /workspaces/nnnn/servidor_minecraft/mods/letsdo-furniture-neoforge-1.1.4.jar
[15Aug2026 02:26:02.487] [main/DEBUG] [net.neoforged.fml.loading.moddiscovery.ModFileParser/LOADING]: Considering mod file candidate /workspaces/nnnn/servidor_minecraft/mods/letsdo-furniture-neoforge-1.1.4.jar
[15Aug2026 02:26:02.488] [main/DEBUG] [net.neoforged.fml.loading.moddiscovery.ModFileInfo/LOADING]: Found valid mod file letsdo-furniture-neoforge-1.1.4.jar with {furniture} mods - versions {1.1.4}
[15Aug2026 02:26:02.488] [main/INFO] [net.neoforged.fml.loading.moddiscovery.ModDiscoverer/SCAN]: Found mod file "letsdo-furniture-neoforge-1.1.4.jar" [locator: {mods folder locator at /workspaces/nnnn/servidor_minecraft/mods}, reader: mod manifest]
[15Aug2026 02:26:02.489] [main/DEBUG] [net.neoforged.fml.loading.moddiscovery.readers.JarModsDotTomlModFileReader/SCAN]: Found META-INF/neoforge.mods.toml mod of type null: /workspaces/nnnn/servidor_minecraft/mods/letsdo-lilis_lucky_lures-neoforge-1.1.3.jar
[15Aug2026 02:26:02.489] [main/DEBUG] [net.neoforged.fml.loading.moddiscovery.ModFileParser/LOADING]: Considering mod file candidate /workspaces/nnnn/servidor_minecraft/mods/letsdo-lilis_lucky_lures-neoforge-1.1.3.jar
[15Aug2026 02:26:02.490] [main/DEBUG] [net.neoforged.fml.loading.moddiscovery.ModFileInfo/LOADING]: Found valid mod file letsdo-lilis_lucky_lures-neoforge-1.1.3.jar with {lilis_lucky_lures} mods - versions {1.1.3}
[15Aug2026 02:26:02.490] [main/INFO] [net.neoforged.fml.loading.moddiscovery.ModDiscoverer/SCAN]: Found mod file "letsdo-lilis_lucky_lures-neoforge-1.1.3.jar" [locator: {mods folder locator at /workspaces/nnnn/servidor_minecraft/mods}, reader: mod manifest]
[15Aug2026 02:26:02.491] [main/DEBUG] [net.neoforged.fml.loading.moddiscovery.readers.JarModsDotTomlModFileReader/SCAN]: Found META-INF/neoforge.mods.toml mod of type null: /workspaces/nnnn/servidor_minecraft/mods/letsdo-wildernature-neoforge-1.1.3.jar
[15Aug2026 02:26:02.491] [main/DEBUG] [net.neoforged.fml.loading.moddiscovery.ModFileParser/LOADING]: Considering mod file candidate /workspaces/nnnn/servidor_minecraft/mods/letsdo-wildernature-neoforge-1.1.3.jar
[15Aug2026 02:26:02.492] [main/DEBUG] [net.neoforged.fml.loading.moddiscovery.ModFileInfo/LOADING]: Found valid mod file letsdo-wildernature-neoforge-1.1.3.jar with {wildernature} mods - versions {1.1.3}
[15Aug2026 02:26:02.492] [main/INFO] [net.neoforged.fml.loading.moddiscovery.ModDiscoverer/SCAN]: Found mod file "letsdo-wildernature-neoforge-1.1.3.jar" [locator: {mods folder locator at /workspaces/nnnn/servidor_minecraft/mods}, reader: mod manifest]
[15Aug2026 02:26:02.492] [main/DEBUG] [net.neoforged.fml.loading.moddiscovery.readers.JarModsDotTomlModFileReader/SCAN]: Found META-INF/neoforge.mods.toml mod of type null: /workspaces/nnnn/servidor_minecraft/mods/lionfishapi-2.7-fix-fix.jar
[15Aug2026 02:26:02.492] [main/DEBUG] [net.neoforged.fml.loading.moddiscovery.ModFileParser/LOADING]: Considering mod file candidate /workspaces/nnnn/servidor_minecraft/mods/lionfishapi-2.7-fix-fix.jar
[15Aug2026 02:26:02.494] [main/DEBUG] [net.neoforged.fml.loading.moddiscovery.ModFileInfo/LOADING]: Found valid mod file lionfishapi-2.7-fix-fix.jar with {lionfishapi} mods - versions {2.7}
[15Aug2026 02:26:02.494] [main/INFO] [net.neoforged.fml.loading.moddiscovery.ModDiscoverer/SCAN]: Found mod file "lionfishapi-2.7-fix-fix.jar" [locator: {mods folder locator at /workspaces/nnnn/servidor_minecraft/mods}, reader: mod manifest]
[15Aug2026 02:26:02.495] [main/DEBUG] [net.neoforged.fml.loading.moddiscovery.readers.JarModsDotTomlModFileReader/SCAN]: Found META-INF/neoforge.mods.toml mod of type null: /workspaces/nnnn/servidor_minecraft/mods/lithium-neoforge-0.15.3+mc1.21.1.jar
[15Aug2026 02:26:02.495] [main/DEBUG] [net.neoforged.fml.loading.moddiscovery.ModFileParser/LOADING]: Considering mod file candidate /workspaces/nnnn/servidor_minecraft/mods/lithium-neoforge-0.15.3+mc1.21.1.jar
[15Aug2026 02:26:02.495] [main/DEBUG] [net.neoforged.fml.loading.moddiscovery.ModFileInfo/LOADING]: Found valid mod file lithium-neoforge-0.15.3+mc1.21.1.jar with {lithium} mods - versions {0.15.3+mc1.21.1}
[15Aug2026 02:26:02.495] [main/INFO] [net.neoforged.fml.loading.moddiscovery.ModDiscoverer/SCAN]: Found mod file "lithium-neoforge-0.15.3+mc1.21.1.jar" [locator: {mods folder locator at /workspaces/nnnn/servidor_minecraft/mods}, reader: mod manifest]
[15Aug2026 02:26:02.496] [main/DEBUG] [net.neoforged.fml.loading.moddiscovery.readers.JarModsDotTomlModFileReader/SCAN]: Found META-INF/neoforge.mods.toml mod of type null: /workspaces/nnnn/servidor_minecraft/mods/lithostitched-1.7.3-neoforge-21.1.jar
[15Aug2026 02:26:02.496] [main/DEBUG] [net.neoforged.fml.loading.moddiscovery.ModFileParser/LOADING]: Considering mod file candidate /workspaces/nnnn/servidor_minecraft/mods/lithostitched-1.7.3-neoforge-21.1.jar
[15Aug2026 02:26:02.496] [main/DEBUG] [net.neoforged.fml.loading.moddiscovery.ModFileInfo/LOADING]: Found valid mod file lithostitched-1.7.3-neoforge-21.1.jar with {lithostitched} mods - versions {1.7.3}
[15Aug2026 02:26:02.497] [main/INFO] [net.neoforged.fml.loading.moddiscovery.ModDiscoverer/SCAN]: Found mod file "lithostitched-1.7.3-neoforge-21.1.jar" [locator: {mods folder locator at /workspaces/nnnn/servidor_minecraft/mods}, reader: mod manifest]
[15Aug2026 02:26:02.497] [main/DEBUG] [net.neoforged.fml.loading.moddiscovery.readers.JarModsDotTomlModFileReader/SCAN]: Found META-INF/neoforge.mods.toml mod of type null: /workspaces/nnnn/servidor_minecraft/mods/lmft-1.1.1+1.21.9-neoforge.jar
[15Aug2026 02:26:02.497] [main/DEBUG] [net.neoforged.fml.loading.moddiscovery.ModFileParser/LOADING]: Considering mod file candidate /workspaces/nnnn/servidor_minecraft/mods/lmft-1.1.1+1.21.9-neoforge.jar
[15Aug2026 02:26:02.498] [main/DEBUG] [net.neoforged.fml.loading.moddiscovery.ModFileInfo/LOADING]: Found valid mod file lmft-1.1.1+1.21.9-neoforge.jar with {lmft} mods - versions {1.1.1+1.21.9}
[15Aug2026 02:26:02.498] [main/INFO] [net.neoforged.fml.loading.moddiscovery.ModDiscoverer/SCAN]: Found mod file "lmft-1.1.1+1.21.9-neoforge.jar" [locator: {mods folder locator at /workspaces/nnnn/servidor_minecraft/mods}, reader: mod manifest]
[15Aug2026 02:26:02.498] [main/DEBUG] [net.neoforged.fml.loading.moddiscovery.readers.JarModsDotTomlModFileReader/SCAN]: Found META-INF/neoforge.mods.toml mod of type null: /workspaces/nnnn/servidor_minecraft/mods/loot_journal-neoforge-1.21.1-4.0.1.jar
[15Aug2026 02:26:02.498] [main/DEBUG] [net.neoforged.fml.loading.moddiscovery.ModFileParser/LOADING]: Considering mod file candidate /workspaces/nnnn/servidor_minecraft/mods/loot_journal-neoforge-1.21.1-4.0.1.jar
[15Aug2026 02:26:02.502] [main/DEBUG] [net.neoforged.fml.loading.moddiscovery.ModFileInfo/LOADING]: Found valid mod file loot_journal-neoforge-1.21.1-4.0.1.jar with {loot_journal} mods - versions {4.0.1}
[15Aug2026 02:26:02.502] [main/INFO] [net.neoforged.fml.loading.moddiscovery.ModDiscoverer/SCAN]: Found mod file "loot_journal-neoforge-1.21.1-4.0.1.jar" [locator: {mods folder locator at /workspaces/nnnn/servidor_minecraft/mods}, reader: mod manifest]
[15Aug2026 02:26:02.503] [main/DEBUG] [net.neoforged.fml.loading.moddiscovery.readers.JarModsDotTomlModFileReader/SCAN]: Found META-INF/neoforge.mods.toml mod of type null: /workspaces/nnnn/servidor_minecraft/mods/lootr-neoforge-1.21.1-1.11.37.120.jar
[15Aug2026 02:26:02.503] [main/DEBUG] [net.neoforged.fml.loading.moddiscovery.ModFileParser/LOADING]: Considering mod file candidate /workspaces/nnnn/servidor_minecraft/mods/lootr-neoforge-1.21.1-1.11.37.120.jar
[15Aug2026 02:26:02.505] [main/DEBUG] [net.neoforged.fml.loading.moddiscovery.ModFileInfo/LOADING]: Found valid mod file lootr-neoforge-1.21.1-1.11.37.120.jar with {lootr} mods - versions {1.21.1-1.11.37.120}
[15Aug2026 02:26:02.505] [main/INFO] [net.neoforged.fml.loading.moddiscovery.ModDiscoverer/SCAN]: Found mod file "lootr-neoforge-1.21.1-1.11.37.120.jar" [locator: {mods folder locator at /workspaces/nnnn/servidor_minecraft/mods}, reader: mod manifest]
[15Aug2026 02:26:02.506] [main/DEBUG] [net.neoforged.fml.loading.moddiscovery.readers.JarModsDotTomlModFileReader/SCAN]: Found META-INF/neoforge.mods.toml mod of type null: /workspaces/nnnn/servidor_minecraft/mods/luckysshowcase-neoforge-1.21.1-21.1.0.jar
[15Aug2026 02:26:02.506] [main/DEBUG] [net.neoforged.fml.loading.moddiscovery.ModFileParser/LOADING]: Considering mod file candidate /workspaces/nnnn/servidor_minecraft/mods/luckysshowcase-neoforge-1.21.1-21.1.0.jar
[15Aug2026 02:26:02.507] [main/DEBUG] [net.neoforged.fml.loading.moddiscovery.ModFileInfo/LOADING]: Found valid mod file luckysshowcase-neoforge-1.21.1-21.1.0.jar with {luckysshowcase} mods - versions {21.1.0}
[15Aug2026 02:26:02.507] [main/INFO] [net.neoforged.fml.loading.moddiscovery.ModDiscoverer/SCAN]: Found mod file "luckysshowcase-neoforge-1.21.1-21.1.0.jar" [locator: {mods folder locator at /workspaces/nnnn/servidor_minecraft/mods}, reader: mod manifest]
[15Aug2026 02:26:02.507] [main/DEBUG] [net.neoforged.fml.loading.moddiscovery.readers.JarModsDotTomlModFileReader/SCAN]: Found META-INF/neoforge.mods.toml mod of type null: /workspaces/nnnn/servidor_minecraft/mods/lukis-crazy-chambers-1.0.3.jar
[15Aug2026 02:26:02.507] [main/DEBUG] [net.neoforged.fml.loading.moddiscovery.ModFileParser/LOADING]: Considering mod file candidate /workspaces/nnnn/servidor_minecraft/mods/lukis-crazy-chambers-1.0.3.jar
[15Aug2026 02:26:02.550] [main/DEBUG] [net.neoforged.fml.loading.moddiscovery.ModFileInfo/LOADING]: Found valid mod file lukis-crazy-chambers-1.0.3.jar with {mr_lukis_crazychambers} mods - versions {1.0.3}
[15Aug2026 02:26:02.550] [main/INFO] [net.neoforged.fml.loading.moddiscovery.ModDiscoverer/SCAN]: Found mod file "lukis-crazy-chambers-1.0.3.jar" [locator: {mods folder locator at /workspaces/nnnn/servidor_minecraft/mods}, reader: mod manifest]
[15Aug2026 02:26:02.551] [main/DEBUG] [net.neoforged.fml.loading.moddiscovery.readers.JarModsDotTomlModFileReader/SCAN]: Found META-INF/neoforge.mods.toml mod of type null: /workspaces/nnnn/servidor_minecraft/mods/lukis-grand-capitals-1.1.3.jar
[15Aug2026 02:26:02.551] [main/DEBUG] [net.neoforged.fml.loading.moddiscovery.ModFileParser/LOADING]: Considering mod file candidate /workspaces/nnnn/servidor_minecraft/mods/lukis-grand-capitals-1.1.3.jar
[15Aug2026 02:26:02.552] [main/DEBUG] [net.neoforged.fml.loading.moddiscovery.ModFileInfo/LOADING]: Found valid mod file lukis-grand-capitals-1.1.3.jar with {mr_lukis_grandcapitals} mods - versions {1.1.3}
[15Aug2026 02:26:02.552] [main/INFO] [net.neoforged.fml.loading.moddiscovery.ModDiscoverer/SCAN]: Found mod file "lukis-grand-capitals-1.1.3.jar" [locator: {mods folder locator at /workspaces/nnnn/servidor_minecraft/mods}, reader: mod manifest]
[15Aug2026 02:26:02.553] [main/DEBUG] [net.neoforged.fml.loading.moddiscovery.readers.JarModsDotTomlModFileReader/SCAN]: Found META-INF/neoforge.mods.toml mod of type null: /workspaces/nnnn/servidor_minecraft/mods/lukis-strongholds-v1.0 -1.21-1.21.4.jar
[15Aug2026 02:26:02.553] [main/DEBUG] [net.neoforged.fml.loading.moddiscovery.ModFileParser/LOADING]: Considering mod file candidate /workspaces/nnnn/servidor_minecraft/mods/lukis-strongholds-v1.0 -1.21-1.21.4.jar
[15Aug2026 02:26:02.555] [main/DEBUG] [net.neoforged.fml.loading.moddiscovery.ModFileInfo/LOADING]: Found valid mod file lukis-strongholds-v1.0 -1.21-1.21.4.jar with {mr_lukis_strongholds} mods - versions {1-v1.0}
[15Aug2026 02:26:02.555] [main/INFO] [net.neoforged.fml.loading.moddiscovery.ModDiscoverer/SCAN]: Found mod file "lukis-strongholds-v1.0 -1.21-1.21.4.jar" [locator: {mods folder locator at /workspaces/nnnn/servidor_minecraft/mods}, reader: mod manifest]
[15Aug2026 02:26:02.556] [main/DEBUG] [net.neoforged.fml.loading.moddiscovery.readers.JarModsDotTomlModFileReader/SCAN]: Found META-INF/neoforge.mods.toml mod of type null: /workspaces/nnnn/servidor_minecraft/mods/maxhealthfix-neoforge-1.21.1-21.1.4.jar
[15Aug2026 02:26:02.556] [main/DEBUG] [net.neoforged.fml.loading.moddiscovery.ModFileParser/LOADING]: Considering mod file candidate /workspaces/nnnn/servidor_minecraft/mods/maxhealthfix-neoforge-1.21.1-21.1.4.jar
[15Aug2026 02:26:02.557] [main/DEBUG] [net.neoforged.fml.loading.moddiscovery.ModFileInfo/LOADING]: Found valid mod file maxhealthfix-neoforge-1.21.1-21.1.4.jar with {maxhealthfix} mods - versions {21.1.4}
[15Aug2026 02:26:02.557] [main/INFO] [net.neoforged.fml.loading.moddiscovery.ModDiscoverer/SCAN]: Found mod file "maxhealthfix-neoforge-1.21.1-21.1.4.jar" [locator: {mods folder locator at /workspaces/nnnn/servidor_minecraft/mods}, reader: mod manifest]
[15Aug2026 02:26:02.558] [main/DEBUG] [net.neoforged.fml.loading.moddiscovery.readers.JarModsDotTomlModFileReader/SCAN]: Found META-INF/neoforge.mods.toml mod of type null: /workspaces/nnnn/servidor_minecraft/mods/melody_neoforge_1.0.10_MC_1.21.jar
[15Aug2026 02:26:02.558] [main/DEBUG] [net.neoforged.fml.loading.moddiscovery.ModFileParser/LOADING]: Considering mod file candidate /workspaces/nnnn/servidor_minecraft/mods/melody_neoforge_1.0.10_MC_1.21.jar
[15Aug2026 02:26:02.559] [main/DEBUG] [net.neoforged.fml.loading.moddiscovery.ModFileInfo/LOADING]: Found valid mod file melody_neoforge_1.0.10_MC_1.21.jar with {melody} mods - versions {1.0.10}
[15Aug2026 02:26:02.559] [main/INFO] [net.neoforged.fml.loading.moddiscovery.ModDiscoverer/SCAN]: Found mod file "melody_neoforge_1.0.10_MC_1.21.jar" [locator: {mods folder locator at /workspaces/nnnn/servidor_minecraft/mods}, reader: mod manifest]
[15Aug2026 02:26:02.560] [main/DEBUG] [net.neoforged.fml.loading.moddiscovery.readers.JarModsDotTomlModFileReader/SCAN]: Found META-INF/neoforge.mods.toml mod of type null: /workspaces/nnnn/servidor_minecraft/mods/MetalBundles-v21.1.1-1.21.1-NeoForge.jar
[15Aug2026 02:26:02.560] [main/DEBUG] [net.neoforged.fml.loading.moddiscovery.ModFileParser/LOADING]: Considering mod file candidate /workspaces/nnnn/servidor_minecraft/mods/MetalBundles-v21.1.1-1.21.1-NeoForge.jar
[15Aug2026 02:26:02.566] [main/DEBUG] [net.neoforged.fml.loading.moddiscovery.ModFileInfo/LOADING]: Found valid mod file MetalBundles-v21.1.1-1.21.1-NeoForge.jar with {metalbundles} mods - versions {21.1.1}
[15Aug2026 02:26:02.568] [main/INFO] [net.neoforged.fml.loading.moddiscovery.ModDiscoverer/SCAN]: Found mod file "MetalBundles-v21.1.1-1.21.1-NeoForge.jar" [locator: {mods folder locator at /workspaces/nnnn/servidor_minecraft/mods}, reader: mod manifest]
[15Aug2026 02:26:02.568] [main/DEBUG] [net.neoforged.fml.loading.moddiscovery.readers.JarModsDotTomlModFileReader/SCAN]: Found META-INF/neoforge.mods.toml mod of type null: /workspaces/nnnn/servidor_minecraft/mods/modonomicon-1.21.1-neoforge-1.120.1.jar
[15Aug2026 02:26:02.569] [main/DEBUG] [net.neoforged.fml.loading.moddiscovery.ModFileParser/LOADING]: Considering mod file candidate /workspaces/nnnn/servidor_minecraft/mods/modonomicon-1.21.1-neoforge-1.120.1.jar
[15Aug2026 02:26:02.570] [main/DEBUG] [net.neoforged.fml.loading.moddiscovery.ModFileInfo/LOADING]: Found valid mod file modonomicon-1.21.1-neoforge-1.120.1.jar with {modonomicon} mods - versions {1.120.1}
[15Aug2026 02:26:02.570] [main/INFO] [net.neoforged.fml.loading.moddiscovery.ModDiscoverer/SCAN]: Found mod file "modonomicon-1.21.1-neoforge-1.120.1.jar" [locator: {mods folder locator at /workspaces/nnnn/servidor_minecraft/mods}, reader: mod manifest]
[15Aug2026 02:26:02.572] [main/DEBUG] [net.neoforged.fml.loading.moddiscovery.readers.JarModsDotTomlModFileReader/SCAN]: Found META-INF/neoforge.mods.toml mod of type null: /workspaces/nnnn/servidor_minecraft/mods/moonlight-neoforge-1.21.1-3.0.7.jar
[15Aug2026 02:26:02.573] [main/DEBUG] [net.neoforged.fml.loading.moddiscovery.ModFileParser/LOADING]: Considering mod file candidate /workspaces/nnnn/servidor_minecraft/mods/moonlight-neoforge-1.21.1-3.0.7.jar
[15Aug2026 02:26:02.575] [main/DEBUG] [net.neoforged.fml.loading.moddiscovery.ModFileInfo/LOADING]: Found valid mod file moonlight-neoforge-1.21.1-3.0.7.jar with {moonlight} mods - versions {1.21.1-3.0.7}
[15Aug2026 02:26:02.575] [main/INFO] [net.neoforged.fml.loading.moddiscovery.ModDiscoverer/SCAN]: Found mod file "moonlight-neoforge-1.21.1-3.0.7.jar" [locator: {mods folder locator at /workspaces/nnnn/servidor_minecraft/mods}, reader: mod manifest]
[15Aug2026 02:26:02.576] [main/DEBUG] [net.neoforged.fml.loading.moddiscovery.readers.JarModsDotTomlModFileReader/SCAN]: Found META-INF/neoforge.mods.toml mod of type null: /workspaces/nnnn/servidor_minecraft/mods/mowziesmobs-1.21.1-1.8.2.jar
[15Aug2026 02:26:02.576] [main/DEBUG] [net.neoforged.fml.loading.moddiscovery.ModFileParser/LOADING]: Considering mod file candidate /workspaces/nnnn/servidor_minecraft/mods/mowziesmobs-1.21.1-1.8.2.jar
[15Aug2026 02:26:02.577] [main/DEBUG] [net.neoforged.fml.loading.moddiscovery.ModFileInfo/LOADING]: Found valid mod file mowziesmobs-1.21.1-1.8.2.jar with {mowziesmobs} mods - versions {1.8.2}
[15Aug2026 02:26:02.577] [main/INFO] [net.neoforged.fml.loading.moddiscovery.ModDiscoverer/SCAN]: Found mod file "mowziesmobs-1.21.1-1.8.2.jar" [locator: {mods folder locator at /workspaces/nnnn/servidor_minecraft/mods}, reader: mod manifest]
[15Aug2026 02:26:02.578] [main/DEBUG] [net.neoforged.fml.loading.moddiscovery.readers.JarModsDotTomlModFileReader/SCAN]: Found META-INF/neoforge.mods.toml mod of type null: /workspaces/nnnn/servidor_minecraft/mods/mythsandlegends-0.0.8.5.jar
[15Aug2026 02:26:02.578] [main/DEBUG] [net.neoforged.fml.loading.moddiscovery.ModFileParser/LOADING]: Considering mod file candidate /workspaces/nnnn/servidor_minecraft/mods/mythsandlegends-0.0.8.5.jar
[15Aug2026 02:26:02.581] [main/DEBUG] [net.neoforged.fml.loading.moddiscovery.ModFileInfo/LOADING]: Found valid mod file mythsandlegends-0.0.8.5.jar with {mythsandlegends} mods - versions {0.0.8.5}
[15Aug2026 02:26:02.581] [main/INFO] [net.neoforged.fml.loading.moddiscovery.ModDiscoverer/SCAN]: Found mod file "mythsandlegends-0.0.8.5.jar" [locator: {mods folder locator at /workspaces/nnnn/servidor_minecraft/mods}, reader: mod manifest]
[15Aug2026 02:26:02.581] [main/DEBUG] [net.neoforged.fml.loading.moddiscovery.readers.JarModsDotTomlModFileReader/SCAN]: Found META-INF/neoforge.mods.toml mod of type null: /workspaces/nnnn/servidor_minecraft/mods/NaturesCompass-1.21.1-3.4.0-neoforge.jar
[15Aug2026 02:26:02.581] [main/DEBUG] [net.neoforged.fml.loading.moddiscovery.ModFileParser/LOADING]: Considering mod file candidate /workspaces/nnnn/servidor_minecraft/mods/NaturesCompass-1.21.1-3.4.0-neoforge.jar
[15Aug2026 02:26:02.582] [main/DEBUG] [net.neoforged.fml.loading.moddiscovery.ModFileInfo/LOADING]: Found valid mod file NaturesCompass-1.21.1-3.4.0-neoforge.jar with {naturescompass} mods - versions {1.21.1-3.4.0-neoforge}
[15Aug2026 02:26:02.582] [main/INFO] [net.neoforged.fml.loading.moddiscovery.ModDiscoverer/SCAN]: Found mod file "NaturesCompass-1.21.1-3.4.0-neoforge.jar" [locator: {mods folder locator at /workspaces/nnnn/servidor_minecraft/mods}, reader: mod manifest]
[15Aug2026 02:26:02.583] [main/DEBUG] [net.neoforged.fml.loading.moddiscovery.readers.JarModsDotTomlModFileReader/SCAN]: Found META-INF/neoforge.mods.toml mod of type null: /workspaces/nnnn/servidor_minecraft/mods/Necronomicon-NeoForge-1.6.0+1.21.jar
[15Aug2026 02:26:02.583] [main/DEBUG] [net.neoforged.fml.loading.moddiscovery.ModFileParser/LOADING]: Considering mod file candidate /workspaces/nnnn/servidor_minecraft/mods/Necronomicon-NeoForge-1.6.0+1.21.jar
[15Aug2026 02:26:02.584] [main/DEBUG] [net.neoforged.fml.loading.moddiscovery.ModFileInfo/LOADING]: Found valid mod file Necronomicon-NeoForge-1.6.0+1.21.jar with {necronomicon} mods - versions {1.6.0}
[15Aug2026 02:26:02.584] [main/INFO] [net.neoforged.fml.loading.moddiscovery.ModDiscoverer/SCAN]: Found mod file "Necronomicon-NeoForge-1.6.0+1.21.jar" [locator: {mods folder locator at /workspaces/nnnn/servidor_minecraft/mods}, reader: mod manifest]
[15Aug2026 02:26:02.584] [main/DEBUG] [net.neoforged.fml.loading.moddiscovery.readers.JarModsDotTomlModFileReader/SCAN]: Found META-INF/neoforge.mods.toml mod of type null: /workspaces/nnnn/servidor_minecraft/mods/noisium-neoforge-2.7.0+mc1.21-1.21.1.jar
[15Aug2026 02:26:02.584] [main/DEBUG] [net.neoforged.fml.loading.moddiscovery.ModFileParser/LOADING]: Considering mod file candidate /workspaces/nnnn/servidor_minecraft/mods/noisium-neoforge-2.7.0+mc1.21-1.21.1.jar
[15Aug2026 02:26:02.585] [main/DEBUG] [net.neoforged.fml.loading.moddiscovery.ModFileInfo/LOADING]: Found valid mod file noisium-neoforge-2.7.0+mc1.21-1.21.1.jar with {noisium} mods - versions {2.7.0+mc1.21-1.21.1}
[15Aug2026 02:26:02.585] [main/INFO] [net.neoforged.fml.loading.moddiscovery.ModDiscoverer/SCAN]: Found mod file "noisium-neoforge-2.7.0+mc1.21-1.21.1.jar" [locator: {mods folder locator at /workspaces/nnnn/servidor_minecraft/mods}, reader: mod manifest]
[15Aug2026 02:26:02.586] [main/DEBUG] [net.neoforged.fml.loading.moddiscovery.readers.JarModsDotTomlModFileReader/SCAN]: Found META-INF/neoforge.mods.toml mod of type null: /workspaces/nnnn/servidor_minecraft/mods/nopackcompatcheck-0.1.0-neoforge-mc1.21+.jar
[15Aug2026 02:26:02.586] [main/DEBUG] [net.neoforged.fml.loading.moddiscovery.ModFileParser/LOADING]: Considering mod file candidate /workspaces/nnnn/servidor_minecraft/mods/nopackcompatcheck-0.1.0-neoforge-mc1.21+.jar
[15Aug2026 02:26:02.587] [main/DEBUG] [net.neoforged.fml.loading.moddiscovery.ModFileInfo/LOADING]: Found valid mod file nopackcompatcheck-0.1.0-neoforge-mc1.21+.jar with {nopackcompatcheck} mods - versions {0.1.0-neoforge-mc1.21}
[15Aug2026 02:26:02.588] [main/INFO] [net.neoforged.fml.loading.moddiscovery.ModDiscoverer/SCAN]: Found mod file "nopackcompatcheck-0.1.0-neoforge-mc1.21+.jar" [locator: {mods folder locator at /workspaces/nnnn/servidor_minecraft/mods}, reader: mod manifest]
[15Aug2026 02:26:02.589] [main/DEBUG] [net.neoforged.fml.loading.moddiscovery.readers.JarModsDotTomlModFileReader/SCAN]: Found META-INF/neoforge.mods.toml mod of type null: /workspaces/nnnn/servidor_minecraft/mods/Numismatic-Bounties-universal.jar
[15Aug2026 02:26:02.590] [main/DEBUG] [net.neoforged.fml.loading.moddiscovery.ModFileParser/LOADING]: Considering mod file candidate /workspaces/nnnn/servidor_minecraft/mods/Numismatic-Bounties-universal.jar
[15Aug2026 02:26:02.590] [main/DEBUG] [net.neoforged.fml.loading.moddiscovery.ModFileInfo/LOADING]: Found valid mod file Numismatic-Bounties-universal.jar with {numismatic_bounties} mods - versions {2.0}
[15Aug2026 02:26:02.590] [main/INFO] [net.neoforged.fml.loading.moddiscovery.ModDiscoverer/SCAN]: Found mod file "Numismatic-Bounties-universal.jar" [locator: {mods folder locator at /workspaces/nnnn/servidor_minecraft/mods}, reader: mod manifest]
[15Aug2026 02:26:02.591] [main/DEBUG] [net.neoforged.fml.loading.moddiscovery.readers.JarModsDotTomlModFileReader/SCAN]: Found META-INF/neoforge.mods.toml mod of type null: /workspaces/nnnn/servidor_minecraft/mods/numismaticoverhaul-1.21.1-2.0.1.jar
[15Aug2026 02:26:02.591] [main/DEBUG] [net.neoforged.fml.loading.moddiscovery.ModFileParser/LOADING]: Considering mod file candidate /workspaces/nnnn/servidor_minecraft/mods/numismaticoverhaul-1.21.1-2.0.1.jar
[15Aug2026 02:26:02.594] [main/DEBUG] [net.neoforged.fml.loading.moddiscovery.ModFileInfo/LOADING]: Found valid mod file numismaticoverhaul-1.21.1-2.0.1.jar with {numismaticoverhaul} mods - versions {2.0.1}
[15Aug2026 02:26:02.594] [main/INFO] [net.neoforged.fml.loading.moddiscovery.ModDiscoverer/SCAN]: Found mod file "numismaticoverhaul-1.21.1-2.0.1.jar" [locator: {mods folder locator at /workspaces/nnnn/servidor_minecraft/mods}, reader: mod manifest]
[15Aug2026 02:26:02.596] [main/DEBUG] [net.neoforged.fml.loading.moddiscovery.readers.JarModsDotTomlModFileReader/SCAN]: Found META-INF/neoforge.mods.toml mod of type null: /workspaces/nnnn/servidor_minecraft/mods/OctoLib-NEOFORGE-0.6.2+1.21.jar
[15Aug2026 02:26:02.596] [main/DEBUG] [net.neoforged.fml.loading.moddiscovery.ModFileParser/LOADING]: Considering mod file candidate /workspaces/nnnn/servidor_minecraft/mods/OctoLib-NEOFORGE-0.6.2+1.21.jar
[15Aug2026 02:26:02.597] [main/DEBUG] [net.neoforged.fml.loading.moddiscovery.ModFileInfo/LOADING]: Found valid mod file OctoLib-NEOFORGE-0.6.2+1.21.jar with {octolib} mods - versions {0.6.2}
[15Aug2026 02:26:02.597] [main/INFO] [net.neoforged.fml.loading.moddiscovery.ModDiscoverer/SCAN]: Found mod file "OctoLib-NEOFORGE-0.6.2+1.21.jar" [locator: {mods folder locator at /workspaces/nnnn/servidor_minecraft/mods}, reader: mod manifest]
[15Aug2026 02:26:02.598] [main/DEBUG] [net.neoforged.fml.loading.moddiscovery.readers.JarModsDotTomlModFileReader/SCAN]: Found META-INF/neoforge.mods.toml mod of type null: /workspaces/nnnn/servidor_minecraft/mods/OverflowingBars-v21.1.1-1.21.1-NeoForge.jar
[15Aug2026 02:26:02.598] [main/DEBUG] [net.neoforged.fml.loading.moddiscovery.ModFileParser/LOADING]: Considering mod file candidate /workspaces/nnnn/servidor_minecraft/mods/OverflowingBars-v21.1.1-1.21.1-NeoForge.jar
[15Aug2026 02:26:02.599] [main/DEBUG] [net.neoforged.fml.loading.moddiscovery.ModFileInfo/LOADING]: Found valid mod file OverflowingBars-v21.1.1-1.21.1-NeoForge.jar with {overflowingbars} mods - versions {21.1.1}
[15Aug2026 02:26:02.600] [main/INFO] [net.neoforged.fml.loading.moddiscovery.ModDiscoverer/SCAN]: Found mod file "OverflowingBars-v21.1.1-1.21.1-NeoForge.jar" [locator: {mods folder locator at /workspaces/nnnn/servidor_minecraft/mods}, reader: mod manifest]
[15Aug2026 02:26:02.601] [main/DEBUG] [net.neoforged.fml.loading.moddiscovery.readers.JarModsDotTomlModFileReader/SCAN]: Found META-INF/neoforge.mods.toml mod of type null: /workspaces/nnnn/servidor_minecraft/mods/owo-lib-neoforge-0.12.15.5-beta.1+1.21.jar
[15Aug2026 02:26:02.601] [main/DEBUG] [net.neoforged.fml.loading.moddiscovery.ModFileParser/LOADING]: Considering mod file candidate /workspaces/nnnn/servidor_minecraft/mods/owo-lib-neoforge-0.12.15.5-beta.1+1.21.jar
[15Aug2026 02:26:02.602] [main/DEBUG] [net.neoforged.fml.loading.moddiscovery.ModFileInfo/LOADING]: Found valid mod file owo-lib-neoforge-0.12.15.5-beta.1+1.21.jar with {owo} mods - versions {0.12.15.5-beta.1+1.21}
[15Aug2026 02:26:02.603] [main/INFO] [net.neoforged.fml.loading.moddiscovery.ModDiscoverer/SCAN]: Found mod file "owo-lib-neoforge-0.12.15.5-beta.1+1.21.jar" [locator: {mods folder locator at /workspaces/nnnn/servidor_minecraft/mods}, reader: mod manifest]
[15Aug2026 02:26:02.605] [main/DEBUG] [net.neoforged.fml.loading.moddiscovery.readers.JarModsDotTomlModFileReader/SCAN]: Found META-INF/neoforge.mods.toml mod of type null: /workspaces/nnnn/servidor_minecraft/mods/paladins-neoforge-2.7.1+1.21.1.jar
[15Aug2026 02:26:02.605] [main/DEBUG] [net.neoforged.fml.loading.moddiscovery.ModFileParser/LOADING]: Considering mod file candidate /workspaces/nnnn/servidor_minecraft/mods/paladins-neoforge-2.7.1+1.21.1.jar
[15Aug2026 02:26:02.606] [main/DEBUG] [net.neoforged.fml.loading.moddiscovery.ModFileInfo/LOADING]: Found valid mod file paladins-neoforge-2.7.1+1.21.1.jar with {paladins} mods - versions {2.7.1}
[15Aug2026 02:26:02.606] [main/INFO] [net.neoforged.fml.loading.moddiscovery.ModDiscoverer/SCAN]: Found mod file "paladins-neoforge-2.7.1+1.21.1.jar" [locator: {mods folder locator at /workspaces/nnnn/servidor_minecraft/mods}, reader: mod manifest]
[15Aug2026 02:26:02.607] [main/DEBUG] [net.neoforged.fml.loading.moddiscovery.readers.JarModsDotTomlModFileReader/SCAN]: Found META-INF/neoforge.mods.toml mod of type null: /workspaces/nnnn/servidor_minecraft/mods/Paraglider-neoforge-21.1.5.jar
[15Aug2026 02:26:02.607] [main/DEBUG] [net.neoforged.fml.loading.moddiscovery.ModFileParser/LOADING]: Considering mod file candidate /workspaces/nnnn/servidor_minecraft/mods/Paraglider-neoforge-21.1.5.jar
[15Aug2026 02:26:02.608] [main/DEBUG] [net.neoforged.fml.loading.moddiscovery.ModFileInfo/LOADING]: Found valid mod file Paraglider-neoforge-21.1.5.jar with {paraglider} mods - versions {21.1.5}
[15Aug2026 02:26:02.608] [main/INFO] [net.neoforged.fml.loading.moddiscovery.ModDiscoverer/SCAN]: Found mod file "Paraglider-neoforge-21.1.5.jar" [locator: {mods folder locator at /workspaces/nnnn/servidor_minecraft/mods}, reader: mod manifest]
[15Aug2026 02:26:02.608] [main/DEBUG] [net.neoforged.fml.loading.moddiscovery.readers.JarModsDotTomlModFileReader/SCAN]: Found META-INF/neoforge.mods.toml mod of type null: /workspaces/nnnn/servidor_minecraft/mods/particle_core-0.3.3+1.21+neoforge.jar
[15Aug2026 02:26:02.608] [main/DEBUG] [net.neoforged.fml.loading.moddiscovery.ModFileParser/LOADING]: Considering mod file candidate /workspaces/nnnn/servidor_minecraft/mods/particle_core-0.3.3+1.21+neoforge.jar
[15Aug2026 02:26:02.609] [main/DEBUG] [net.neoforged.fml.loading.moddiscovery.ModFileInfo/LOADING]: Found valid mod file particle_core-0.3.3+1.21+neoforge.jar with {particle_core} mods - versions {0.3.3+1.21+neoforge}
[15Aug2026 02:26:02.609] [main/INFO] [net.neoforged.fml.loading.moddiscovery.ModDiscoverer/SCAN]: Found mod file "particle_core-0.3.3+1.21+neoforge.jar" [locator: {mods folder locator at /workspaces/nnnn/servidor_minecraft/mods}, reader: mod manifest]
[15Aug2026 02:26:02.616] [main/DEBUG] [net.neoforged.fml.loading.moddiscovery.readers.JarModsDotTomlModFileReader/SCAN]: Found META-INF/neoforge.mods.toml mod of type null: /workspaces/nnnn/servidor_minecraft/mods/Pastel-1.1.5.5.jar
[15Aug2026 02:26:02.617] [main/DEBUG] [net.neoforged.fml.loading.moddiscovery.ModFileParser/LOADING]: Considering mod file candidate /workspaces/nnnn/servidor_minecraft/mods/Pastel-1.1.5.5.jar
[15Aug2026 02:26:02.621] [main/DEBUG] [net.neoforged.fml.loading.moddiscovery.ModFileInfo/LOADING]: Found valid mod file Pastel-1.1.5.5.jar with {pastel} mods - versions {1.1.5.5}
[15Aug2026 02:26:02.622] [main/INFO] [net.neoforged.fml.loading.moddiscovery.ModDiscoverer/SCAN]: Found mod file "Pastel-1.1.5.5.jar" [locator: {mods folder locator at /workspaces/nnnn/servidor_minecraft/mods}, reader: mod manifest]
[15Aug2026 02:26:02.622] [main/DEBUG] [net.neoforged.fml.loading.moddiscovery.readers.JarModsDotTomlModFileReader/SCAN]: Found META-INF/neoforge.mods.toml mod of type null: /workspaces/nnnn/servidor_minecraft/mods/player-animation-lib-forge-2.0.4+1.21.1.jar
[15Aug2026 02:26:02.622] [main/DEBUG] [net.neoforged.fml.loading.moddiscovery.ModFileParser/LOADING]: Considering mod file candidate /workspaces/nnnn/servidor_minecraft/mods/player-animation-lib-forge-2.0.4+1.21.1.jar
[15Aug2026 02:26:02.623] [main/DEBUG] [net.neoforged.fml.loading.moddiscovery.ModFileInfo/LOADING]: Found valid mod file player-animation-lib-forge-2.0.4+1.21.1.jar with {playeranimator} mods - versions {2.0.4+1.21.1}
[15Aug2026 02:26:02.623] [main/INFO] [net.neoforged.fml.loading.moddiscovery.ModDiscoverer/SCAN]: Found mod file "player-animation-lib-forge-2.0.4+1.21.1.jar" [locator: {mods folder locator at /workspaces/nnnn/servidor_minecraft/mods}, reader: mod manifest]
[15Aug2026 02:26:02.624] [main/DEBUG] [net.neoforged.fml.loading.moddiscovery.readers.JarModsDotTomlModFileReader/SCAN]: Found META-INF/neoforge.mods.toml mod of type null: /workspaces/nnnn/servidor_minecraft/mods/polymorph-neoforge-1.1.0+1.21.1.jar
[15Aug2026 02:26:02.624] [main/DEBUG] [net.neoforged.fml.loading.moddiscovery.ModFileParser/LOADING]: Considering mod file candidate /workspaces/nnnn/servidor_minecraft/mods/polymorph-neoforge-1.1.0+1.21.1.jar
[15Aug2026 02:26:02.624] [main/DEBUG] [net.neoforged.fml.loading.moddiscovery.ModFileInfo/LOADING]: Found valid mod file polymorph-neoforge-1.1.0+1.21.1.jar with {polymorph} mods - versions {1.1.0+1.21.1}
[15Aug2026 02:26:02.625] [main/INFO] [net.neoforged.fml.loading.moddiscovery.ModDiscoverer/SCAN]: Found mod file "polymorph-neoforge-1.1.0+1.21.1.jar" [locator: {mods folder locator at /workspaces/nnnn/servidor_minecraft/mods}, reader: mod manifest]
[15Aug2026 02:26:02.625] [main/DEBUG] [net.neoforged.fml.loading.moddiscovery.readers.JarModsDotTomlModFileReader/SCAN]: Found META-INF/neoforge.mods.toml mod of type null: /workspaces/nnnn/servidor_minecraft/mods/power-scale-1.21.1-neoforge-0.3.1.1.jar
[15Aug2026 02:26:02.625] [main/DEBUG] [net.neoforged.fml.loading.moddiscovery.ModFileParser/LOADING]: Considering mod file candidate /workspaces/nnnn/servidor_minecraft/mods/power-scale-1.21.1-neoforge-0.3.1.1.jar
[15Aug2026 02:26:02.626] [main/DEBUG] [net.neoforged.fml.loading.moddiscovery.ModFileInfo/LOADING]: Found valid mod file power-scale-1.21.1-neoforge-0.3.1.1.jar with {powerscale} mods - versions {0.3.1.1}
[15Aug2026 02:26:02.626] [main/INFO] [net.neoforged.fml.loading.moddiscovery.ModDiscoverer/SCAN]: Found mod file "power-scale-1.21.1-neoforge-0.3.1.1.jar" [locator: {mods folder locator at /workspaces/nnnn/servidor_minecraft/mods}, reader: mod manifest]
[15Aug2026 02:26:02.627] [main/DEBUG] [net.neoforged.fml.loading.moddiscovery.readers.JarModsDotTomlModFileReader/SCAN]: Found META-INF/neoforge.mods.toml mod of type null: /workspaces/nnnn/servidor_minecraft/mods/prickle-neoforge-1.21.1-21.1.11.jar
[15Aug2026 02:26:02.627] [main/DEBUG] [net.neoforged.fml.loading.moddiscovery.ModFileParser/LOADING]: Considering mod file candidate /workspaces/nnnn/servidor_minecraft/mods/prickle-neoforge-1.21.1-21.1.11.jar
[15Aug2026 02:26:02.628] [main/DEBUG] [net.neoforged.fml.loading.moddiscovery.ModFileInfo/LOADING]: Found valid mod file prickle-neoforge-1.21.1-21.1.11.jar with {prickle} mods - versions {21.1.11}
[15Aug2026 02:26:02.628] [main/INFO] [net.neoforged.fml.loading.moddiscovery.ModDiscoverer/SCAN]: Found mod file "prickle-neoforge-1.21.1-21.1.11.jar" [locator: {mods folder locator at /workspaces/nnnn/servidor_minecraft/mods}, reader: mod manifest]
[15Aug2026 02:26:02.629] [main/DEBUG] [net.neoforged.fml.loading.moddiscovery.readers.JarModsDotTomlModFileReader/SCAN]: Found META-INF/neoforge.mods.toml mod of type null: /workspaces/nnnn/servidor_minecraft/mods/primal-1.1.6+1.21.jar
[15Aug2026 02:26:02.629] [main/DEBUG] [net.neoforged.fml.loading.moddiscovery.ModFileParser/LOADING]: Considering mod file candidate /workspaces/nnnn/servidor_minecraft/mods/primal-1.1.6+1.21.jar
[15Aug2026 02:26:02.631] [main/DEBUG] [net.neoforged.fml.loading.moddiscovery.ModFileInfo/LOADING]: Found valid mod file primal-1.1.6+1.21.jar with {primal} mods - versions {1.1.6}
[15Aug2026 02:26:02.631] [main/INFO] [net.neoforged.fml.loading.moddiscovery.ModDiscoverer/SCAN]: Found mod file "primal-1.1.6+1.21.jar" [locator: {mods folder locator at /workspaces/nnnn/servidor_minecraft/mods}, reader: mod manifest]
[15Aug2026 02:26:02.632] [main/DEBUG] [net.neoforged.fml.loading.moddiscovery.readers.JarModsDotTomlModFileReader/SCAN]: Found META-INF/neoforge.mods.toml mod of type null: /workspaces/nnnn/servidor_minecraft/mods/Prism-1.21.1-neoforge-1.0.11.jar
[15Aug2026 02:26:02.632] [main/DEBUG] [net.neoforged.fml.loading.moddiscovery.ModFileParser/LOADING]: Considering mod file candidate /workspaces/nnnn/servidor_minecraft/mods/Prism-1.21.1-neoforge-1.0.11.jar
[15Aug2026 02:26:02.632] [main/DEBUG] [net.neoforged.fml.loading.moddiscovery.ModFileInfo/LOADING]: Found valid mod file Prism-1.21.1-neoforge-1.0.11.jar with {prism} mods - versions {1.0.11}
[15Aug2026 02:26:02.632] [main/INFO] [net.neoforged.fml.loading.moddiscovery.ModDiscoverer/SCAN]: Found mod file "Prism-1.21.1-neoforge-1.0.11.jar" [locator: {mods folder locator at /workspaces/nnnn/servidor_minecraft/mods}, reader: mod manifest]
[15Aug2026 02:26:02.633] [main/DEBUG] [net.neoforged.fml.loading.moddiscovery.readers.JarModsDotTomlModFileReader/SCAN]: Found META-INF/neoforge.mods.toml mod of type null: /workspaces/nnnn/servidor_minecraft/mods/pufferfish_unofficial_additions-1.21.1-2.2.8.jar
[15Aug2026 02:26:02.633] [main/DEBUG] [net.neoforged.fml.loading.moddiscovery.ModFileParser/LOADING]: Considering mod file candidate /workspaces/nnnn/servidor_minecraft/mods/pufferfish_unofficial_additions-1.21.1-2.2.8.jar
[15Aug2026 02:26:02.636] [main/DEBUG] [net.neoforged.fml.loading.moddiscovery.ModFileInfo/LOADING]: Found valid mod file pufferfish_unofficial_additions-1.21.1-2.2.8.jar with {pufferfish_unofficial_additions} mods - versions {2.2.8}
[15Aug2026 02:26:02.636] [main/INFO] [net.neoforged.fml.loading.moddiscovery.ModDiscoverer/SCAN]: Found mod file "pufferfish_unofficial_additions-1.21.1-2.2.8.jar" [locator: {mods folder locator at /workspaces/nnnn/servidor_minecraft/mods}, reader: mod manifest]
[15Aug2026 02:26:02.636] [main/DEBUG] [net.neoforged.fml.loading.moddiscovery.readers.JarModsDotTomlModFileReader/SCAN]: Found META-INF/neoforge.mods.toml mod of type null: /workspaces/nnnn/servidor_minecraft/mods/puffish_attributes-0.8.2-1.21-neoforge.jar
[15Aug2026 02:26:02.636] [main/DEBUG] [net.neoforged.fml.loading.moddiscovery.ModFileParser/LOADING]: Considering mod file candidate /workspaces/nnnn/servidor_minecraft/mods/puffish_attributes-0.8.2-1.21-neoforge.jar
[15Aug2026 02:26:02.637] [main/DEBUG] [net.neoforged.fml.loading.moddiscovery.ModFileInfo/LOADING]: Found valid mod file puffish_attributes-0.8.2-1.21-neoforge.jar with {puffish_attributes} mods - versions {0.8.2}
[15Aug2026 02:26:02.637] [main/INFO] [net.neoforged.fml.loading.moddiscovery.ModDiscoverer/SCAN]: Found mod file "puffish_attributes-0.8.2-1.21-neoforge.jar" [locator: {mods folder locator at /workspaces/nnnn/servidor_minecraft/mods}, reader: mod manifest]
[15Aug2026 02:26:02.638] [main/DEBUG] [net.neoforged.fml.loading.moddiscovery.readers.JarModsDotTomlModFileReader/SCAN]: Found META-INF/neoforge.mods.toml mod of type null: /workspaces/nnnn/servidor_minecraft/mods/puffish_skills-0.17.3-1.21-neoforge.jar
[15Aug2026 02:26:02.638] [main/DEBUG] [net.neoforged.fml.loading.moddiscovery.ModFileParser/LOADING]: Considering mod file candidate /workspaces/nnnn/servidor_minecraft/mods/puffish_skills-0.17.3-1.21-neoforge.jar
[15Aug2026 02:26:02.638] [main/DEBUG] [net.neoforged.fml.loading.moddiscovery.ModFileInfo/LOADING]: Found valid mod file puffish_skills-0.17.3-1.21-neoforge.jar with {puffish_skills} mods - versions {0.17.3}
[15Aug2026 02:26:02.638] [main/INFO] [net.neoforged.fml.loading.moddiscovery.ModDiscoverer/SCAN]: Found mod file "puffish_skills-0.17.3-1.21-neoforge.jar" [locator: {mods folder locator at /workspaces/nnnn/servidor_minecraft/mods}, reader: mod manifest]
[15Aug2026 02:26:02.639] [main/DEBUG] [net.neoforged.fml.loading.moddiscovery.readers.JarModsDotTomlModFileReader/SCAN]: Found META-INF/neoforge.mods.toml mod of type null: /workspaces/nnnn/servidor_minecraft/mods/PuzzlesLib-v21.1.39-1.21.1-NeoForge.jar
[15Aug2026 02:26:02.639] [main/DEBUG] [net.neoforged.fml.loading.moddiscovery.ModFileParser/LOADING]: Considering mod file candidate /workspaces/nnnn/servidor_minecraft/mods/PuzzlesLib-v21.1.39-1.21.1-NeoForge.jar
[15Aug2026 02:26:02.640] [main/DEBUG] [net.neoforged.fml.loading.moddiscovery.ModFileInfo/LOADING]: Found valid mod file PuzzlesLib-v21.1.39-1.21.1-NeoForge.jar with {puzzleslib} mods - versions {21.1.39}
[15Aug2026 02:26:02.640] [main/INFO] [net.neoforged.fml.loading.moddiscovery.ModDiscoverer/SCAN]: Found mod file "PuzzlesLib-v21.1.39-1.21.1-NeoForge.jar" [locator: {mods folder locator at /workspaces/nnnn/servidor_minecraft/mods}, reader: mod manifest]
[15Aug2026 02:26:02.641] [main/DEBUG] [net.neoforged.fml.loading.moddiscovery.readers.JarModsDotTomlModFileReader/SCAN]: Found META-INF/neoforge.mods.toml mod of type null: /workspaces/nnnn/servidor_minecraft/mods/ranged_weapon_api-neoforge-2.3.3+1.21.1.jar
[15Aug2026 02:26:02.641] [main/DEBUG] [net.neoforged.fml.loading.moddiscovery.ModFileParser/LOADING]: Considering mod file candidate /workspaces/nnnn/servidor_minecraft/mods/ranged_weapon_api-neoforge-2.3.3+1.21.1.jar
[15Aug2026 02:26:02.643] [main/DEBUG] [net.neoforged.fml.loading.moddiscovery.ModFileInfo/LOADING]: Found valid mod file ranged_weapon_api-neoforge-2.3.3+1.21.1.jar with {ranged_weapon_api} mods - versions {2.3.3+1.21.1}
[15Aug2026 02:26:02.643] [main/INFO] [net.neoforged.fml.loading.moddiscovery.ModDiscoverer/SCAN]: Found mod file "ranged_weapon_api-neoforge-2.3.3+1.21.1.jar" [locator: {mods folder locator at /workspaces/nnnn/servidor_minecraft/mods}, reader: mod manifest]
[15Aug2026 02:26:02.643] [main/DEBUG] [net.neoforged.fml.loading.moddiscovery.readers.JarModsDotTomlModFileReader/SCAN]: Found META-INF/neoforge.mods.toml mod of type null: /workspaces/nnnn/servidor_minecraft/mods/realmrpg_balloons-0.9.1-neoforge-1.21.1.jar
[15Aug2026 02:26:02.643] [main/DEBUG] [net.neoforged.fml.loading.moddiscovery.ModFileParser/LOADING]: Considering mod file candidate /workspaces/nnnn/servidor_minecraft/mods/realmrpg_balloons-0.9.1-neoforge-1.21.1.jar
[15Aug2026 02:26:02.644] [main/DEBUG] [net.neoforged.fml.loading.moddiscovery.ModFileInfo/LOADING]: Found valid mod file realmrpg_balloons-0.9.1-neoforge-1.21.1.jar with {realmrpg_balloons} mods - versions {0.9.1}
[15Aug2026 02:26:02.644] [main/INFO] [net.neoforged.fml.loading.moddiscovery.ModDiscoverer/SCAN]: Found mod file "realmrpg_balloons-0.9.1-neoforge-1.21.1.jar" [locator: {mods folder locator at /workspaces/nnnn/servidor_minecraft/mods}, reader: mod manifest]
[15Aug2026 02:26:02.644] [main/DEBUG] [net.neoforged.fml.loading.moddiscovery.readers.JarModsDotTomlModFileReader/SCAN]: Found META-INF/neoforge.mods.toml mod of type null: /workspaces/nnnn/servidor_minecraft/mods/realmrpg_skeletons-1.1.0-neoforge-1.21.1.jar
[15Aug2026 02:26:02.645] [main/DEBUG] [net.neoforged.fml.loading.moddiscovery.ModFileParser/LOADING]: Considering mod file candidate /workspaces/nnnn/servidor_minecraft/mods/realmrpg_skeletons-1.1.0-neoforge-1.21.1.jar
[15Aug2026 02:26:02.645] [main/DEBUG] [net.neoforged.fml.loading.moddiscovery.ModFileInfo/LOADING]: Found valid mod file realmrpg_skeletons-1.1.0-neoforge-1.21.1.jar with {realmrpg_skeletons} mods - versions {1.1.0}
[15Aug2026 02:26:02.645] [main/INFO] [net.neoforged.fml.loading.moddiscovery.ModDiscoverer/SCAN]: Found mod file "realmrpg_skeletons-1.1.0-neoforge-1.21.1.jar" [locator: {mods folder locator at /workspaces/nnnn/servidor_minecraft/mods}, reader: mod manifest]
[15Aug2026 02:26:02.647] [main/DEBUG] [net.neoforged.fml.loading.moddiscovery.readers.JarModsDotTomlModFileReader/SCAN]: Found META-INF/neoforge.mods.toml mod of type null: /workspaces/nnnn/servidor_minecraft/mods/reanimal-0.6.0.jar
[15Aug2026 02:26:02.647] [main/DEBUG] [net.neoforged.fml.loading.moddiscovery.ModFileParser/LOADING]: Considering mod file candidate /workspaces/nnnn/servidor_minecraft/mods/reanimal-0.6.0.jar
[15Aug2026 02:26:02.647] [main/DEBUG] [net.neoforged.fml.loading.moddiscovery.ModFileInfo/LOADING]: Found valid mod file reanimal-0.6.0.jar with {reanimal} mods - versions {0.6.0}
[15Aug2026 02:26:02.647] [main/INFO] [net.neoforged.fml.loading.moddiscovery.ModDiscoverer/SCAN]: Found mod file "reanimal-0.6.0.jar" [locator: {mods folder locator at /workspaces/nnnn/servidor_minecraft/mods}, reader: mod manifest]
[15Aug2026 02:26:02.648] [main/DEBUG] [net.neoforged.fml.loading.moddiscovery.readers.JarModsDotTomlModFileReader/SCAN]: Found META-INF/neoforge.mods.toml mod of type null: /workspaces/nnnn/servidor_minecraft/mods/recipeessentials-1.21-4.0.jar
[15Aug2026 02:26:02.648] [main/DEBUG] [net.neoforged.fml.loading.moddiscovery.ModFileParser/LOADING]: Considering mod file candidate /workspaces/nnnn/servidor_minecraft/mods/recipeessentials-1.21-4.0.jar
[15Aug2026 02:26:02.649] [main/DEBUG] [net.neoforged.fml.loading.moddiscovery.ModFileInfo/LOADING]: Found valid mod file recipeessentials-1.21-4.0.jar with {recipeessentials} mods - versions {4.0}
[15Aug2026 02:26:02.649] [main/INFO] [net.neoforged.fml.loading.moddiscovery.ModDiscoverer/SCAN]: Found mod file "recipeessentials-1.21-4.0.jar" [locator: {mods folder locator at /workspaces/nnnn/servidor_minecraft/mods}, reader: mod manifest]
[15Aug2026 02:26:02.652] [main/DEBUG] [net.neoforged.fml.loading.moddiscovery.readers.JarModsDotTomlModFileReader/SCAN]: Found META-INF/neoforge.mods.toml mod of type null: /workspaces/nnnn/servidor_minecraft/mods/regions-unexplored-0.6+beta4-neoforge-21.1.jar
[15Aug2026 02:26:02.652] [main/DEBUG] [net.neoforged.fml.loading.moddiscovery.ModFileParser/LOADING]: Considering mod file candidate /workspaces/nnnn/servidor_minecraft/mods/regions-unexplored-0.6+beta4-neoforge-21.1.jar
[15Aug2026 02:26:02.653] [main/DEBUG] [net.neoforged.fml.loading.moddiscovery.ModFileInfo/LOADING]: Found valid mod file regions-unexplored-0.6+beta4-neoforge-21.1.jar with {regions_unexplored} mods - versions {0.6+beta4}
[15Aug2026 02:26:02.653] [main/INFO] [net.neoforged.fml.loading.moddiscovery.ModDiscoverer/SCAN]: Found mod file "regions-unexplored-0.6+beta4-neoforge-21.1.jar" [locator: {mods folder locator at /workspaces/nnnn/servidor_minecraft/mods}, reader: mod manifest]
[15Aug2026 02:26:02.654] [main/DEBUG] [net.neoforged.fml.loading.moddiscovery.readers.JarModsDotTomlModFileReader/SCAN]: Found META-INF/neoforge.mods.toml mod of type null: /workspaces/nnnn/servidor_minecraft/mods/relics-neoforge-1.3.0+1.21.1.jar
[15Aug2026 02:26:02.654] [main/DEBUG] [net.neoforged.fml.loading.moddiscovery.ModFileParser/LOADING]: Considering mod file candidate /workspaces/nnnn/servidor_minecraft/mods/relics-neoforge-1.3.0+1.21.1.jar
[15Aug2026 02:26:02.654] [main/DEBUG] [net.neoforged.fml.loading.moddiscovery.ModFileInfo/LOADING]: Found valid mod file relics-neoforge-1.3.0+1.21.1.jar with {relics_rpgs} mods - versions {1.3.0}
[15Aug2026 02:26:02.654] [main/INFO] [net.neoforged.fml.loading.moddiscovery.ModDiscoverer/SCAN]: Found mod file "relics-neoforge-1.3.0+1.21.1.jar" [locator: {mods folder locator at /workspaces/nnnn/servidor_minecraft/mods}, reader: mod manifest]
[15Aug2026 02:26:02.655] [main/DEBUG] [net.neoforged.fml.loading.moddiscovery.readers.JarModsDotTomlModFileReader/SCAN]: Found META-INF/neoforge.mods.toml mod of type null: /workspaces/nnnn/servidor_minecraft/mods/resourcefulconfig-neoforge-1.21-3.0.11.jar
[15Aug2026 02:26:02.655] [main/DEBUG] [net.neoforged.fml.loading.moddiscovery.ModFileParser/LOADING]: Considering mod file candidate /workspaces/nnnn/servidor_minecraft/mods/resourcefulconfig-neoforge-1.21-3.0.11.jar
[15Aug2026 02:26:02.655] [main/DEBUG] [net.neoforged.fml.loading.moddiscovery.ModFileInfo/LOADING]: Found valid mod file resourcefulconfig-neoforge-1.21-3.0.11.jar with {resourcefulconfig} mods - versions {3.0.11}
[15Aug2026 02:26:02.655] [main/INFO] [net.neoforged.fml.loading.moddiscovery.ModDiscoverer/SCAN]: Found mod file "resourcefulconfig-neoforge-1.21-3.0.11.jar" [locator: {mods folder locator at /workspaces/nnnn/servidor_minecraft/mods}, reader: mod manifest]
[15Aug2026 02:26:02.656] [main/DEBUG] [net.neoforged.fml.loading.moddiscovery.readers.JarModsDotTomlModFileReader/SCAN]: Found META-INF/neoforge.mods.toml mod of type null: /workspaces/nnnn/servidor_minecraft/mods/rogues-neoforge-2.7.0+1.21.1.jar
[15Aug2026 02:26:02.656] [main/DEBUG] [net.neoforged.fml.loading.moddiscovery.ModFileParser/LOADING]: Considering mod file candidate /workspaces/nnnn/servidor_minecraft/mods/rogues-neoforge-2.7.0+1.21.1.jar
[15Aug2026 02:26:02.656] [main/DEBUG] [net.neoforged.fml.loading.moddiscovery.ModFileInfo/LOADING]: Found valid mod file rogues-neoforge-2.7.0+1.21.1.jar with {rogues} mods - versions {2.7.0}
[15Aug2026 02:26:02.657] [main/INFO] [net.neoforged.fml.loading.moddiscovery.ModDiscoverer/SCAN]: Found mod file "rogues-neoforge-2.7.0+1.21.1.jar" [locator: {mods folder locator at /workspaces/nnnn/servidor_minecraft/mods}, reader: mod manifest]
[15Aug2026 02:26:02.657] [main/DEBUG] [net.neoforged.fml.loading.moddiscovery.readers.JarModsDotTomlModFileReader/SCAN]: Found META-INF/neoforge.mods.toml mod of type null: /workspaces/nnnn/servidor_minecraft/mods/runes-neoforge-1.2.1+1.21.1.jar
[15Aug2026 02:26:02.657] [main/DEBUG] [net.neoforged.fml.loading.moddiscovery.ModFileParser/LOADING]: Considering mod file candidate /workspaces/nnnn/servidor_minecraft/mods/runes-neoforge-1.2.1+1.21.1.jar
[15Aug2026 02:26:02.658] [main/DEBUG] [net.neoforged.fml.loading.moddiscovery.ModFileInfo/LOADING]: Found valid mod file runes-neoforge-1.2.1+1.21.1.jar with {runes} mods - versions {1.2.1+1.21.1}
[15Aug2026 02:26:02.658] [main/INFO] [net.neoforged.fml.loading.moddiscovery.ModDiscoverer/SCAN]: Found mod file "runes-neoforge-1.2.1+1.21.1.jar" [locator: {mods folder locator at /workspaces/nnnn/servidor_minecraft/mods}, reader: mod manifest]
[15Aug2026 02:26:02.659] [main/DEBUG] [net.neoforged.fml.loading.moddiscovery.readers.JarModsDotTomlModFileReader/SCAN]: Found META-INF/neoforge.mods.toml mod of type null: /workspaces/nnnn/servidor_minecraft/mods/saintsdragons-1.20.1-0.6.1-NEOFORGE-ALPHA-HOTFIX.jar
[15Aug2026 02:26:02.659] [main/DEBUG] [net.neoforged.fml.loading.moddiscovery.ModFileParser/LOADING]: Considering mod file candidate /workspaces/nnnn/servidor_minecraft/mods/saintsdragons-1.20.1-0.6.1-NEOFORGE-ALPHA-HOTFIX.jar
[15Aug2026 02:26:02.660] [main/DEBUG] [net.neoforged.fml.loading.moddiscovery.ModFileInfo/LOADING]: Found valid mod file saintsdragons-1.20.1-0.6.1-NEOFORGE-ALPHA-HOTFIX.jar with {saintsdragons} mods - versions {0.6.1}
[15Aug2026 02:26:02.660] [main/INFO] [net.neoforged.fml.loading.moddiscovery.ModDiscoverer/SCAN]: Found mod file "saintsdragons-1.20.1-0.6.1-NEOFORGE-ALPHA-HOTFIX.jar" [locator: {mods folder locator at /workspaces/nnnn/servidor_minecraft/mods}, reader: mod manifest]
[15Aug2026 02:26:02.660] [main/DEBUG] [net.neoforged.fml.loading.moddiscovery.readers.JarModsDotTomlModFileReader/SCAN]: Found META-INF/neoforge.mods.toml mod of type null: /workspaces/nnnn/servidor_minecraft/mods/ScalableLux-0.1.0.1+neoforge.1cb1e91-all.jar
[15Aug2026 02:26:02.660] [main/DEBUG] [net.neoforged.fml.loading.moddiscovery.ModFileParser/LOADING]: Considering mod file candidate /workspaces/nnnn/servidor_minecraft/mods/ScalableLux-0.1.0.1+neoforge.1cb1e91-all.jar
[15Aug2026 02:26:02.661] [main/DEBUG] [net.neoforged.fml.loading.moddiscovery.ModFileInfo/LOADING]: Found valid mod file ScalableLux-0.1.0.1+neoforge.1cb1e91-all.jar with {scalablelux} mods - versions {0.1.0.1+neoforge.1cb1e91}
[15Aug2026 02:26:02.661] [main/INFO] [net.neoforged.fml.loading.moddiscovery.ModDiscoverer/SCAN]: Found mod file "ScalableLux-0.1.0.1+neoforge.1cb1e91-all.jar" [locator: {mods folder locator at /workspaces/nnnn/servidor_minecraft/mods}, reader: mod manifest]
[15Aug2026 02:26:02.661] [main/DEBUG] [net.neoforged.fml.loading.moddiscovery.readers.JarModsDotTomlModFileReader/SCAN]: Found META-INF/neoforge.mods.toml mod of type null: /workspaces/nnnn/servidor_minecraft/mods/sharedadvancements-neoforge-1.21.X-6.1.0.jar
[15Aug2026 02:26:02.661] [main/DEBUG] [net.neoforged.fml.loading.moddiscovery.ModFileParser/LOADING]: Considering mod file candidate /workspaces/nnnn/servidor_minecraft/mods/sharedadvancements-neoforge-1.21.X-6.1.0.jar
[15Aug2026 02:26:02.662] [main/DEBUG] [net.neoforged.fml.loading.moddiscovery.ModFileInfo/LOADING]: Found valid mod file sharedadvancements-neoforge-1.21.X-6.1.0.jar with {sharedadvancements} mods - versions {6.1.0}
[15Aug2026 02:26:02.662] [main/INFO] [net.neoforged.fml.loading.moddiscovery.ModDiscoverer/SCAN]: Found mod file "sharedadvancements-neoforge-1.21.X-6.1.0.jar" [locator: {mods folder locator at /workspaces/nnnn/servidor_minecraft/mods}, reader: mod manifest]
[15Aug2026 02:26:02.662] [main/DEBUG] [net.neoforged.fml.loading.moddiscovery.readers.JarModsDotTomlModFileReader/SCAN]: Found META-INF/neoforge.mods.toml mod of type null: /workspaces/nnnn/servidor_minecraft/mods/shield_api-neoforge-2.2.0.jar
[15Aug2026 02:26:02.663] [main/DEBUG] [net.neoforged.fml.loading.moddiscovery.ModFileParser/LOADING]: Considering mod file candidate /workspaces/nnnn/servidor_minecraft/mods/shield_api-neoforge-2.2.0.jar
[15Aug2026 02:26:02.663] [main/DEBUG] [net.neoforged.fml.loading.moddiscovery.ModFileInfo/LOADING]: Found valid mod file shield_api-neoforge-2.2.0.jar with {shield_api} mods - versions {2.2.0}
[15Aug2026 02:26:02.663] [main/INFO] [net.neoforged.fml.loading.moddiscovery.ModDiscoverer/SCAN]: Found mod file "shield_api-neoforge-2.2.0.jar" [locator: {mods folder locator at /workspaces/nnnn/servidor_minecraft/mods}, reader: mod manifest]
[15Aug2026 02:26:02.664] [main/DEBUG] [net.neoforged.fml.loading.moddiscovery.readers.JarModsDotTomlModFileReader/SCAN]: Found META-INF/neoforge.mods.toml mod of type null: /workspaces/nnnn/servidor_minecraft/mods/shieldexp-neoforge-1.21.1-1.4.1.jar
[15Aug2026 02:26:02.664] [main/DEBUG] [net.neoforged.fml.loading.moddiscovery.ModFileParser/LOADING]: Considering mod file candidate /workspaces/nnnn/servidor_minecraft/mods/shieldexp-neoforge-1.21.1-1.4.1.jar
[15Aug2026 02:26:02.665] [main/DEBUG] [net.neoforged.fml.loading.moddiscovery.ModFileInfo/LOADING]: Found valid mod file shieldexp-neoforge-1.21.1-1.4.1.jar with {shieldexp} mods - versions {1.4.1}
[15Aug2026 02:26:02.665] [main/INFO] [net.neoforged.fml.loading.moddiscovery.ModDiscoverer/SCAN]: Found mod file "shieldexp-neoforge-1.21.1-1.4.1.jar" [locator: {mods folder locator at /workspaces/nnnn/servidor_minecraft/mods}, reader: mod manifest]
[15Aug2026 02:26:02.666] [main/DEBUG] [net.neoforged.fml.loading.moddiscovery.readers.JarModsDotTomlModFileReader/SCAN]: Found META-INF/neoforge.mods.toml mod of type null: /workspaces/nnnn/servidor_minecraft/mods/silent-lib-1.21.1-neoforge-10.6.0.jar
[15Aug2026 02:26:02.666] [main/DEBUG] [net.neoforged.fml.loading.moddiscovery.ModFileParser/LOADING]: Considering mod file candidate /workspaces/nnnn/servidor_minecraft/mods/silent-lib-1.21.1-neoforge-10.6.0.jar
[15Aug2026 02:26:02.668] [main/DEBUG] [net.neoforged.fml.loading.moddiscovery.ModFileInfo/LOADING]: Found valid mod file silent-lib-1.21.1-neoforge-10.6.0.jar with {silentlib} mods - versions {10.6.0}
[15Aug2026 02:26:02.668] [main/INFO] [net.neoforged.fml.loading.moddiscovery.ModDiscoverer/SCAN]: Found mod file "silent-lib-1.21.1-neoforge-10.6.0.jar" [locator: {mods folder locator at /workspaces/nnnn/servidor_minecraft/mods}, reader: mod manifest]
[15Aug2026 02:26:02.668] [main/DEBUG] [net.neoforged.fml.loading.moddiscovery.readers.JarModsDotTomlModFileReader/SCAN]: Found META-INF/neoforge.mods.toml mod of type null: /workspaces/nnnn/servidor_minecraft/mods/skill_tree-neoforge-1.4.4+1.21.1.jar
[15Aug2026 02:26:02.668] [main/DEBUG] [net.neoforged.fml.loading.moddiscovery.ModFileParser/LOADING]: Considering mod file candidate /workspaces/nnnn/servidor_minecraft/mods/skill_tree-neoforge-1.4.4+1.21.1.jar
[15Aug2026 02:26:02.669] [main/DEBUG] [net.neoforged.fml.loading.moddiscovery.ModFileInfo/LOADING]: Found valid mod file skill_tree-neoforge-1.4.4+1.21.1.jar with {skill_tree_rpgs} mods - versions {1.4.4}
[15Aug2026 02:26:02.670] [main/INFO] [net.neoforged.fml.loading.moddiscovery.ModDiscoverer/SCAN]: Found mod file "skill_tree-neoforge-1.4.4+1.21.1.jar" [locator: {mods folder locator at /workspaces/nnnn/servidor_minecraft/mods}, reader: mod manifest]
[15Aug2026 02:26:02.671] [main/DEBUG] [net.neoforged.fml.loading.moddiscovery.readers.JarModsDotTomlModFileReader/SCAN]: Found META-INF/neoforge.mods.toml mod of type null: /workspaces/nnnn/servidor_minecraft/mods/sleep_tight-1.21-1.4.1-neoforge.jar
[15Aug2026 02:26:02.671] [main/DEBUG] [net.neoforged.fml.loading.moddiscovery.ModFileParser/LOADING]: Considering mod file candidate /workspaces/nnnn/servidor_minecraft/mods/sleep_tight-1.21-1.4.1-neoforge.jar
[15Aug2026 02:26:02.672] [main/DEBUG] [net.neoforged.fml.loading.moddiscovery.ModFileInfo/LOADING]: Found valid mod file sleep_tight-1.21-1.4.1-neoforge.jar with {sleep_tight} mods - versions {1.21-1.3.7}
[15Aug2026 02:26:02.672] [main/INFO] [net.neoforged.fml.loading.moddiscovery.ModDiscoverer/SCAN]: Found mod file "sleep_tight-1.21-1.4.1-neoforge.jar" [locator: {mods folder locator at /workspaces/nnnn/servidor_minecraft/mods}, reader: mod manifest]
[15Aug2026 02:26:02.673] [main/DEBUG] [net.neoforged.fml.loading.moddiscovery.readers.JarModsDotTomlModFileReader/SCAN]: Found META-INF/neoforge.mods.toml mod of type null: /workspaces/nnnn/servidor_minecraft/mods/smoothchunk-1.21-4.1.jar
[15Aug2026 02:26:02.673] [main/DEBUG] [net.neoforged.fml.loading.moddiscovery.ModFileParser/LOADING]: Considering mod file candidate /workspaces/nnnn/servidor_minecraft/mods/smoothchunk-1.21-4.1.jar
[15Aug2026 02:26:02.674] [main/DEBUG] [net.neoforged.fml.loading.moddiscovery.ModFileInfo/LOADING]: Found valid mod file smoothchunk-1.21-4.1.jar with {smoothchunk} mods - versions {4.1}
[15Aug2026 02:26:02.674] [main/INFO] [net.neoforged.fml.loading.moddiscovery.ModDiscoverer/SCAN]: Found mod file "smoothchunk-1.21-4.1.jar" [locator: {mods folder locator at /workspaces/nnnn/servidor_minecraft/mods}, reader: mod manifest]
[15Aug2026 02:26:02.676] [main/DEBUG] [net.neoforged.fml.loading.moddiscovery.readers.JarModsDotTomlModFileReader/SCAN]: Found META-INF/neoforge.mods.toml mod of type null: /workspaces/nnnn/servidor_minecraft/mods/sodium-neoforge-0.6.13+mc1.21.1.jar
[15Aug2026 02:26:02.676] [main/DEBUG] [net.neoforged.fml.loading.moddiscovery.ModFileParser/LOADING]: Considering mod file candidate /workspaces/nnnn/servidor_minecraft/mods/sodium-neoforge-0.6.13+mc1.21.1.jar
[15Aug2026 02:26:02.676] [main/DEBUG] [net.neoforged.fml.loading.moddiscovery.ModFileInfo/LOADING]: Found valid mod file sodium-neoforge-0.6.13+mc1.21.1.jar with {sodium} mods - versions {0.6.13+mc1.21.1}
[15Aug2026 02:26:02.677] [main/INFO] [net.neoforged.fml.loading.moddiscovery.ModDiscoverer/SCAN]: Found mod file "sodium-neoforge-0.6.13+mc1.21.1.jar" [locator: {mods folder locator at /workspaces/nnnn/servidor_minecraft/mods}, reader: mod manifest]
[15Aug2026 02:26:02.677] [main/DEBUG] [net.neoforged.fml.loading.moddiscovery.readers.JarModsDotTomlModFileReader/SCAN]: Found META-INF/neoforge.mods.toml mod of type null: /workspaces/nnnn/servidor_minecraft/mods/sodiumdynamiclights-neoforge-1.0.10-1.21.1.jar
[15Aug2026 02:26:02.677] [main/DEBUG] [net.neoforged.fml.loading.moddiscovery.ModFileParser/LOADING]: Considering mod file candidate /workspaces/nnnn/servidor_minecraft/mods/sodiumdynamiclights-neoforge-1.0.10-1.21.1.jar
[15Aug2026 02:26:02.678] [main/DEBUG] [net.neoforged.fml.loading.moddiscovery.ModFileInfo/LOADING]: Found valid mod file sodiumdynamiclights-neoforge-1.0.10-1.21.1.jar with {sodiumdynamiclights} mods - versions {1.0.9}
[15Aug2026 02:26:02.678] [main/INFO] [net.neoforged.fml.loading.moddiscovery.ModDiscoverer/SCAN]: Found mod file "sodiumdynamiclights-neoforge-1.0.10-1.21.1.jar" [locator: {mods folder locator at /workspaces/nnnn/servidor_minecraft/mods}, reader: mod manifest]
[15Aug2026 02:26:02.679] [main/DEBUG] [net.neoforged.fml.loading.moddiscovery.readers.JarModsDotTomlModFileReader/SCAN]: Found META-INF/neoforge.mods.toml mod of type null: /workspaces/nnnn/servidor_minecraft/mods/sodiumleafculling-neoforge-1.0.1-1.21.1.jar
[15Aug2026 02:26:02.679] [main/DEBUG] [net.neoforged.fml.loading.moddiscovery.ModFileParser/LOADING]: Considering mod file candidate /workspaces/nnnn/servidor_minecraft/mods/sodiumleafculling-neoforge-1.0.1-1.21.1.jar
[15Aug2026 02:26:02.680] [main/DEBUG] [net.neoforged.fml.loading.moddiscovery.ModFileInfo/LOADING]: Found valid mod file sodiumleafculling-neoforge-1.0.1-1.21.1.jar with {sodiumleafculling} mods - versions {1.0.1}
[15Aug2026 02:26:02.680] [main/INFO] [net.neoforged.fml.loading.moddiscovery.ModDiscoverer/SCAN]: Found mod file "sodiumleafculling-neoforge-1.0.1-1.21.1.jar" [locator: {mods folder locator at /workspaces/nnnn/servidor_minecraft/mods}, reader: mod manifest]
[15Aug2026 02:26:02.681] [main/DEBUG] [net.neoforged.fml.loading.moddiscovery.readers.JarModsDotTomlModFileReader/SCAN]: Found META-INF/neoforge.mods.toml mod of type null: /workspaces/nnnn/servidor_minecraft/mods/sodiumoptionsapi-neoforge-1.0.10-1.21.1.jar
[15Aug2026 02:26:02.681] [main/DEBUG] [net.neoforged.fml.loading.moddiscovery.ModFileParser/LOADING]: Considering mod file candidate /workspaces/nnnn/servidor_minecraft/mods/sodiumoptionsapi-neoforge-1.0.10-1.21.1.jar
[15Aug2026 02:26:02.681] [main/DEBUG] [net.neoforged.fml.loading.moddiscovery.ModFileInfo/LOADING]: Found valid mod file sodiumoptionsapi-neoforge-1.0.10-1.21.1.jar with {sodiumoptionsapi} mods - versions {1.0.10}
[15Aug2026 02:26:02.681] [main/INFO] [net.neoforged.fml.loading.moddiscovery.ModDiscoverer/SCAN]: Found mod file "sodiumoptionsapi-neoforge-1.0.10-1.21.1.jar" [locator: {mods folder locator at /workspaces/nnnn/servidor_minecraft/mods}, reader: mod manifest]
[15Aug2026 02:26:02.682] [main/DEBUG] [net.neoforged.fml.loading.moddiscovery.readers.JarModsDotTomlModFileReader/SCAN]: Found META-INF/neoforge.mods.toml mod of type null: /workspaces/nnnn/servidor_minecraft/mods/sodiumoptionsmodcompat-neoforge-1.0.0-1.21.1.jar
[15Aug2026 02:26:02.682] [main/DEBUG] [net.neoforged.fml.loading.moddiscovery.ModFileParser/LOADING]: Considering mod file candidate /workspaces/nnnn/servidor_minecraft/mods/sodiumoptionsmodcompat-neoforge-1.0.0-1.21.1.jar
[15Aug2026 02:26:02.683] [main/DEBUG] [net.neoforged.fml.loading.moddiscovery.ModFileInfo/LOADING]: Found valid mod file sodiumoptionsmodcompat-neoforge-1.0.0-1.21.1.jar with {sodiumoptionsmodcompat} mods - versions {1.0.0}
[15Aug2026 02:26:02.683] [main/INFO] [net.neoforged.fml.loading.moddiscovery.ModDiscoverer/SCAN]: Found mod file "sodiumoptionsmodcompat-neoforge-1.0.0-1.21.1.jar" [locator: {mods folder locator at /workspaces/nnnn/servidor_minecraft/mods}, reader: mod manifest]
[15Aug2026 02:26:02.684] [main/DEBUG] [net.neoforged.fml.loading.moddiscovery.readers.JarModsDotTomlModFileReader/SCAN]: Found META-INF/neoforge.mods.toml mod of type null: /workspaces/nnnn/servidor_minecraft/mods/sophisticatedbackpacks-1.21.1-3.25.44.1736.jar
[15Aug2026 02:26:02.684] [main/DEBUG] [net.neoforged.fml.loading.moddiscovery.ModFileParser/LOADING]: Considering mod file candidate /workspaces/nnnn/servidor_minecraft/mods/sophisticatedbackpacks-1.21.1-3.25.44.1736.jar
[15Aug2026 02:26:02.685] [main/DEBUG] [net.neoforged.fml.loading.moddiscovery.ModFileInfo/LOADING]: Found valid mod file sophisticatedbackpacks-1.21.1-3.25.44.1736.jar with {sophisticatedbackpacks} mods - versions {3.25.44}
[15Aug2026 02:26:02.685] [main/INFO] [net.neoforged.fml.loading.moddiscovery.ModDiscoverer/SCAN]: Found mod file "sophisticatedbackpacks-1.21.1-3.25.44.1736.jar" [locator: {mods folder locator at /workspaces/nnnn/servidor_minecraft/mods}, reader: mod manifest]
[15Aug2026 02:26:02.686] [main/DEBUG] [net.neoforged.fml.loading.moddiscovery.readers.JarModsDotTomlModFileReader/SCAN]: Found META-INF/neoforge.mods.toml mod of type null: /workspaces/nnnn/servidor_minecraft/mods/sophisticatedcore-1.21.1-1.4.38.1847.jar
[15Aug2026 02:26:02.686] [main/DEBUG] [net.neoforged.fml.loading.moddiscovery.ModFileParser/LOADING]: Considering mod file candidate /workspaces/nnnn/servidor_minecraft/mods/sophisticatedcore-1.21.1-1.4.38.1847.jar
[15Aug2026 02:26:02.687] [main/DEBUG] [net.neoforged.fml.loading.moddiscovery.ModFileInfo/LOADING]: Found valid mod file sophisticatedcore-1.21.1-1.4.38.1847.jar with {sophisticatedcore} mods - versions {1.4.38}
[15Aug2026 02:26:02.687] [main/INFO] [net.neoforged.fml.loading.moddiscovery.ModDiscoverer/SCAN]: Found mod file "sophisticatedcore-1.21.1-1.4.38.1847.jar" [locator: {mods folder locator at /workspaces/nnnn/servidor_minecraft/mods}, reader: mod manifest]
[15Aug2026 02:26:02.688] [main/DEBUG] [net.neoforged.fml.loading.moddiscovery.readers.JarModsDotTomlModFileReader/SCAN]: Found META-INF/neoforge.mods.toml mod of type null: /workspaces/nnnn/servidor_minecraft/mods/sophisticatedstorage-1.21.1-1.5.46.1717.jar
[15Aug2026 02:26:02.688] [main/DEBUG] [net.neoforged.fml.loading.moddiscovery.ModFileParser/LOADING]: Considering mod file candidate /workspaces/nnnn/servidor_minecraft/mods/sophisticatedstorage-1.21.1-1.5.46.1717.jar
[15Aug2026 02:26:02.690] [main/DEBUG] [net.neoforged.fml.loading.moddiscovery.ModFileInfo/LOADING]: Found valid mod file sophisticatedstorage-1.21.1-1.5.46.1717.jar with {sophisticatedstorage} mods - versions {1.5.46}
[15Aug2026 02:26:02.690] [main/INFO] [net.neoforged.fml.loading.moddiscovery.ModDiscoverer/SCAN]: Found mod file "sophisticatedstorage-1.21.1-1.5.46.1717.jar" [locator: {mods folder locator at /workspaces/nnnn/servidor_minecraft/mods}, reader: mod manifest]
[15Aug2026 02:26:02.691] [main/DEBUG] [net.neoforged.fml.loading.moddiscovery.readers.JarModsDotTomlModFileReader/SCAN]: Found META-INF/neoforge.mods.toml mod of type null: /workspaces/nnnn/servidor_minecraft/mods/soul_incursion-1.1.3-neoforge-1.21.1.jar
[15Aug2026 02:26:02.692] [main/DEBUG] [net.neoforged.fml.loading.moddiscovery.ModFileParser/LOADING]: Considering mod file candidate /workspaces/nnnn/servidor_minecraft/mods/soul_incursion-1.1.3-neoforge-1.21.1.jar
[15Aug2026 02:26:02.693] [main/DEBUG] [net.neoforged.fml.loading.moddiscovery.ModFileInfo/LOADING]: Found valid mod file soul_incursion-1.1.3-neoforge-1.21.1.jar with {soul_incursion} mods - versions {1.1.3}
[15Aug2026 02:26:02.693] [main/INFO] [net.neoforged.fml.loading.moddiscovery.ModDiscoverer/SCAN]: Found mod file "soul_incursion-1.1.3-neoforge-1.21.1.jar" [locator: {mods folder locator at /workspaces/nnnn/servidor_minecraft/mods}, reader: mod manifest]
[15Aug2026 02:26:02.696] [main/DEBUG] [net.neoforged.fml.loading.moddiscovery.readers.JarModsDotTomlModFileReader/SCAN]: Found META-INF/neoforge.mods.toml mod of type null: /workspaces/nnnn/servidor_minecraft/mods/spark-1.10.124-neoforge.jar
[15Aug2026 02:26:02.696] [main/DEBUG] [net.neoforged.fml.loading.moddiscovery.ModFileParser/LOADING]: Considering mod file candidate /workspaces/nnnn/servidor_minecraft/mods/spark-1.10.124-neoforge.jar
[15Aug2026 02:26:02.697] [main/DEBUG] [net.neoforged.fml.loading.moddiscovery.ModFileInfo/LOADING]: Found valid mod file spark-1.10.124-neoforge.jar with {spark} mods - versions {1.10.124}
[15Aug2026 02:26:02.697] [main/INFO] [net.neoforged.fml.loading.moddiscovery.ModDiscoverer/SCAN]: Found mod file "spark-1.10.124-neoforge.jar" [locator: {mods folder locator at /workspaces/nnnn/servidor_minecraft/mods}, reader: mod manifest]
[15Aug2026 02:26:02.698] [main/DEBUG] [net.neoforged.fml.loading.moddiscovery.readers.JarModsDotTomlModFileReader/SCAN]: Found META-INF/neoforge.mods.toml mod of type null: /workspaces/nnnn/servidor_minecraft/mods/spell_engine-neoforge-1.9.9+1.21.1.jar
[15Aug2026 02:26:02.698] [main/DEBUG] [net.neoforged.fml.loading.moddiscovery.ModFileParser/LOADING]: Considering mod file candidate /workspaces/nnnn/servidor_minecraft/mods/spell_engine-neoforge-1.9.9+1.21.1.jar
[15Aug2026 02:26:02.700] [main/DEBUG] [net.neoforged.fml.loading.moddiscovery.ModFileInfo/LOADING]: Found valid mod file spell_engine-neoforge-1.9.9+1.21.1.jar with {spell_engine} mods - versions {1.9.9}
[15Aug2026 02:26:02.700] [main/INFO] [net.neoforged.fml.loading.moddiscovery.ModDiscoverer/SCAN]: Found mod file "spell_engine-neoforge-1.9.9+1.21.1.jar" [locator: {mods folder locator at /workspaces/nnnn/servidor_minecraft/mods}, reader: mod manifest]
[15Aug2026 02:26:02.701] [main/DEBUG] [net.neoforged.fml.loading.moddiscovery.readers.JarModsDotTomlModFileReader/SCAN]: Found META-INF/neoforge.mods.toml mod of type null: /workspaces/nnnn/servidor_minecraft/mods/spell_power-neoforge-1.4.6+1.21.1.jar
[15Aug2026 02:26:02.701] [main/DEBUG] [net.neoforged.fml.loading.moddiscovery.ModFileParser/LOADING]: Considering mod file candidate /workspaces/nnnn/servidor_minecraft/mods/spell_power-neoforge-1.4.6+1.21.1.jar
[15Aug2026 02:26:02.702] [main/DEBUG] [net.neoforged.fml.loading.moddiscovery.ModFileInfo/LOADING]: Found valid mod file spell_power-neoforge-1.4.6+1.21.1.jar with {spell_power} mods - versions {1.4.6+1.21.1}
[15Aug2026 02:26:02.702] [main/INFO] [net.neoforged.fml.loading.moddiscovery.ModDiscoverer/SCAN]: Found mod file "spell_power-neoforge-1.4.6+1.21.1.jar" [locator: {mods folder locator at /workspaces/nnnn/servidor_minecraft/mods}, reader: mod manifest]
[15Aug2026 02:26:02.703] [main/DEBUG] [net.neoforged.fml.loading.moddiscovery.readers.JarModsDotTomlModFileReader/SCAN]: Found META-INF/neoforge.mods.toml mod of type null: /workspaces/nnnn/servidor_minecraft/mods/starcatcher-2.3.9-NEOFORGE-1.21.1.jar
[15Aug2026 02:26:02.703] [main/DEBUG] [net.neoforged.fml.loading.moddiscovery.ModFileParser/LOADING]: Considering mod file candidate /workspaces/nnnn/servidor_minecraft/mods/starcatcher-2.3.9-NEOFORGE-1.21.1.jar
[15Aug2026 02:26:02.706] [main/DEBUG] [net.neoforged.fml.loading.moddiscovery.ModFileInfo/LOADING]: Found valid mod file starcatcher-2.3.9-NEOFORGE-1.21.1.jar with {starcatcher} mods - versions {2.3.9-NEOFORGE-1.21.1}
[15Aug2026 02:26:02.706] [main/INFO] [net.neoforged.fml.loading.moddiscovery.ModDiscoverer/SCAN]: Found mod file "starcatcher-2.3.9-NEOFORGE-1.21.1.jar" [locator: {mods folder locator at /workspaces/nnnn/servidor_minecraft/mods}, reader: mod manifest]
[15Aug2026 02:26:02.707] [main/DEBUG] [net.neoforged.fml.loading.moddiscovery.readers.JarModsDotTomlModFileReader/SCAN]: Found META-INF/neoforge.mods.toml mod of type null: /workspaces/nnnn/servidor_minecraft/mods/structure_layout_optimizer-neoforge-1.0.12.jar
[15Aug2026 02:26:02.708] [main/DEBUG] [net.neoforged.fml.loading.moddiscovery.ModFileParser/LOADING]: Considering mod file candidate /workspaces/nnnn/servidor_minecraft/mods/structure_layout_optimizer-neoforge-1.0.12.jar
[15Aug2026 02:26:02.709] [main/DEBUG] [net.neoforged.fml.loading.moddiscovery.ModFileInfo/LOADING]: Found valid mod file structure_layout_optimizer-neoforge-1.0.12.jar with {structure_layout_optimizer} mods - versions {1.0.12}
[15Aug2026 02:26:02.710] [main/INFO] [net.neoforged.fml.loading.moddiscovery.ModDiscoverer/SCAN]: Found mod file "structure_layout_optimizer-neoforge-1.0.12.jar" [locator: {mods folder locator at /workspaces/nnnn/servidor_minecraft/mods}, reader: mod manifest]
[15Aug2026 02:26:02.710] [main/DEBUG] [net.neoforged.fml.loading.moddiscovery.ModDiscoverer/SCAN]: Locator {mods folder locator at /workspaces/nnnn/servidor_minecraft/mods} found 170 mods, 0 warnings, 0 errors and skipped 1 candidates
[15Aug2026 02:26:02.711] [main/DEBUG] [net.neoforged.fml.loading.moddiscovery.ModDiscoverer/SCAN]: Trying locator maven libs
[15Aug2026 02:26:02.713] [main/DEBUG] [net.neoforged.fml.loading.moddiscovery.ModListHandler/CORE]: Found mod coordinates from lists: []
[15Aug2026 02:26:02.713] [main/DEBUG] [net.neoforged.fml.loading.moddiscovery.ModDiscoverer/SCAN]: Locator maven libs found 0 mods, 0 warnings, 0 errors and skipped 0 candidates
[15Aug2026 02:26:02.720] [main/DEBUG] [net.neoforged.fml.loading.moddiscovery.ModDiscoverer/SCAN]: Successfully Loaded 172 mods. Attempting to load dependencies...
[15Aug2026 02:26:02.720] [main/DEBUG] [net.neoforged.fml.loading.moddiscovery.ModDiscoverer/SCAN]: Trying locator jarinjar
[15Aug2026 02:26:02.720] [main/DEBUG] [net.neoforged.fml.loading.moddiscovery.ModDiscoverer/SCAN]: Trying locator jarinjar
[15Aug2026 02:26:02.723] [main/TRACE] [net.neoforged.fml.loading.moddiscovery.locators.JarInJarDependencyLocator/]: Failed to load resource META-INF/jarjar/metadata.json from DnT-nether-fortress-overhaul-v2.4 [NeoForge].jar, it does not contain dependency information.
[15Aug2026 02:26:02.723] [main/TRACE] [net.neoforged.fml.loading.moddiscovery.locators.JarInJarDependencyLocator/]: Failed to load resource META-INF/jarjar/metadata.json from geckolib-neoforge-1.21.1-4.8.4.jar, it does not contain dependency information.
[15Aug2026 02:26:02.723] [main/TRACE] [net.neoforged.fml.loading.moddiscovery.locators.JarInJarDependencyLocator/]: Failed to load resource META-INF/jarjar/metadata.json from recipeessentials-1.21-4.0.jar, it does not contain dependency information.
[15Aug2026 02:26:02.724] [main/TRACE] [net.neoforged.fml.loading.moddiscovery.locators.JarInJarDependencyLocator/]: Failed to load resource META-INF/jarjar/metadata.json from rogues-neoforge-2.7.0+1.21.1.jar, it does not contain dependency information.
[15Aug2026 02:26:02.724] [main/TRACE] [net.neoforged.fml.loading.moddiscovery.locators.JarInJarDependencyLocator/]: Failed to load resource META-INF/jarjar/metadata.json from player-animation-lib-forge-2.0.4+1.21.1.jar, it does not contain dependency information.
[15Aug2026 02:26:02.724] [main/TRACE] [net.neoforged.fml.loading.moddiscovery.locators.JarInJarDependencyLocator/]: Failed to load resource META-INF/jarjar/metadata.json from alloy_smelter-neoforge-1.21.1-1.2.1.jar, it does not contain dependency information.
[15Aug2026 02:26:02.724] [main/TRACE] [net.neoforged.fml.loading.moddiscovery.locators.JarInJarDependencyLocator/]: Failed to load resource META-INF/jarjar/metadata.json from reanimal-0.6.0.jar, it does not contain dependency information.
[15Aug2026 02:26:02.724] [main/TRACE] [net.neoforged.fml.loading.moddiscovery.locators.JarInJarDependencyLocator/]: Failed to load resource META-INF/jarjar/metadata.json from Galosphere-1.21.1-1.5.3-NeoForge.jar, it does not contain dependency information.
[15Aug2026 02:26:02.724] [main/TRACE] [net.neoforged.fml.loading.moddiscovery.locators.JarInJarDependencyLocator/]: Failed to load resource META-INF/jarjar/metadata.json from connectivity-1.21.1-7.6.jar, it does not contain dependency information.
[15Aug2026 02:26:02.724] [main/TRACE] [net.neoforged.fml.loading.moddiscovery.locators.JarInJarDependencyLocator/]: Failed to load resource META-INF/jarjar/metadata.json from sophisticatedcore-1.21.1-1.4.38.1847.jar, it does not contain dependency information.
[15Aug2026 02:26:02.724] [main/TRACE] [net.neoforged.fml.loading.moddiscovery.locators.JarInJarDependencyLocator/]: Failed to load resource META-INF/jarjar/metadata.json from boss_checklist-neoforge-5.0.1.jar, it does not contain dependency information.
[15Aug2026 02:26:02.724] [main/TRACE] [net.neoforged.fml.loading.moddiscovery.locators.JarInJarDependencyLocator/]: Failed to load resource META-INF/jarjar/metadata.json from Controlling-neoforge-1.21.1-19.0.5.jar, it does not contain dependency information.
[15Aug2026 02:26:02.750] [main/TRACE] [net.neoforged.fml.loading.moddiscovery.locators.JarInJarDependencyLocator/]: Failed to load resource META-INF/jarjar/metadata.json from Prism-1.21.1-neoforge-1.0.11.jar, it does not contain dependency information.
[15Aug2026 02:26:02.750] [main/TRACE] [net.neoforged.fml.loading.moddiscovery.locators.JarInJarDependencyLocator/]: Failed to load resource META-INF/jarjar/metadata.json from FastItemFrames-v21.1.6-1.21.1-NeoForge.jar, it does not contain dependency information.
[15Aug2026 02:26:02.750] [main/TRACE] [net.neoforged.fml.loading.moddiscovery.locators.JarInJarDependencyLocator/]: Failed to load resource META-INF/jarjar/metadata.json from maxhealthfix-neoforge-1.21.1-21.1.4.jar, it does not contain dependency information.
[15Aug2026 02:26:02.750] [main/TRACE] [net.neoforged.fml.loading.moddiscovery.locators.JarInJarDependencyLocator/]: Failed to load resource META-INF/jarjar/metadata.json from bookshelf-neoforge-1.21.1-21.1.81.jar, it does not contain dependency information.
[15Aug2026 02:26:02.751] [main/TRACE] [net.neoforged.fml.loading.moddiscovery.locators.JarInJarDependencyLocator/]: Failed to load resource META-INF/jarjar/metadata.json from sophisticatedbackpacks-1.21.1-3.25.44.1736.jar, it does not contain dependency information.
[15Aug2026 02:26:02.751] [main/TRACE] [net.neoforged.fml.loading.moddiscovery.locators.JarInJarDependencyLocator/]: Failed to load resource META-INF/jarjar/metadata.json from guardvillagers-2.4.7-1.21.1.jar, it does not contain dependency information.
[15Aug2026 02:26:02.751] [main/TRACE] [net.neoforged.fml.loading.moddiscovery.locators.JarInJarDependencyLocator/]: Failed to load resource META-INF/jarjar/metadata.json from biolith-neoforge-3.0.11.jar, it does not contain dependency information.
[15Aug2026 02:26:02.752] [main/TRACE] [net.neoforged.fml.loading.moddiscovery.locators.JarInJarDependencyLocator/]: Failed to load resource META-INF/jarjar/metadata.json from prickle-neoforge-1.21.1-21.1.11.jar, it does not contain dependency information.
[15Aug2026 02:26:02.752] [main/TRACE] [net.neoforged.fml.loading.moddiscovery.locators.JarInJarDependencyLocator/]: Failed to load resource META-INF/jarjar/metadata.json from ScalableLux-0.1.0.1+neoforge.1cb1e91-all.jar, it does not contain dependency information.
[15Aug2026 02:26:02.752] [main/TRACE] [net.neoforged.fml.loading.moddiscovery.locators.JarInJarDependencyLocator/]: Failed to load resource META-INF/jarjar/metadata.json from melody_neoforge_1.0.10_MC_1.21.jar, it does not contain dependency information.
[15Aug2026 02:26:02.752] [main/TRACE] [net.neoforged.fml.loading.moddiscovery.locators.JarInJarDependencyLocator/]: Failed to load resource META-INF/jarjar/metadata.json from structure_layout_optimizer-neoforge-1.0.12.jar, it does not contain dependency information.
[15Aug2026 02:26:02.752] [main/TRACE] [net.neoforged.fml.loading.moddiscovery.locators.JarInJarDependencyLocator/]: Failed to load resource META-INF/jarjar/metadata.json from shieldexp-neoforge-1.21.1-1.4.1.jar, it does not contain dependency information.
[15Aug2026 02:26:02.752] [main/TRACE] [net.neoforged.fml.loading.moddiscovery.locators.JarInJarDependencyLocator/]: Failed to load resource META-INF/jarjar/metadata.json from baguettelib-1.21.1-NeoForge-2.0.3.jar, it does not contain dependency information.
[15Aug2026 02:26:02.752] [main/TRACE] [net.neoforged.fml.loading.moddiscovery.locators.JarInJarDependencyLocator/]: Failed to load resource META-INF/jarjar/metadata.json from Paraglider-neoforge-21.1.5.jar, it does not contain dependency information.
[15Aug2026 02:26:02.753] [main/TRACE] [net.neoforged.fml.loading.moddiscovery.locators.JarInJarDependencyLocator/]: Failed to load resource META-INF/jarjar/metadata.json from dragonfight-1.21-4.7.jar, it does not contain dependency information.
[15Aug2026 02:26:02.753] [main/TRACE] [net.neoforged.fml.loading.moddiscovery.locators.JarInJarDependencyLocator/]: Failed to load resource META-INF/jarjar/metadata.json from cloth-config-15.0.140-neoforge.jar, it does not contain dependency information.
[15Aug2026 02:26:02.753] [main/TRACE] [net.neoforged.fml.loading.moddiscovery.locators.JarInJarDependencyLocator/]: Failed to load resource META-INF/jarjar/metadata.json from archers-neoforge-2.7.0+1.21.1.jar, it does not contain dependency information.
[15Aug2026 02:26:02.753] [main/TRACE] [net.neoforged.fml.loading.moddiscovery.locators.JarInJarDependencyLocator/]: Failed to load resource META-INF/jarjar/metadata.json from sodiumdynamiclights-neoforge-1.0.10-1.21.1.jar, it does not contain dependency information.
[15Aug2026 02:26:02.753] [main/TRACE] [net.neoforged.fml.loading.moddiscovery.locators.JarInJarDependencyLocator/]: Failed to load resource META-INF/jarjar/metadata.json from konkrete_neoforge_1.9.9_MC_1.21.jar, it does not contain dependency information.
[15Aug2026 02:26:02.753] [main/TRACE] [net.neoforged.fml.loading.moddiscovery.locators.JarInJarDependencyLocator/]: Failed to load resource META-INF/jarjar/metadata.json from eternalstarlight-0.7.0-hotfix+1.21.1+neoforge.jar, it does not contain dependency information.
[15Aug2026 02:26:02.753] [main/TRACE] [net.neoforged.fml.loading.moddiscovery.locators.JarInJarDependencyLocator/]: Failed to load resource META-INF/jarjar/metadata.json from letsdo-bloomingnature-neoforge-1.1.10.jar, it does not contain dependency information.
[15Aug2026 02:26:02.753] [main/TRACE] [net.neoforged.fml.loading.moddiscovery.locators.JarInJarDependencyLocator/]: Failed to load resource META-INF/jarjar/metadata.json from luckysshowcase-neoforge-1.21.1-21.1.0.jar, it does not contain dependency information.
[15Aug2026 02:26:02.753] [main/TRACE] [net.neoforged.fml.loading.moddiscovery.locators.JarInJarDependencyLocator/]: Failed to load resource META-INF/jarjar/metadata.json from lmft-1.1.1+1.21.9-neoforge.jar, it does not contain dependency information.
[15Aug2026 02:26:02.753] [main/TRACE] [net.neoforged.fml.loading.moddiscovery.locators.JarInJarDependencyLocator/]: Failed to load resource META-INF/jarjar/metadata.json from corpse-neoforge-1.21.1-1.1.13.jar, it does not contain dependency information.
[15Aug2026 02:26:02.753] [main/TRACE] [net.neoforged.fml.loading.moddiscovery.locators.JarInJarDependencyLocator/]: Failed to load resource META-INF/jarjar/metadata.json from power-scale-1.21.1-neoforge-0.3.1.1.jar, it does not contain dependency information.
[15Aug2026 02:26:02.753] [main/TRACE] [net.neoforged.fml.loading.moddiscovery.locators.JarInJarDependencyLocator/]: Failed to load resource META-INF/jarjar/metadata.json from cataclysm_compat_1.21.1-1.0.2.jar, it does not contain dependency information.
[15Aug2026 02:26:02.793] [main/TRACE] [net.neoforged.fml.loading.moddiscovery.locators.JarInJarDependencyLocator/]: Failed to load resource META-INF/jarjar/metadata.json from lukis-strongholds-v1.0 -1.21-1.21.4.jar, it does not contain dependency information.
[15Aug2026 02:26:02.793] [main/TRACE] [net.neoforged.fml.loading.moddiscovery.locators.JarInJarDependencyLocator/]: Failed to load resource META-INF/jarjar/metadata.json from copperagebackport-neoforge-1.21.1-0.1.4.jar, it does not contain dependency information.
[15Aug2026 02:26:02.793] [main/TRACE] [net.neoforged.fml.loading.moddiscovery.locators.JarInJarDependencyLocator/]: Failed to load resource META-INF/jarjar/metadata.json from fast-ip-ping-v1.0.11-mc1.21.1-neoforge.jar, it does not contain dependency information.
[15Aug2026 02:26:02.793] [main/TRACE] [net.neoforged.fml.loading.moddiscovery.locators.JarInJarDependencyLocator/]: Failed to load resource META-INF/jarjar/metadata.json from block_factorys_bosses-2.1.1-neo-1.21.1.jar, it does not contain dependency information.
[15Aug2026 02:26:02.793] [main/TRACE] [net.neoforged.fml.loading.moddiscovery.locators.JarInJarDependencyLocator/]: Failed to load resource META-INF/jarjar/metadata.json from getittogetherdrops-neoforge-1.21.5-1.4.jar, it does not contain dependency information.
[15Aug2026 02:26:02.793] [main/TRACE] [net.neoforged.fml.loading.moddiscovery.locators.JarInJarDependencyLocator/]: Failed to load resource META-INF/jarjar/metadata.json from loot_journal-neoforge-1.21.1-4.0.1.jar, it does not contain dependency information.
[15Aug2026 02:26:02.793] [main/TRACE] [net.neoforged.fml.loading.moddiscovery.locators.JarInJarDependencyLocator/]: Failed to load resource META-INF/jarjar/metadata.json from endrem-neoforge-1.21.X-6.0.2.jar, it does not contain dependency information.
[15Aug2026 02:26:02.793] [main/TRACE] [net.neoforged.fml.loading.moddiscovery.locators.JarInJarDependencyLocator/]: Failed to load resource META-INF/jarjar/metadata.json from just-hammers-neoforge-21.1.4.jar, it does not contain dependency information.
[15Aug2026 02:26:02.793] [main/TRACE] [net.neoforged.fml.loading.moddiscovery.locators.JarInJarDependencyLocator/]: Failed to load resource META-INF/jarjar/metadata.json from Chunky-NeoForge-1.4.23.jar, it does not contain dependency information.
[15Aug2026 02:26:02.793] [main/TRACE] [net.neoforged.fml.loading.moddiscovery.locators.JarInJarDependencyLocator/]: Failed to load resource META-INF/jarjar/metadata.json from lukis-crazy-chambers-1.0.3.jar, it does not contain dependency information.
[15Aug2026 02:26:02.793] [main/TRACE] [net.neoforged.fml.loading.moddiscovery.locators.JarInJarDependencyLocator/]: Failed to load resource META-INF/jarjar/metadata.json from irons_spells_dynamic_skilltree_1.1.0.jar, it does not contain dependency information.
[15Aug2026 02:26:02.793] [main/TRACE] [net.neoforged.fml.loading.moddiscovery.locators.JarInJarDependencyLocator/]: Failed to load resource META-INF/jarjar/metadata.json from sleep_tight-1.21-1.4.1-neoforge.jar, it does not contain dependency information.
[15Aug2026 02:26:02.793] [main/TRACE] [net.neoforged.fml.loading.moddiscovery.locators.JarInJarDependencyLocator/]: Failed to load resource META-INF/jarjar/metadata.json from databank-1.3.1.jar, it does not contain dependency information.
[15Aug2026 02:26:02.794] [main/TRACE] [net.neoforged.fml.loading.moddiscovery.locators.JarInJarDependencyLocator/]: Failed to load resource META-INF/jarjar/metadata.json from resourcefulconfig-neoforge-1.21-3.0.11.jar, it does not contain dependency information.
[15Aug2026 02:26:02.794] [main/TRACE] [net.neoforged.fml.loading.moddiscovery.locators.JarInJarDependencyLocator/]: Failed to load resource META-INF/jarjar/metadata.json from born_in_chaos_[Neoforge]_1.21.1_1.7.5.jar, it does not contain dependency information.
[15Aug2026 02:26:02.794] [main/TRACE] [net.neoforged.fml.loading.moddiscovery.locators.JarInJarDependencyLocator/]: Failed to load resource META-INF/jarjar/metadata.json from lionfishapi-2.7-fix-fix.jar, it does not contain dependency information.
[15Aug2026 02:26:02.794] [main/TRACE] [net.neoforged.fml.loading.moddiscovery.locators.JarInJarDependencyLocator/]: Failed to load resource META-INF/jarjar/metadata.json from darkerdepths-2.1.3.jar, it does not contain dependency information.
[15Aug2026 02:26:02.794] [main/TRACE] [net.neoforged.fml.loading.moddiscovery.locators.JarInJarDependencyLocator/]: Failed to load resource META-INF/jarjar/metadata.json from spark-1.10.124-neoforge.jar, it does not contain dependency information.
[15Aug2026 02:26:02.794] [main/TRACE] [net.neoforged.fml.loading.moddiscovery.locators.JarInJarDependencyLocator/]: Failed to load resource META-INF/jarjar/metadata.json from bountiful-neoforge-8.0.0-beta.2.jar, it does not contain dependency information.
[15Aug2026 02:26:02.794] [main/TRACE] [net.neoforged.fml.loading.moddiscovery.locators.JarInJarDependencyLocator/]: Failed to load resource META-INF/jarjar/metadata.json from EchoChest-v21.1.1-1.21.1-NeoForge.jar, it does not contain dependency information.
[15Aug2026 02:26:02.794] [main/TRACE] [net.neoforged.fml.loading.moddiscovery.locators.JarInJarDependencyLocator/]: Failed to load resource META-INF/jarjar/metadata.json from L_Ender's Cataclysm 1.21.1-3.27.jar, it does not contain dependency information.
[15Aug2026 02:26:02.794] [main/TRACE] [net.neoforged.fml.loading.moddiscovery.locators.JarInJarDependencyLocator/]: Failed to load resource META-INF/jarjar/metadata.json from curios-neoforge-9.5.1+1.21.1.jar, it does not contain dependency information.
[15Aug2026 02:26:02.794] [main/TRACE] [net.neoforged.fml.loading.moddiscovery.locators.JarInJarDependencyLocator/]: Failed to load resource META-INF/jarjar/metadata.json from collective-1.21.1-8.22.jar, it does not contain dependency information.
[15Aug2026 02:26:02.794] [main/TRACE] [net.neoforged.fml.loading.moddiscovery.locators.JarInJarDependencyLocator/]: Failed to load resource META-INF/jarjar/metadata.json from dungeons-and-taverns-v4.4.4 [NeoForge].jar, it does not contain dependency information.
[15Aug2026 02:26:02.794] [main/TRACE] [net.neoforged.fml.loading.moddiscovery.locators.JarInJarDependencyLocator/]: Failed to load resource META-INF/jarjar/metadata.json from saintsdragons-1.20.1-0.6.1-NEOFORGE-ALPHA-HOTFIX.jar, it does not contain dependency information.
[15Aug2026 02:26:02.794] [main/TRACE] [net.neoforged.fml.loading.moddiscovery.locators.JarInJarDependencyLocator/]: Failed to load resource META-INF/jarjar/metadata.json from boundless-8.jar, it does not contain dependency information.
[15Aug2026 02:26:02.795] [main/TRACE] [net.neoforged.fml.loading.moddiscovery.locators.JarInJarDependencyLocator/]: Failed to load resource META-INF/jarjar/metadata.json from noisium-neoforge-2.7.0+mc1.21-1.21.1.jar, it does not contain dependency information.
[15Aug2026 02:26:02.795] [main/TRACE] [net.neoforged.fml.loading.moddiscovery.locators.JarInJarDependencyLocator/]: Failed to load resource META-INF/jarjar/metadata.json from realmrpg_balloons-0.9.1-neoforge-1.21.1.jar, it does not contain dependency information.
[15Aug2026 02:26:02.795] [main/TRACE] [net.neoforged.fml.loading.moddiscovery.locators.JarInJarDependencyLocator/]: Failed to load resource META-INF/jarjar/metadata.json from hominid-1.3.2.jar, it does not contain dependency information.
[15Aug2026 02:26:02.795] [main/TRACE] [net.neoforged.fml.loading.moddiscovery.locators.JarInJarDependencyLocator/]: Failed to load resource META-INF/jarjar/metadata.json from ExclusionsLib-1.1.0-NEO.jar, it does not contain dependency information.
[15Aug2026 02:26:02.795] [main/TRACE] [net.neoforged.fml.loading.moddiscovery.locators.JarInJarDependencyLocator/]: Failed to load resource META-INF/jarjar/metadata.json from Numismatic-Bounties-universal.jar, it does not contain dependency information.
[15Aug2026 02:26:02.796] [main/TRACE] [net.neoforged.fml.loading.moddiscovery.locators.JarInJarDependencyLocator/]: Failed to load resource META-INF/jarjar/metadata.json from accessories-neoforge-1.1.0-beta.53+1.21.1.jar, it does not contain dependency information.
[15Aug2026 02:26:02.796] [main/TRACE] [net.neoforged.fml.loading.moddiscovery.locators.JarInJarDependencyLocator/]: Failed to load resource META-INF/jarjar/metadata.json from sodiumoptionsmodcompat-neoforge-1.0.0-1.21.1.jar, it does not contain dependency information.
[15Aug2026 02:26:02.796] [main/TRACE] [net.neoforged.fml.loading.moddiscovery.locators.JarInJarDependencyLocator/]: Failed to load resource META-INF/jarjar/metadata.json from architectury-13.0.8-neoforge.jar, it does not contain dependency information.
[15Aug2026 02:26:02.796] [main/TRACE] [net.neoforged.fml.loading.moddiscovery.locators.JarInJarDependencyLocator/]: Failed to load resource META-INF/jarjar/metadata.json from cupboard-1.21-3.5.jar, it does not contain dependency information.
[15Aug2026 02:26:02.796] [main/TRACE] [net.neoforged.fml.loading.moddiscovery.locators.JarInJarDependencyLocator/]: Failed to load resource META-INF/jarjar/metadata.json from puffish_skills-0.17.3-1.21-neoforge.jar, it does not contain dependency information.
[15Aug2026 02:26:02.796] [main/TRACE] [net.neoforged.fml.loading.moddiscovery.locators.JarInJarDependencyLocator/]: Failed to load resource META-INF/jarjar/metadata.json from mowziesmobs-1.21.1-1.8.2.jar, it does not contain dependency information.
[15Aug2026 02:26:02.796] [main/TRACE] [net.neoforged.fml.loading.moddiscovery.locators.JarInJarDependencyLocator/]: Failed to load resource META-INF/jarjar/metadata.json from Armageddon for 1.21.1 (v2.0.8c) - The Madness Update.jar, it does not contain dependency information.
[15Aug2026 02:26:02.796] [main/TRACE] [net.neoforged.fml.loading.moddiscovery.locators.JarInJarDependencyLocator/]: Failed to load resource META-INF/jarjar/metadata.json from colorwheel_patcher-neoforge-1.0.5+mc1.21.1.jar, it does not contain dependency information.
[15Aug2026 02:26:02.796] [main/TRACE] [net.neoforged.fml.loading.moddiscovery.locators.JarInJarDependencyLocator/]: Failed to load resource META-INF/jarjar/metadata.json from sodiumleafculling-neoforge-1.0.1-1.21.1.jar, it does not contain dependency information.
[15Aug2026 02:26:02.796] [main/TRACE] [net.neoforged.fml.loading.moddiscovery.locators.JarInJarDependencyLocator/]: Failed to load resource META-INF/jarjar/metadata.json from abridged-2.0.1-neoforge-1.21.1.jar, it does not contain dependency information.
[15Aug2026 02:26:02.796] [main/TRACE] [net.neoforged.fml.loading.moddiscovery.locators.JarInJarDependencyLocator/]: Failed to load resource META-INF/jarjar/metadata.json from sophisticatedstorage-1.21.1-1.5.46.1717.jar, it does not contain dependency information.
[15Aug2026 02:26:02.797] [main/TRACE] [net.neoforged.fml.loading.moddiscovery.locators.JarInJarDependencyLocator/]: Failed to load resource META-INF/jarjar/metadata.json from ATi Structures Vanilla V1.4.4 (1.21+).jar, it does not contain dependency information.
[15Aug2026 02:26:02.797] [main/TRACE] [net.neoforged.fml.loading.moddiscovery.locators.JarInJarDependencyLocator/]: Failed to load resource META-INF/jarjar/metadata.json from sharedadvancements-neoforge-1.21.X-6.1.0.jar, it does not contain dependency information.
[15Aug2026 02:26:02.797] [main/TRACE] [net.neoforged.fml.loading.moddiscovery.locators.JarInJarDependencyLocator/]: Failed to load resource META-INF/jarjar/metadata.json from lithostitched-1.7.3-neoforge-21.1.jar, it does not contain dependency information.
[15Aug2026 02:26:02.797] [main/TRACE] [net.neoforged.fml.loading.moddiscovery.locators.JarInJarDependencyLocator/]: Failed to load resource META-INF/jarjar/metadata.json from irons_lib-1.21.1-1.0.2.jar, it does not contain dependency information.
[15Aug2026 02:26:02.797] [main/TRACE] [net.neoforged.fml.loading.moddiscovery.locators.JarInJarDependencyLocator/]: Failed to load resource META-INF/jarjar/metadata.json from lithium-neoforge-0.15.3+mc1.21.1.jar, it does not contain dependency information.
[15Aug2026 02:26:02.797] [main/TRACE] [net.neoforged.fml.loading.moddiscovery.locators.JarInJarDependencyLocator/]: Failed to load resource META-INF/jarjar/metadata.json from fieldguide-neoforge-1.21.1-1.7.5.jar, it does not contain dependency information.
[15Aug2026 02:26:02.797] [main/TRACE] [net.neoforged.fml.loading.moddiscovery.locators.JarInJarDependencyLocator/]: Failed to load resource META-INF/jarjar/metadata.json from attributefix-neoforge-1.21.1-21.1.3.jar, it does not contain dependency information.
[15Aug2026 02:26:02.848] [main/TRACE] [net.neoforged.fml.loading.moddiscovery.locators.JarInJarDependencyLocator/]: Failed to load resource META-INF/jarjar/metadata.json from letsdo-furniture-neoforge-1.1.4.jar, it does not contain dependency information.
[15Aug2026 02:26:02.849] [main/TRACE] [net.neoforged.fml.loading.moddiscovery.locators.JarInJarDependencyLocator/]: Failed to load resource META-INF/jarjar/metadata.json from bundle-api-neoforge-1.1.0.jar, it does not contain dependency information.
[15Aug2026 02:26:02.849] [main/TRACE] [net.neoforged.fml.loading.moddiscovery.locators.JarInJarDependencyLocator/]: Failed to load resource META-INF/jarjar/metadata.json from realmrpg_skeletons-1.1.0-neoforge-1.21.1.jar, it does not contain dependency information.
[15Aug2026 02:26:02.849] [main/TRACE] [net.neoforged.fml.loading.moddiscovery.locators.JarInJarDependencyLocator/]: Failed to load resource META-INF/jarjar/metadata.json from chloride-NEOFORGE-mc1.21.1-v1.7.7.jar, it does not contain dependency information.
[15Aug2026 02:26:02.849] [main/TRACE] [net.neoforged.fml.loading.moddiscovery.locators.JarInJarDependencyLocator/]: Failed to load resource META-INF/jarjar/metadata.json from letsdo-lilis_lucky_lures-neoforge-1.1.3.jar, it does not contain dependency information.
[15Aug2026 02:26:02.849] [main/TRACE] [net.neoforged.fml.loading.moddiscovery.locators.JarInJarDependencyLocator/]: Failed to load resource META-INF/jarjar/metadata.json from Clumps-neoforge-1.21.1-19.0.0.1.jar, it does not contain dependency information.
[15Aug2026 02:26:02.849] [main/TRACE] [net.neoforged.fml.loading.moddiscovery.locators.JarInJarDependencyLocator/]: Failed to load resource META-INF/jarjar/metadata.json from fastasyncworldsave-1.21-2.6.jar, it does not contain dependency information.
[15Aug2026 02:26:02.849] [main/TRACE] [net.neoforged.fml.loading.moddiscovery.locators.JarInJarDependencyLocator/]: Failed to load resource META-INF/jarjar/metadata.json from numismaticoverhaul-1.21.1-2.0.1.jar, it does not contain dependency information.
[15Aug2026 02:26:02.849] [main/TRACE] [net.neoforged.fml.loading.moddiscovery.locators.JarInJarDependencyLocator/]: Failed to load resource META-INF/jarjar/metadata.json from NaturesCompass-1.21.1-3.4.0-neoforge.jar, it does not contain dependency information.
[15Aug2026 02:26:02.850] [main/TRACE] [net.neoforged.fml.loading.moddiscovery.locators.JarInJarDependencyLocator/]: Failed to load resource META-INF/jarjar/metadata.json from jewelry-neoforge-2.3.2+1.21.1.jar, it does not contain dependency information.
[15Aug2026 02:26:02.850] [main/TRACE] [net.neoforged.fml.loading.moddiscovery.locators.JarInJarDependencyLocator/]: Failed to load resource META-INF/jarjar/metadata.json from configured-neoforge-1.21.1-2.6.3.jar, it does not contain dependency information.
[15Aug2026 02:26:02.850] [main/TRACE] [net.neoforged.fml.loading.moddiscovery.locators.JarInJarDependencyLocator/]: Failed to load resource META-INF/jarjar/metadata.json from default_skill_trees-1.1.jar, it does not contain dependency information.
[15Aug2026 02:26:02.850] [main/TRACE] [net.neoforged.fml.loading.moddiscovery.locators.JarInJarDependencyLocator/]: Failed to load resource META-INF/jarjar/metadata.json from lukis-grand-capitals-1.1.3.jar, it does not contain dependency information.
[15Aug2026 02:26:02.850] [main/TRACE] [net.neoforged.fml.loading.moddiscovery.locators.JarInJarDependencyLocator/]: Failed to load resource META-INF/jarjar/metadata.json from skill_tree-neoforge-1.4.4+1.21.1.jar, it does not contain dependency information.
[15Aug2026 02:26:02.850] [main/TRACE] [net.neoforged.fml.loading.moddiscovery.locators.JarInJarDependencyLocator/]: Failed to load resource META-INF/jarjar/metadata.json from ExplorersCompass-1.21.1-3.4.0-neoforge.jar, it does not contain dependency information.
[15Aug2026 02:26:02.850] [main/TRACE] [net.neoforged.fml.loading.moddiscovery.locators.JarInJarDependencyLocator/]: Failed to load resource META-INF/jarjar/metadata.json from corpsecurioscompat-1.21.1-NeoForge-4.0.1.jar, it does not contain dependency information.
[15Aug2026 02:26:02.850] [main/TRACE] [net.neoforged.fml.loading.moddiscovery.locators.JarInJarDependencyLocator/]: Failed to load resource META-INF/jarjar/metadata.json from shield_api-neoforge-2.2.0.jar, it does not contain dependency information.
[15Aug2026 02:26:02.850] [main/TRACE] [net.neoforged.fml.loading.moddiscovery.locators.JarInJarDependencyLocator/]: Failed to load resource META-INF/jarjar/metadata.json from beginnersdelight-0.4.0+1.21.1-neoforge.jar, it does not contain dependency information.
[15Aug2026 02:26:02.850] [main/TRACE] [net.neoforged.fml.loading.moddiscovery.locators.JarInJarDependencyLocator/]: Failed to load resource META-INF/jarjar/metadata.json from adventuredungeons-neoforge-1.21-1.3.1.jar, it does not contain dependency information.
[15Aug2026 02:26:02.850] [main/TRACE] [net.neoforged.fml.loading.moddiscovery.locators.JarInJarDependencyLocator/]: Failed to load resource META-INF/jarjar/metadata.json from chalk-1.6.11.jar, it does not contain dependency information.
[15Aug2026 02:26:02.850] [main/TRACE] [net.neoforged.fml.loading.moddiscovery.locators.JarInJarDependencyLocator/]: Failed to load resource META-INF/jarjar/metadata.json from soul_incursion-1.1.3-neoforge-1.21.1.jar, it does not contain dependency information.
[15Aug2026 02:26:02.850] [main/TRACE] [net.neoforged.fml.loading.moddiscovery.locators.JarInJarDependencyLocator/]: Failed to load resource META-INF/jarjar/metadata.json from smoothchunk-1.21-4.1.jar, it does not contain dependency information.
[15Aug2026 02:26:02.850] [main/TRACE] [net.neoforged.fml.loading.moddiscovery.locators.JarInJarDependencyLocator/]: Failed to load resource META-INF/jarjar/metadata.json from emi-1.1.23+1.21.1+neoforge.jar, it does not contain dependency information.
[15Aug2026 02:26:02.851] [main/TRACE] [net.neoforged.fml.loading.moddiscovery.locators.JarInJarDependencyLocator/]: Failed to load resource META-INF/jarjar/metadata.json from server-1.21.1-20240808.144430-srg.jar, it does not contain dependency information.
[15Aug2026 02:26:02.851] [main/TRACE] [net.neoforged.fml.loading.moddiscovery.locators.JarInJarDependencyLocator/]: Failed to load resource META-INF/jarjar/metadata.json from moonlight-neoforge-1.21.1-3.0.7.jar, it does not contain dependency information.
[15Aug2026 02:26:02.851] [main/TRACE] [net.neoforged.fml.loading.moddiscovery.locators.JarInJarDependencyLocator/]: Failed to load resource META-INF/jarjar/metadata.json from regions-unexplored-0.6+beta4-neoforge-21.1.jar, it does not contain dependency information.
[15Aug2026 02:26:02.851] [main/TRACE] [net.neoforged.fml.loading.moddiscovery.locators.JarInJarDependencyLocator/]: Failed to load resource META-INF/jarjar/metadata.json from Necronomicon-NeoForge-1.6.0+1.21.jar, it does not contain dependency information.
[15Aug2026 02:26:02.851] [main/TRACE] [net.neoforged.fml.loading.moddiscovery.locators.JarInJarDependencyLocator/]: Failed to load resource META-INF/jarjar/metadata.json from primal-1.1.6+1.21.jar, it does not contain dependency information.
[15Aug2026 02:26:02.851] [main/TRACE] [net.neoforged.fml.loading.moddiscovery.locators.JarInJarDependencyLocator/]: Failed to load resource META-INF/jarjar/metadata.json from silent-lib-1.21.1-neoforge-10.6.0.jar, it does not contain dependency information.
[15Aug2026 02:26:02.851] [main/TRACE] [net.neoforged.fml.loading.moddiscovery.locators.JarInJarDependencyLocator/]: Failed to load resource META-INF/jarjar/metadata.json from enderscape-neoforge-1.0.9+mc1.21.1.jar, it does not contain dependency information.
[15Aug2026 02:26:02.851] [main/TRACE] [net.neoforged.fml.loading.moddiscovery.locators.JarInJarDependencyLocator/]: Failed to load resource META-INF/jarjar/metadata.json from better_starting_armors-1.0.1-neoforge-1.21.1.jar, it does not contain dependency information.
[15Aug2026 02:26:02.851] [main/TRACE] [net.neoforged.fml.loading.moddiscovery.locators.JarInJarDependencyLocator/]: Failed to load resource META-INF/jarjar/metadata.json from Ksyxis-1.4.3.jar, it does not contain dependency information.
[15Aug2026 02:26:02.851] [main/TRACE] [net.neoforged.fml.loading.moddiscovery.locators.JarInJarDependencyLocator/]: Failed to load resource META-INF/jarjar/metadata.json from fastpaintings-1.21-1.3.0-neoforge.jar, it does not contain dependency information.
[15Aug2026 02:26:02.851] [main/TRACE] [net.neoforged.fml.loading.moddiscovery.locators.JarInJarDependencyLocator/]: Failed to load resource META-INF/jarjar/metadata.json from azurelibarmor-neo-1.21.1-3.1.3.jar, it does not contain dependency information.
[15Aug2026 02:26:02.851] [main/TRACE] [net.neoforged.fml.loading.moddiscovery.locators.JarInJarDependencyLocator/]: Failed to load resource META-INF/jarjar/metadata.json from Iceberg-1.21.1-neoforge-1.3.2.jar, it does not contain dependency information.
[15Aug2026 02:26:02.851] [main/TRACE] [net.neoforged.fml.loading.moddiscovery.locators.JarInJarDependencyLocator/]: Failed to load resource META-INF/jarjar/metadata.json from ranged_weapon_api-neoforge-2.3.3+1.21.1.jar, it does not contain dependency information.
[15Aug2026 02:26:02.851] [main/TRACE] [net.neoforged.fml.loading.moddiscovery.locators.JarInJarDependencyLocator/]: Failed to load resource META-INF/jarjar/metadata.json from create-stuff-additions1.21.1_v2.1.2.jar, it does not contain dependency information.
[15Aug2026 02:26:02.851] [main/TRACE] [net.neoforged.fml.loading.moddiscovery.locators.JarInJarDependencyLocator/]: Failed to load resource META-INF/jarjar/metadata.json from polymorph-neoforge-1.1.0+1.21.1.jar, it does not contain dependency information.
[15Aug2026 02:26:02.852] [main/TRACE] [net.neoforged.fml.loading.moddiscovery.locators.JarInJarDependencyLocator/]: Failed to load resource META-INF/jarjar/metadata.json from nopackcompatcheck-0.1.0-neoforge-mc1.21+.jar, it does not contain dependency information.
[15Aug2026 02:26:02.852] [main/TRACE] [net.neoforged.fml.loading.moddiscovery.locators.JarInJarDependencyLocator/]: Failed to load resource META-INF/jarjar/metadata.json from irons_spellbooks-1.21.1-3.15.6.jar, it does not contain dependency information.
[15Aug2026 02:26:02.852] [main/TRACE] [net.neoforged.fml.loading.moddiscovery.locators.JarInJarDependencyLocator/]: Failed to load resource META-INF/jarjar/metadata.json from EternalNether-v21.1.3-1.21.1-NeoForge.jar, it does not contain dependency information.
[15Aug2026 02:26:02.852] [main/TRACE] [net.neoforged.fml.loading.moddiscovery.locators.JarInJarDependencyLocator/]: Failed to load resource META-INF/jarjar/metadata.json from grim-kingdoms-lost-structures-ruins-vanilla-edition-v1.0.0 1.21+.jar, it does not contain dependency information.
[15Aug2026 02:26:02.852] [main/TRACE] [net.neoforged.fml.loading.moddiscovery.locators.JarInJarDependencyLocator/]: Failed to load resource META-INF/jarjar/metadata.json from relics-neoforge-1.3.0+1.21.1.jar, it does not contain dependency information.
[15Aug2026 02:26:02.852] [main/TRACE] [net.neoforged.fml.loading.moddiscovery.locators.JarInJarDependencyLocator/]: Failed to load resource META-INF/jarjar/metadata.json from letsdo-wildernature-neoforge-1.1.3.jar, it does not contain dependency information.
[15Aug2026 02:26:02.852] [main/TRACE] [net.neoforged.fml.loading.moddiscovery.locators.JarInJarDependencyLocator/]: Failed to load resource META-INF/jarjar/metadata.json from lootr-neoforge-1.21.1-1.11.37.120.jar, it does not contain dependency information.
[15Aug2026 02:26:02.852] [main/TRACE] [net.neoforged.fml.loading.moddiscovery.locators.JarInJarDependencyLocator/]: Failed to load resource META-INF/jarjar/metadata.json from pufferfish_unofficial_additions-1.21.1-2.2.8.jar, it does not contain dependency information.
[15Aug2026 02:26:02.852] [main/TRACE] [net.neoforged.fml.loading.moddiscovery.locators.JarInJarDependencyLocator/]: Failed to load resource META-INF/jarjar/metadata.json from mythsandlegends-0.0.8.5.jar, it does not contain dependency information.
[15Aug2026 02:26:02.852] [main/TRACE] [net.neoforged.fml.loading.moddiscovery.locators.JarInJarDependencyLocator/]: Failed to load resource META-INF/jarjar/metadata.json from PuzzlesLib-v21.1.39-1.21.1-NeoForge.jar, it does not contain dependency information.
[15Aug2026 02:26:02.852] [main/TRACE] [net.neoforged.fml.loading.moddiscovery.locators.JarInJarDependencyLocator/]: Failed to load resource META-INF/jarjar/metadata.json from colorwheel-neoforge-1.2.5+mc1.21.1.jar, it does not contain dependency information.
[15Aug2026 02:26:02.852] [main/TRACE] [net.neoforged.fml.loading.moddiscovery.locators.JarInJarDependencyLocator/]: Failed to load resource META-INF/jarjar/metadata.json from kaleidoscopecookery-1.3.0-neoforge+mc1.21.1.jar, it does not contain dependency information.
[15Aug2026 02:26:02.852] [main/TRACE] [net.neoforged.fml.loading.moddiscovery.locators.JarInJarDependencyLocator/]: Failed to load resource META-INF/jarjar/metadata.json from chunksending-1.21-2.9.jar, it does not contain dependency information.
[15Aug2026 02:26:02.853] [main/TRACE] [net.neoforged.fml.loading.moddiscovery.locators.JarInJarDependencyLocator/]: Failed to load resource META-INF/jarjar/metadata.json from OverflowingBars-v21.1.1-1.21.1-NeoForge.jar, it does not contain dependency information.
[15Aug2026 02:26:02.853] [main/TRACE] [net.neoforged.fml.loading.moddiscovery.locators.JarInJarDependencyLocator/]: Failed to load resource META-INF/jarjar/metadata.json from defaultoptions-neoforge-1.21.1-21.1.6.jar, it does not contain dependency information.
[15Aug2026 02:26:02.985] [main/DEBUG] [net.neoforged.fml.loading.moddiscovery.readers.JarModsDotTomlModFileReader/SCAN]: Found META-INF/neoforge.mods.toml mod of type null: 
[15Aug2026 02:26:02.986] [main/DEBUG] [net.neoforged.fml.loading.moddiscovery.ModFileParser/LOADING]: Considering mod file candidate 
[15Aug2026 02:26:02.987] [main/DEBUG] [net.neoforged.fml.loading.moddiscovery.ModFileInfo/LOADING]: Found valid mod file fabric-resource-loader-v0-1.3.1+4ea8954419.jar with {fabric_resource_loader_v0} mods - versions {1.3.1+4ea8954419}
[15Aug2026 02:26:03.064] [main/DEBUG] [net.neoforged.fml.loading.moddiscovery.readers.JarModsDotTomlModFileReader/SCAN]: Found META-INF/neoforge.mods.toml mod of type null: 
[15Aug2026 02:26:03.064] [main/DEBUG] [net.neoforged.fml.loading.moddiscovery.ModFileParser/LOADING]: Considering mod file candidate 
[15Aug2026 02:26:03.065] [main/DEBUG] [net.neoforged.fml.loading.moddiscovery.ModFileInfo/LOADING]: Found valid mod file fabric-rendering-data-attachment-v1-0.3.49+73761d2e19.jar with {fabric_rendering_data_attachment_v1} mods - versions {0.3.49+73761d2e19}
[15Aug2026 02:26:03.069] [main/DEBUG] [net.neoforged.fml.loading.moddiscovery.readers.JarModsDotTomlModFileReader/SCAN]: Found META-INF/neoforge.mods.toml mod of type null: 
[15Aug2026 02:26:03.069] [main/DEBUG] [net.neoforged.fml.loading.moddiscovery.ModFileParser/LOADING]: Considering mod file candidate 
[15Aug2026 02:26:03.073] [main/DEBUG] [net.neoforged.fml.loading.moddiscovery.ModFileInfo/LOADING]: Found valid mod file fabric-object-builder-api-v1-15.2.1+cc242efd19.jar with {fabric_object_builder_api_v1} mods - versions {15.2.1+cc242efd19}
[15Aug2026 02:26:03.076] [main/DEBUG] [net.neoforged.fml.loading.moddiscovery.readers.JarModsDotTomlModFileReader/SCAN]: Found META-INF/neoforge.mods.toml mod of type null: 
[15Aug2026 02:26:03.076] [main/DEBUG] [net.neoforged.fml.loading.moddiscovery.ModFileParser/LOADING]: Considering mod file candidate 
[15Aug2026 02:26:03.077] [main/DEBUG] [net.neoforged.fml.loading.moddiscovery.ModFileInfo/LOADING]: Found valid mod file fabric-lifecycle-events-v1-2.6.0+e40d8add19.jar with {fabric_lifecycle_events_v1} mods - versions {2.6.0+e40d8add19}
[15Aug2026 02:26:03.078] [main/DEBUG] [net.neoforged.fml.loading.moddiscovery.readers.JarModsDotTomlModFileReader/SCAN]: Found META-INF/neoforge.mods.toml mod of type null: 
[15Aug2026 02:26:03.078] [main/DEBUG] [net.neoforged.fml.loading.moddiscovery.ModFileParser/LOADING]: Considering mod file candidate 
[15Aug2026 02:26:03.079] [main/DEBUG] [net.neoforged.fml.loading.moddiscovery.ModFileInfo/LOADING]: Found valid mod file fabric-rendering-fluids-v1-3.1.6+a51883b219.jar with {fabric_rendering_fluids_v1} mods - versions {3.1.6+a51883b219}
[15Aug2026 02:26:03.080] [main/DEBUG] [net.neoforged.fml.loading.moddiscovery.readers.JarModsDotTomlModFileReader/SCAN]: Found META-INF/neoforge.mods.toml mod of type null: 
[15Aug2026 02:26:03.080] [main/DEBUG] [net.neoforged.fml.loading.moddiscovery.ModFileParser/LOADING]: Considering mod file candidate 
[15Aug2026 02:26:03.081] [main/DEBUG] [net.neoforged.fml.loading.moddiscovery.ModFileInfo/LOADING]: Found valid mod file fabric-screen-handler-api-v1-1.3.90+8dbc56dd19.jar with {fabric_screen_handler_api_v1} mods - versions {1.3.90+8dbc56dd19}
[15Aug2026 02:26:03.083] [main/DEBUG] [net.neoforged.fml.loading.moddiscovery.readers.JarModsDotTomlModFileReader/SCAN]: Found META-INF/neoforge.mods.toml mod of type null: 
[15Aug2026 02:26:03.083] [main/DEBUG] [net.neoforged.fml.loading.moddiscovery.ModFileParser/LOADING]: Considering mod file candidate 
[15Aug2026 02:26:03.083] [main/DEBUG] [net.neoforged.fml.loading.moddiscovery.ModFileInfo/LOADING]: Found valid mod file fabric-gametest-api-v1-2.0.5+29f188ce19.jar with {fabric_gametest_api_v1} mods - versions {2.0.5+29f188ce19}
[15Aug2026 02:26:03.084] [main/DEBUG] [net.neoforged.fml.loading.moddiscovery.readers.JarModsDotTomlModFileReader/SCAN]: Found META-INF/neoforge.mods.toml mod of type null: 
[15Aug2026 02:26:03.084] [main/DEBUG] [net.neoforged.fml.loading.moddiscovery.ModFileParser/LOADING]: Considering mod file candidate 
[15Aug2026 02:26:03.085] [main/DEBUG] [net.neoforged.fml.loading.moddiscovery.ModFileInfo/LOADING]: Found valid mod file fabric-particles-v1-4.0.2+824f924c19.jar with {fabric_particles_v1} mods - versions {4.0.2+824f924c19}
[15Aug2026 02:26:03.085] [main/DEBUG] [net.neoforged.fml.loading.moddiscovery.readers.JarModsDotTomlModFileReader/SCAN]: Found META-INF/neoforge.mods.toml mod of type null: 
[15Aug2026 02:26:03.085] [main/DEBUG] [net.neoforged.fml.loading.moddiscovery.ModFileParser/LOADING]: Considering mod file candidate 
[15Aug2026 02:26:03.086] [main/DEBUG] [net.neoforged.fml.loading.moddiscovery.ModFileInfo/LOADING]: Found valid mod file fabric-loot-api-v2-3.0.15+a3ee712d19.jar with {fabric_loot_api_v2} mods - versions {3.0.15+a3ee712d19}
[15Aug2026 02:26:03.090] [main/DEBUG] [net.neoforged.fml.loading.moddiscovery.readers.JarModsDotTomlModFileReader/SCAN]: Found META-INF/neoforge.mods.toml mod of type null: 
[15Aug2026 02:26:03.090] [main/DEBUG] [net.neoforged.fml.loading.moddiscovery.ModFileParser/LOADING]: Considering mod file candidate 
[15Aug2026 02:26:03.091] [main/DEBUG] [net.neoforged.fml.loading.moddiscovery.ModFileInfo/LOADING]: Found valid mod file fabric-client-tags-api-v1-1.1.15+e053909619.jar with {fabric_client_tags_api_v1} mods - versions {1.1.15+e053909619}
[15Aug2026 02:26:03.093] [main/DEBUG] [net.neoforged.fml.loading.moddiscovery.readers.JarModsDotTomlModFileReader/SCAN]: Found META-INF/neoforge.mods.toml mod of type null: 
[15Aug2026 02:26:03.093] [main/DEBUG] [net.neoforged.fml.loading.moddiscovery.ModFileParser/LOADING]: Considering mod file candidate 
[15Aug2026 02:26:03.093] [main/DEBUG] [net.neoforged.fml.loading.moddiscovery.ModFileInfo/LOADING]: Found valid mod file fabric-model-loading-api-v1-2.1.0+6e8f52c719.jar with {fabric_model_loading_api_v1} mods - versions {2.1.0+6e8f52c719}
[15Aug2026 02:26:03.096] [main/DEBUG] [net.neoforged.fml.loading.moddiscovery.readers.JarModsDotTomlModFileReader/SCAN]: Found META-INF/neoforge.mods.toml mod of type null: 
[15Aug2026 02:26:03.096] [main/DEBUG] [net.neoforged.fml.loading.moddiscovery.ModFileParser/LOADING]: Considering mod file candidate 
[15Aug2026 02:26:03.097] [main/DEBUG] [net.neoforged.fml.loading.moddiscovery.ModFileInfo/LOADING]: Found valid mod file fabric-api-lookup-api-v1-1.6.71+c290471319.jar with {fabric_api_lookup_api_v1} mods - versions {1.6.71+c290471319}
[15Aug2026 02:26:03.099] [main/DEBUG] [net.neoforged.fml.loading.moddiscovery.readers.JarModsDotTomlModFileReader/SCAN]: Found META-INF/neoforge.mods.toml mod of type null: 
[15Aug2026 02:26:03.099] [main/DEBUG] [net.neoforged.fml.loading.moddiscovery.ModFileParser/LOADING]: Considering mod file candidate 
[15Aug2026 02:26:03.100] [main/DEBUG] [net.neoforged.fml.loading.moddiscovery.ModFileInfo/LOADING]: Found valid mod file fabric-game-rule-api-v1-1.0.53+36d727be19.jar with {fabric_game_rule_api_v1} mods - versions {1.0.53+36d727be19}
[15Aug2026 02:26:03.101] [main/DEBUG] [net.neoforged.fml.loading.moddiscovery.readers.JarModsDotTomlModFileReader/SCAN]: Found META-INF/neoforge.mods.toml mod of type null: 
[15Aug2026 02:26:03.101] [main/DEBUG] [net.neoforged.fml.loading.moddiscovery.ModFileParser/LOADING]: Considering mod file candidate 
[15Aug2026 02:26:03.102] [main/DEBUG] [net.neoforged.fml.loading.moddiscovery.ModFileInfo/LOADING]: Found valid mod file fabric-message-api-v1-6.0.14+6a754fce19.jar with {fabric_message_api_v1} mods - versions {6.0.14+6a754fce19}
[15Aug2026 02:26:03.103] [main/DEBUG] [net.neoforged.fml.loading.moddiscovery.readers.JarModsDotTomlModFileReader/SCAN]: Found META-INF/neoforge.mods.toml mod of type null: 
[15Aug2026 02:26:03.103] [main/DEBUG] [net.neoforged.fml.loading.moddiscovery.ModFileParser/LOADING]: Considering mod file candidate 
[15Aug2026 02:26:03.104] [main/DEBUG] [net.neoforged.fml.loading.moddiscovery.ModFileInfo/LOADING]: Found valid mod file fabric-block-view-api-v2-1.0.11+e9036fd419.jar with {fabric_block_view_api_v2} mods - versions {1.0.11+e9036fd419}
[15Aug2026 02:26:03.106] [main/DEBUG] [net.neoforged.fml.loading.moddiscovery.readers.JarModsDotTomlModFileReader/SCAN]: Found META-INF/neoforge.mods.toml mod of type null: 
[15Aug2026 02:26:03.106] [main/DEBUG] [net.neoforged.fml.loading.moddiscovery.ModFileParser/LOADING]: Considering mod file candidate 
[15Aug2026 02:26:03.107] [main/DEBUG] [net.neoforged.fml.loading.moddiscovery.ModFileInfo/LOADING]: Found valid mod file fabric-rendering-v1-5.1.0+1a09bd5a19.jar with {fabric_rendering_v1} mods - versions {5.1.0+1a09bd5a19}
[15Aug2026 02:26:03.109] [main/DEBUG] [net.neoforged.fml.loading.moddiscovery.readers.JarModsDotTomlModFileReader/SCAN]: Found META-INF/neoforge.mods.toml mod of type null: 
[15Aug2026 02:26:03.109] [main/DEBUG] [net.neoforged.fml.loading.moddiscovery.ModFileParser/LOADING]: Considering mod file candidate 
[15Aug2026 02:26:03.110] [main/DEBUG] [net.neoforged.fml.loading.moddiscovery.ModFileInfo/LOADING]: Found valid mod file fabric-blockrenderlayer-v1-1.1.52+c290471319.jar with {fabric_blockrenderlayer_v1} mods - versions {1.1.52+c290471319}
[15Aug2026 02:26:03.115] [main/DEBUG] [net.neoforged.fml.loading.moddiscovery.readers.JarModsDotTomlModFileReader/SCAN]: Found META-INF/neoforge.mods.toml mod of type null: 
[15Aug2026 02:26:03.115] [main/DEBUG] [net.neoforged.fml.loading.moddiscovery.ModFileParser/LOADING]: Considering mod file candidate 
[15Aug2026 02:26:03.116] [main/DEBUG] [net.neoforged.fml.loading.moddiscovery.ModFileInfo/LOADING]: Found valid mod file fabric-networking-api-v1-4.3.0+30a980d919.jar with {fabric_networking_api_v1} mods - versions {4.3.0+30a980d919}
[15Aug2026 02:26:03.120] [main/DEBUG] [net.neoforged.fml.loading.moddiscovery.readers.JarModsDotTomlModFileReader/SCAN]: Found META-INF/neoforge.mods.toml mod of type null: 
[15Aug2026 02:26:03.120] [main/DEBUG] [net.neoforged.fml.loading.moddiscovery.ModFileParser/LOADING]: Considering mod file candidate 
[15Aug2026 02:26:03.121] [main/DEBUG] [net.neoforged.fml.loading.moddiscovery.ModFileInfo/LOADING]: Found valid mod file fabric-convention-tags-v2-2.11.1+87e5848019.jar with {fabric_convention_tags_v2} mods - versions {2.11.1+87e5848019}
[15Aug2026 02:26:03.122] [main/DEBUG] [net.neoforged.fml.loading.moddiscovery.readers.JarModsDotTomlModFileReader/SCAN]: Found META-INF/neoforge.mods.toml mod of type null: 
[15Aug2026 02:26:03.122] [main/DEBUG] [net.neoforged.fml.loading.moddiscovery.ModFileParser/LOADING]: Considering mod file candidate 
[15Aug2026 02:26:03.123] [main/DEBUG] [net.neoforged.fml.loading.moddiscovery.ModFileInfo/LOADING]: Found valid mod file fabric-registry-sync-v0-5.3.1+f9aace1619.jar with {fabric_registry_sync_v0} mods - versions {5.3.1+f9aace1619}
[15Aug2026 02:26:03.125] [main/DEBUG] [net.neoforged.fml.loading.moddiscovery.readers.JarModsDotTomlModFileReader/SCAN]: Found META-INF/neoforge.mods.toml mod of type null: 
[15Aug2026 02:26:03.125] [main/DEBUG] [net.neoforged.fml.loading.moddiscovery.ModFileParser/LOADING]: Considering mod file candidate 
[15Aug2026 02:26:03.125] [main/DEBUG] [net.neoforged.fml.loading.moddiscovery.ModFileInfo/LOADING]: Found valid mod file fabric-entity-events-v1-1.8.0+5ede667619.jar with {fabric_entity_events_v1} mods - versions {1.8.0+5ede667619}
[15Aug2026 02:26:03.128] [main/DEBUG] [net.neoforged.fml.loading.moddiscovery.readers.JarModsDotTomlModFileReader/SCAN]: Found META-INF/neoforge.mods.toml mod of type null: 
[15Aug2026 02:26:03.128] [main/DEBUG] [net.neoforged.fml.loading.moddiscovery.ModFileParser/LOADING]: Considering mod file candidate 
[15Aug2026 02:26:03.128] [main/DEBUG] [net.neoforged.fml.loading.moddiscovery.ModFileInfo/LOADING]: Found valid mod file fabric-data-generation-api-v1-20.2.34+a4c3605619.jar with {fabric_data_generation_api_v1} mods - versions {20.2.34+a4c3605619}
[15Aug2026 02:26:03.336] [main/DEBUG] [net.neoforged.fml.loading.moddiscovery.readers.JarModsDotTomlModFileReader/SCAN]: Found META-INF/MANIFEST.MF mod of type LIBRARY: 
[15Aug2026 02:26:03.338] [main/DEBUG] [net.neoforged.fml.loading.moddiscovery.readers.JarModsDotTomlModFileReader/SCAN]: Found META-INF/neoforge.mods.toml mod of type null: 
[15Aug2026 02:26:03.338] [main/DEBUG] [net.neoforged.fml.loading.moddiscovery.ModFileParser/LOADING]: Considering mod file candidate 
[15Aug2026 02:26:03.339] [main/DEBUG] [net.neoforged.fml.loading.moddiscovery.ModFileInfo/LOADING]: Found valid mod file fabric-sound-api-v1-1.0.23+10b84f8419.jar with {fabric_sound_api_v1} mods - versions {1.0.23+10b84f8419}
[15Aug2026 02:26:03.340] [main/DEBUG] [net.neoforged.fml.loading.moddiscovery.readers.JarModsDotTomlModFileReader/SCAN]: Found META-INF/neoforge.mods.toml mod of type null: 
[15Aug2026 02:26:03.340] [main/DEBUG] [net.neoforged.fml.loading.moddiscovery.ModFileParser/LOADING]: Considering mod file candidate 
[15Aug2026 02:26:03.341] [main/DEBUG] [net.neoforged.fml.loading.moddiscovery.ModFileInfo/LOADING]: Found valid mod file fabric-command-api-v2-2.2.28+36d727be19.jar with {fabric_command_api_v2} mods - versions {2.2.28+36d727be19}
[15Aug2026 02:26:03.342] [main/DEBUG] [net.neoforged.fml.loading.moddiscovery.readers.JarModsDotTomlModFileReader/SCAN]: Found META-INF/neoforge.mods.toml mod of type null: 
[15Aug2026 02:26:03.342] [main/DEBUG] [net.neoforged.fml.loading.moddiscovery.ModFileParser/LOADING]: Considering mod file candidate 
[15Aug2026 02:26:03.342] [main/DEBUG] [net.neoforged.fml.loading.moddiscovery.ModFileInfo/LOADING]: Found valid mod file fabric-content-registries-v0-8.0.19+5e0d320019.jar with {fabric_content_registries_v0} mods - versions {8.0.19+5e0d320019}
[15Aug2026 02:26:03.344] [main/DEBUG] [net.neoforged.fml.loading.moddiscovery.readers.JarModsDotTomlModFileReader/SCAN]: Found META-INF/neoforge.mods.toml mod of type null: 
[15Aug2026 02:26:03.344] [main/DEBUG] [net.neoforged.fml.loading.moddiscovery.ModFileParser/LOADING]: Considering mod file candidate 
[15Aug2026 02:26:03.344] [main/DEBUG] [net.neoforged.fml.loading.moddiscovery.ModFileInfo/LOADING]: Found valid mod file fabric-screen-api-v1-2.0.25+0ae1214819.jar with {fabric_screen_api_v1} mods - versions {2.0.25+0ae1214819}
[15Aug2026 02:26:03.345] [main/DEBUG] [net.neoforged.fml.loading.moddiscovery.readers.JarModsDotTomlModFileReader/SCAN]: Found META-INF/neoforge.mods.toml mod of type null: 
[15Aug2026 02:26:03.345] [main/DEBUG] [net.neoforged.fml.loading.moddiscovery.ModFileParser/LOADING]: Considering mod file candidate 
[15Aug2026 02:26:03.345] [main/DEBUG] [net.neoforged.fml.loading.moddiscovery.ModFileInfo/LOADING]: Found valid mod file fabric-key-binding-api-v1-1.0.47+62cc7ce119.jar with {fabric_key_binding_api_v1} mods - versions {1.0.47+62cc7ce119}
[15Aug2026 02:26:03.347] [main/DEBUG] [net.neoforged.fml.loading.moddiscovery.readers.JarModsDotTomlModFileReader/SCAN]: Found META-INF/neoforge.mods.toml mod of type null: 
[15Aug2026 02:26:03.347] [main/DEBUG] [net.neoforged.fml.loading.moddiscovery.ModFileParser/LOADING]: Considering mod file candidate 
[15Aug2026 02:26:03.347] [main/DEBUG] [net.neoforged.fml.loading.moddiscovery.ModFileInfo/LOADING]: Found valid mod file fabric-renderer-api-v1-3.4.1+9125b6dc19.jar with {fabric_renderer_api_v1} mods - versions {3.4.1+9125b6dc19}
[15Aug2026 02:26:03.350] [main/DEBUG] [net.neoforged.fml.loading.moddiscovery.readers.JarModsDotTomlModFileReader/SCAN]: Found META-INF/neoforge.mods.toml mod of type null: 
[15Aug2026 02:26:03.350] [main/DEBUG] [net.neoforged.fml.loading.moddiscovery.ModFileParser/LOADING]: Considering mod file candidate 
[15Aug2026 02:26:03.350] [main/DEBUG] [net.neoforged.fml.loading.moddiscovery.ModFileInfo/LOADING]: Found valid mod file fabric-transfer-api-v1-5.4.3+a25cb45619.jar with {fabric_transfer_api_v1} mods - versions {5.4.3+a25cb45619}
[15Aug2026 02:26:03.352] [main/DEBUG] [net.neoforged.fml.loading.moddiscovery.readers.JarModsDotTomlModFileReader/SCAN]: Found META-INF/neoforge.mods.toml mod of type null: 
[15Aug2026 02:26:03.352] [main/DEBUG] [net.neoforged.fml.loading.moddiscovery.ModFileParser/LOADING]: Considering mod file candidate 
[15Aug2026 02:26:03.352] [main/DEBUG] [net.neoforged.fml.loading.moddiscovery.ModFileInfo/LOADING]: Found valid mod file fabric-resource-conditions-api-v1-4.3.0+5bdd099819.jar with {fabric_resource_conditions_api_v1} mods - versions {4.3.0+5bdd099819}
[15Aug2026 02:26:03.353] [main/DEBUG] [net.neoforged.fml.loading.moddiscovery.readers.JarModsDotTomlModFileReader/SCAN]: Found META-INF/neoforge.mods.toml mod of type null: 
[15Aug2026 02:26:03.353] [main/DEBUG] [net.neoforged.fml.loading.moddiscovery.ModFileParser/LOADING]: Considering mod file candidate 
[15Aug2026 02:26:03.354] [main/DEBUG] [net.neoforged.fml.loading.moddiscovery.ModFileInfo/LOADING]: Found valid mod file fabric-data-attachment-api-v1-1.4.5+26d408aa19.jar with {fabric_data_attachment_api_v1} mods - versions {1.4.5+26d408aa19}
[15Aug2026 02:26:03.355] [main/DEBUG] [net.neoforged.fml.loading.moddiscovery.readers.JarModsDotTomlModFileReader/SCAN]: Found META-INF/neoforge.mods.toml mod of type null: 
[15Aug2026 02:26:03.355] [main/DEBUG] [net.neoforged.fml.loading.moddiscovery.ModFileParser/LOADING]: Considering mod file candidate 
[15Aug2026 02:26:03.355] [main/DEBUG] [net.neoforged.fml.loading.moddiscovery.ModFileInfo/LOADING]: Found valid mod file fabric-loot-api-v3-1.0.3+333dfad919.jar with {fabric_loot_api_v3} mods - versions {1.0.3+333dfad919}
[15Aug2026 02:26:03.357] [main/DEBUG] [net.neoforged.fml.loading.moddiscovery.readers.JarModsDotTomlModFileReader/SCAN]: Found META-INF/neoforge.mods.toml mod of type null: 
[15Aug2026 02:26:03.357] [main/DEBUG] [net.neoforged.fml.loading.moddiscovery.ModFileParser/LOADING]: Considering mod file candidate 
[15Aug2026 02:26:03.357] [main/DEBUG] [net.neoforged.fml.loading.moddiscovery.ModFileInfo/LOADING]: Found valid mod file fabric-events-interaction-v0-0.7.13+86e0887119.jar with {fabric_events_interaction_v0} mods - versions {0.7.13+86e0887119}
[15Aug2026 02:26:03.358] [main/DEBUG] [net.neoforged.fml.loading.moddiscovery.readers.JarModsDotTomlModFileReader/SCAN]: Found META-INF/neoforge.mods.toml mod of type null: 
[15Aug2026 02:26:03.358] [main/DEBUG] [net.neoforged.fml.loading.moddiscovery.ModFileParser/LOADING]: Considering mod file candidate 
[15Aug2026 02:26:03.359] [main/DEBUG] [net.neoforged.fml.loading.moddiscovery.ModFileInfo/LOADING]: Found valid mod file fabric-item-group-api-v1-4.1.7+e324903319.jar with {fabric_item_group_api_v1} mods - versions {4.1.7+e324903319}
[15Aug2026 02:26:03.360] [main/DEBUG] [net.neoforged.fml.loading.moddiscovery.readers.JarModsDotTomlModFileReader/SCAN]: Found META-INF/neoforge.mods.toml mod of type null: 
[15Aug2026 02:26:03.360] [main/DEBUG] [net.neoforged.fml.loading.moddiscovery.ModFileParser/LOADING]: Considering mod file candidate 
[15Aug2026 02:26:03.360] [main/DEBUG] [net.neoforged.fml.loading.moddiscovery.ModFileInfo/LOADING]: Found valid mod file fabric-convention-tags-v1-2.1.5+7f945d5b19.jar with {fabric_convention_tags_v1} mods - versions {2.1.5+7f945d5b19}
[15Aug2026 02:26:03.362] [main/DEBUG] [net.neoforged.fml.loading.moddiscovery.readers.JarModsDotTomlModFileReader/SCAN]: Found META-INF/neoforge.mods.toml mod of type null: 
[15Aug2026 02:26:03.362] [main/DEBUG] [net.neoforged.fml.loading.moddiscovery.ModFileParser/LOADING]: Considering mod file candidate 
[15Aug2026 02:26:03.362] [main/DEBUG] [net.neoforged.fml.loading.moddiscovery.ModFileInfo/LOADING]: Found valid mod file fabric-biome-api-v1-13.0.31+1e62d33c19.jar with {fabric_biome_api_v1} mods - versions {13.0.31+1e62d33c19}
[15Aug2026 02:26:03.363] [main/DEBUG] [net.neoforged.fml.loading.moddiscovery.readers.JarModsDotTomlModFileReader/SCAN]: Found META-INF/neoforge.mods.toml mod of type null: 
[15Aug2026 02:26:03.363] [main/DEBUG] [net.neoforged.fml.loading.moddiscovery.ModFileParser/LOADING]: Considering mod file candidate 
[15Aug2026 02:26:03.363] [main/DEBUG] [net.neoforged.fml.loading.moddiscovery.ModFileInfo/LOADING]: Found valid mod file fabric-api-base-0.4.42+d1308ded19.jar with {fabric_api_base} mods - versions {0.4.42+d1308ded19}
[15Aug2026 02:26:03.365] [main/DEBUG] [net.neoforged.fml.loading.moddiscovery.readers.JarModsDotTomlModFileReader/SCAN]: Found META-INF/neoforge.mods.toml mod of type null: 
[15Aug2026 02:26:03.365] [main/DEBUG] [net.neoforged.fml.loading.moddiscovery.ModFileParser/LOADING]: Considering mod file candidate 
[15Aug2026 02:26:03.365] [main/DEBUG] [net.neoforged.fml.loading.moddiscovery.ModFileInfo/LOADING]: Found valid mod file fabric-recipe-api-v1-5.0.15+59440bcc19.jar with {fabric_recipe_api_v1} mods - versions {5.0.15+59440bcc19}
[15Aug2026 02:26:03.367] [main/DEBUG] [net.neoforged.fml.loading.moddiscovery.readers.JarModsDotTomlModFileReader/SCAN]: Found META-INF/neoforge.mods.toml mod of type null: 
[15Aug2026 02:26:03.367] [main/DEBUG] [net.neoforged.fml.loading.moddiscovery.ModFileParser/LOADING]: Considering mod file candidate 
[15Aug2026 02:26:03.367] [main/DEBUG] [net.neoforged.fml.loading.moddiscovery.ModFileInfo/LOADING]: Found valid mod file fabric-renderer-indigo-1.7.1+9125b6dc19.jar with {fabric_renderer_indigo} mods - versions {1.7.1+9125b6dc19}
[15Aug2026 02:26:03.368] [main/DEBUG] [net.neoforged.fml.loading.moddiscovery.readers.JarModsDotTomlModFileReader/SCAN]: Found META-INF/neoforge.mods.toml mod of type null: 
[15Aug2026 02:26:03.368] [main/DEBUG] [net.neoforged.fml.loading.moddiscovery.ModFileParser/LOADING]: Considering mod file candidate 
[15Aug2026 02:26:03.368] [main/DEBUG] [net.neoforged.fml.loading.moddiscovery.ModFileInfo/LOADING]: Found valid mod file fabric-transitive-access-wideners-v1-6.2.0+6c854b6f19.jar with {fabric_transitive_access_wideners_v1} mods - versions {6.2.0+6c854b6f19}
[15Aug2026 02:26:03.369] [main/DEBUG] [net.neoforged.fml.loading.moddiscovery.readers.JarModsDotTomlModFileReader/SCAN]: Found META-INF/neoforge.mods.toml mod of type null: 
[15Aug2026 02:26:03.370] [main/DEBUG] [net.neoforged.fml.loading.moddiscovery.ModFileParser/LOADING]: Considering mod file candidate 
[15Aug2026 02:26:03.370] [main/DEBUG] [net.neoforged.fml.loading.moddiscovery.ModFileInfo/LOADING]: Found valid mod file fabric-item-api-v1-11.2.0+0c57911319.jar with {fabric_item_api_v1} mods - versions {11.2.0+0c57911319}
[15Aug2026 02:26:03.371] [main/DEBUG] [net.neoforged.fml.loading.moddiscovery.readers.JarModsDotTomlModFileReader/SCAN]: Found META-INF/neoforge.mods.toml mod of type null: 
[15Aug2026 02:26:03.371] [main/DEBUG] [net.neoforged.fml.loading.moddiscovery.ModFileParser/LOADING]: Considering mod file candidate 
[15Aug2026 02:26:03.371] [main/DEBUG] [net.neoforged.fml.loading.moddiscovery.ModFileInfo/LOADING]: Found valid mod file fabric-block-api-v1-1.1.0+b0c22bb819.jar with {fabric_block_api_v1} mods - versions {1.1.0+b0c22bb819}
[15Aug2026 02:26:03.431] [main/DEBUG] [net.neoforged.fml.loading.moddiscovery.readers.JarModsDotTomlModFileReader/SCAN]: Found META-INF/neoforge.mods.toml mod of type null: 
[15Aug2026 02:26:03.431] [main/DEBUG] [net.neoforged.fml.loading.moddiscovery.ModFileParser/LOADING]: Considering mod file candidate 
[15Aug2026 02:26:03.432] [main/DEBUG] [net.neoforged.fml.loading.moddiscovery.ModFileInfo/LOADING]: Found valid mod file libtooltips-5J15zxaI.jar with {libtooltips} mods - versions {1.6}
[15Aug2026 02:26:03.434] [main/DEBUG] [net.neoforged.fml.loading.moddiscovery.readers.JarModsDotTomlModFileReader/SCAN]: Found META-INF/neoforge.mods.toml mod of type null: 
[15Aug2026 02:26:03.434] [main/DEBUG] [net.neoforged.fml.loading.moddiscovery.ModFileParser/LOADING]: Considering mod file candidate 
[15Aug2026 02:26:03.434] [main/DEBUG] [net.neoforged.fml.loading.moddiscovery.ModFileInfo/LOADING]: Found valid mod file tiny-multiblock-lib-gbRIPDRZ.jar with {tinymultiblocklib} mods - versions {3.2.0}
[15Aug2026 02:26:03.474] [main/DEBUG] [net.neoforged.fml.loading.moddiscovery.readers.JarModsDotTomlModFileReader/SCAN]: Found META-INF/neoforge.mods.toml mod of type null: 
[15Aug2026 02:26:03.474] [main/DEBUG] [net.neoforged.fml.loading.moddiscovery.ModFileParser/LOADING]: Considering mod file candidate 
[15Aug2026 02:26:03.474] [main/DEBUG] [net.neoforged.fml.loading.moddiscovery.ModFileInfo/LOADING]: Found valid mod file wds-selling-bin-nrGOzmNu.jar with {selling_bin} mods - versions {1.4.1-NEOFORGE-1.21.1}
[15Aug2026 02:26:03.478] [main/DEBUG] [net.neoforged.fml.loading.moddiscovery.readers.JarModsDotTomlModFileReader/SCAN]: Found META-INF/MANIFEST.MF mod of type GAMELIBRARY: 
[15Aug2026 02:26:03.561] [main/DEBUG] [net.neoforged.fml.loading.moddiscovery.readers.JarModsDotTomlModFileReader/SCAN]: Found META-INF/neoforge.mods.toml mod of type null: 
[15Aug2026 02:26:03.561] [main/DEBUG] [net.neoforged.fml.loading.moddiscovery.ModFileParser/LOADING]: Considering mod file candidate 
[15Aug2026 02:26:03.562] [main/DEBUG] [net.neoforged.fml.loading.moddiscovery.ModFileInfo/LOADING]: Found valid mod file flywheel-neoforge-1.21.1-1.0.6.jar with {flywheel} mods - versions {1.0.6}
[15Aug2026 02:26:03.574] [main/DEBUG] [net.neoforged.fml.loading.moddiscovery.readers.JarModsDotTomlModFileReader/SCAN]: Found META-INF/neoforge.mods.toml mod of type null: 
[15Aug2026 02:26:03.574] [main/DEBUG] [net.neoforged.fml.loading.moddiscovery.ModFileParser/LOADING]: Considering mod file candidate 
[15Aug2026 02:26:03.574] [main/DEBUG] [net.neoforged.fml.loading.moddiscovery.ModFileInfo/LOADING]: Found valid mod file ponder-neoforge-1.0.82+mc1.21.1.jar with {ponder} mods - versions {1.0.82+mc1.21.1}
[15Aug2026 02:26:03.576] [main/DEBUG] [net.neoforged.fml.loading.moddiscovery.readers.JarModsDotTomlModFileReader/SCAN]: Found META-INF/neoforge.mods.toml mod of type null: 
[15Aug2026 02:26:03.576] [main/DEBUG] [net.neoforged.fml.loading.moddiscovery.ModFileParser/LOADING]: Considering mod file candidate 
[15Aug2026 02:26:03.576] [main/DEBUG] [net.neoforged.fml.loading.moddiscovery.ModFileInfo/LOADING]: Found valid mod file conditional-mixin-neoforge-0.6.4.jar with {conditional_mixin} mods - versions {0.6.4}
[15Aug2026 02:26:03.578] [main/DEBUG] [net.neoforged.fml.loading.moddiscovery.readers.JarModsDotTomlModFileReader/SCAN]: Found META-INF/neoforge.mods.toml mod of type null: 
[15Aug2026 02:26:03.578] [main/DEBUG] [net.neoforged.fml.loading.moddiscovery.ModFileParser/LOADING]: Considering mod file candidate 
[15Aug2026 02:26:03.578] [main/DEBUG] [net.neoforged.fml.loading.moddiscovery.ModFileInfo/LOADING]: Found valid mod file shield-api-2.1.0-neoforge.jar with {shield_api} mods - versions {2.1.0}
[15Aug2026 02:26:03.586] [main/DEBUG] [net.neoforged.fml.loading.moddiscovery.readers.JarModsDotTomlModFileReader/SCAN]: Found META-INF/neoforge.mods.toml mod of type null: 
[15Aug2026 02:26:03.586] [main/DEBUG] [net.neoforged.fml.loading.moddiscovery.ModFileParser/LOADING]: Considering mod file candidate 
[15Aug2026 02:26:03.586] [main/DEBUG] [net.neoforged.fml.loading.moddiscovery.ModFileInfo/LOADING]: Found valid mod file tiny-config-3.1.0-neoforge.jar with {tiny_config} mods - versions {3.1.0}
[15Aug2026 02:26:04.007] [main/DEBUG] [net.neoforged.fml.loading.moddiscovery.readers.JarModsDotTomlModFileReader/SCAN]: Found META-INF/MANIFEST.MF mod of type LIBRARY: 
[15Aug2026 02:26:04.009] [main/DEBUG] [net.neoforged.fml.loading.moddiscovery.readers.JarModsDotTomlModFileReader/SCAN]: Found META-INF/MANIFEST.MF mod of type GAMELIBRARY: 
[15Aug2026 02:26:04.010] [main/DEBUG] [net.neoforged.fml.loading.moddiscovery.readers.JarModsDotTomlModFileReader/SCAN]: Found META-INF/neoforge.mods.toml mod of type null: 
[15Aug2026 02:26:04.010] [main/DEBUG] [net.neoforged.fml.loading.moddiscovery.ModFileParser/LOADING]: Considering mod file candidate 
[15Aug2026 02:26:04.011] [main/DEBUG] [net.neoforged.fml.loading.moddiscovery.ModFileInfo/LOADING]: Found valid mod file thedarkcolour.kffmod-5.11.0.jar with {kotlinforforge} mods - versions {5.11.0}
[15Aug2026 02:26:04.121] [main/DEBUG] [net.neoforged.fml.loading.moddiscovery.readers.JarModsDotTomlModFileReader/SCAN]: Found META-INF/neoforge.mods.toml mod of type null: 
[15Aug2026 02:26:04.121] [main/DEBUG] [net.neoforged.fml.loading.moddiscovery.ModFileParser/LOADING]: Considering mod file candidate 
[15Aug2026 02:26:04.122] [main/DEBUG] [net.neoforged.fml.loading.moddiscovery.ModFileInfo/LOADING]: Found valid mod file fabric-api-base-0.4.42+d1308dedd1.jar with {fabric_api_base} mods - versions {0.4.42+d1308dedd1}
[15Aug2026 02:26:04.126] [main/DEBUG] [net.neoforged.fml.loading.moddiscovery.readers.JarModsDotTomlModFileReader/SCAN]: Found META-INF/neoforge.mods.toml mod of type null: 
[15Aug2026 02:26:04.126] [main/DEBUG] [net.neoforged.fml.loading.moddiscovery.ModFileParser/LOADING]: Considering mod file candidate 
[15Aug2026 02:26:04.126] [main/DEBUG] [net.neoforged.fml.loading.moddiscovery.ModFileInfo/LOADING]: Found valid mod file tiny-config-3.1.0-neoforge.jar with {tiny_config} mods - versions {3.1.0}
[15Aug2026 02:26:04.128] [main/DEBUG] [net.neoforged.fml.loading.moddiscovery.readers.JarModsDotTomlModFileReader/SCAN]: Found META-INF/neoforge.mods.toml mod of type null: 
[15Aug2026 02:26:04.128] [main/DEBUG] [net.neoforged.fml.loading.moddiscovery.ModFileParser/LOADING]: Considering mod file candidate 
[15Aug2026 02:26:04.128] [main/DEBUG] [net.neoforged.fml.loading.moddiscovery.ModFileInfo/LOADING]: Found valid mod file bundle-api-1.1.0-neoforge.jar with {bundleapi} mods - versions {1.1.0}
[15Aug2026 02:26:04.130] [main/DEBUG] [net.neoforged.fml.loading.moddiscovery.readers.JarModsDotTomlModFileReader/SCAN]: Found META-INF/neoforge.mods.toml mod of type null: 
[15Aug2026 02:26:04.130] [main/DEBUG] [net.neoforged.fml.loading.moddiscovery.ModFileParser/LOADING]: Considering mod file candidate 
[15Aug2026 02:26:04.130] [main/DEBUG] [net.neoforged.fml.loading.moddiscovery.ModFileInfo/LOADING]: Found valid mod file kuma-api-neoforge-21.0.7+1.21.jar with {kuma_api} mods - versions {21.0.7}
[15Aug2026 02:26:04.132] [main/DEBUG] [net.neoforged.fml.loading.moddiscovery.readers.JarModsDotTomlModFileReader/SCAN]: Found META-INF/MANIFEST.MF mod of type LIBRARY: 
[15Aug2026 02:26:04.133] [main/DEBUG] [net.neoforged.fml.loading.moddiscovery.readers.JarModsDotTomlModFileReader/SCAN]: Found META-INF/neoforge.mods.toml mod of type null: 
[15Aug2026 02:26:04.133] [main/DEBUG] [net.neoforged.fml.loading.moddiscovery.ModFileParser/LOADING]: Considering mod file candidate 
[15Aug2026 02:26:04.134] [main/DEBUG] [net.neoforged.fml.loading.moddiscovery.ModFileInfo/LOADING]: Found valid mod file fabric-api-base-0.4.42+d1308ded19.jar with {fabric_api_base} mods - versions {0.4.42+d1308ded19}
[15Aug2026 02:26:04.135] [main/DEBUG] [net.neoforged.fml.loading.moddiscovery.readers.JarModsDotTomlModFileReader/SCAN]: Found META-INF/neoforge.mods.toml mod of type null: 
[15Aug2026 02:26:04.135] [main/DEBUG] [net.neoforged.fml.loading.moddiscovery.ModFileParser/LOADING]: Considering mod file candidate 
[15Aug2026 02:26:04.135] [main/DEBUG] [net.neoforged.fml.loading.moddiscovery.ModFileInfo/LOADING]: Found valid mod file fabric-block-view-api-v2-1.0.10+9afaaf8c19.jar with {fabric_block_view_api_v2} mods - versions {1.0.10+9afaaf8c19}
[15Aug2026 02:26:04.136] [main/DEBUG] [net.neoforged.fml.loading.moddiscovery.readers.JarModsDotTomlModFileReader/SCAN]: Found META-INF/neoforge.mods.toml mod of type null: 
[15Aug2026 02:26:04.137] [main/DEBUG] [net.neoforged.fml.loading.moddiscovery.ModFileParser/LOADING]: Considering mod file candidate 
[15Aug2026 02:26:04.137] [main/DEBUG] [net.neoforged.fml.loading.moddiscovery.ModFileInfo/LOADING]: Found valid mod file fabric-renderer-api-v1-3.4.0+9c40919e19.jar with {fabric_renderer_api_v1} mods - versions {3.4.0+9c40919e19}
[15Aug2026 02:26:04.138] [main/DEBUG] [net.neoforged.fml.loading.moddiscovery.readers.JarModsDotTomlModFileReader/SCAN]: Found META-INF/neoforge.mods.toml mod of type null: 
[15Aug2026 02:26:04.138] [main/DEBUG] [net.neoforged.fml.loading.moddiscovery.ModFileParser/LOADING]: Considering mod file candidate 
[15Aug2026 02:26:04.138] [main/DEBUG] [net.neoforged.fml.loading.moddiscovery.ModFileInfo/LOADING]: Found valid mod file fabric-rendering-data-attachment-v1-0.3.48+73761d2e19.jar with {fabric_rendering_data_attachment_v1} mods - versions {0.3.48+73761d2e19}
[15Aug2026 02:26:04.141] [main/DEBUG] [net.neoforged.fml.loading.moddiscovery.readers.JarModsDotTomlModFileReader/SCAN]: Found META-INF/neoforge.mods.toml mod of type null: 
[15Aug2026 02:26:04.141] [main/DEBUG] [net.neoforged.fml.loading.moddiscovery.ModFileParser/LOADING]: Considering mod file candidate 
[15Aug2026 02:26:04.141] [main/DEBUG] [net.neoforged.fml.loading.moddiscovery.ModFileInfo/LOADING]: Found valid mod file additionalentityattributes-2.0.0+1.21.1-neoforge.jar with {additionalentityattributes} mods - versions {2.0.0+1.21.1}
[15Aug2026 02:26:04.370] [main/DEBUG] [net.neoforged.fml.loading.moddiscovery.readers.JarModsDotTomlModFileReader/SCAN]: Found META-INF/neoforge.mods.toml mod of type null: 
[15Aug2026 02:26:04.370] [main/DEBUG] [net.neoforged.fml.loading.moddiscovery.ModFileParser/LOADING]: Considering mod file candidate 
[15Aug2026 02:26:04.371] [main/DEBUG] [net.neoforged.fml.loading.moddiscovery.ModFileInfo/LOADING]: Found valid mod file fabric-api-base-0.4.42+d1308ded19.jar with {fabric_api_base} mods - versions {0.4.42+d1308ded19}
[15Aug2026 02:26:04.371] [main/DEBUG] [net.neoforged.fml.loading.moddiscovery.readers.JarModsDotTomlModFileReader/SCAN]: Found META-INF/neoforge.mods.toml mod of type null: 
[15Aug2026 02:26:04.372] [main/DEBUG] [net.neoforged.fml.loading.moddiscovery.ModFileParser/LOADING]: Considering mod file candidate 
[15Aug2026 02:26:04.372] [main/DEBUG] [net.neoforged.fml.loading.moddiscovery.ModFileInfo/LOADING]: Found valid mod file fabric-block-view-api-v2-1.0.10+9afaaf8c19.jar with {fabric_block_view_api_v2} mods - versions {1.0.10+9afaaf8c19}
[15Aug2026 02:26:04.373] [main/DEBUG] [net.neoforged.fml.loading.moddiscovery.readers.JarModsDotTomlModFileReader/SCAN]: Found META-INF/neoforge.mods.toml mod of type null: 
[15Aug2026 02:26:04.373] [main/DEBUG] [net.neoforged.fml.loading.moddiscovery.ModFileParser/LOADING]: Considering mod file candidate 
[15Aug2026 02:26:04.373] [main/DEBUG] [net.neoforged.fml.loading.moddiscovery.ModFileInfo/LOADING]: Found valid mod file fabric-renderer-api-v1-3.4.0+acb05a3919.jar with {fabric_renderer_api_v1} mods - versions {3.4.0+acb05a3919}
[15Aug2026 02:26:04.374] [main/DEBUG] [net.neoforged.fml.loading.moddiscovery.readers.JarModsDotTomlModFileReader/SCAN]: Found META-INF/neoforge.mods.toml mod of type null: 
[15Aug2026 02:26:04.374] [main/DEBUG] [net.neoforged.fml.loading.moddiscovery.ModFileParser/LOADING]: Considering mod file candidate 
[15Aug2026 02:26:04.375] [main/DEBUG] [net.neoforged.fml.loading.moddiscovery.ModFileInfo/LOADING]: Found valid mod file fabric-rendering-data-attachment-v1-0.3.48+73761d2e19.jar with {fabric_rendering_data_attachment_v1} mods - versions {0.3.48+73761d2e19}
[15Aug2026 02:26:04.376] [main/DEBUG] [net.neoforged.fml.loading.moddiscovery.readers.JarModsDotTomlModFileReader/SCAN]: Found META-INF/MANIFEST.MF mod of type GAMELIBRARY: 
[15Aug2026 02:26:04.377] [main/DEBUG] [net.neoforged.fml.loading.moddiscovery.readers.JarModsDotTomlModFileReader/SCAN]: Found META-INF/neoforge.mods.toml mod of type null: 
[15Aug2026 02:26:04.377] [main/DEBUG] [net.neoforged.fml.loading.moddiscovery.ModFileParser/LOADING]: Considering mod file candidate 
[15Aug2026 02:26:04.377] [main/DEBUG] [net.neoforged.fml.loading.moddiscovery.ModFileInfo/LOADING]: Found valid mod file expandability-neoforge-12.0.0.jar with {expandability} mods - versions {12.0.0}
[15Aug2026 02:26:04.387] [main/DEBUG] [net.neoforged.fml.loading.moddiscovery.readers.JarModsDotTomlModFileReader/SCAN]: Found META-INF/MANIFEST.MF mod of type GAMELIBRARY: 
[15Aug2026 02:26:04.390] [main/DEBUG] [net.neoforged.fml.loading.moddiscovery.readers.JarModsDotTomlModFileReader/SCAN]: Found META-INF/neoforge.mods.toml mod of type null: 
[15Aug2026 02:26:04.391] [main/DEBUG] [net.neoforged.fml.loading.moddiscovery.ModFileParser/LOADING]: Considering mod file candidate 
[15Aug2026 02:26:04.391] [main/DEBUG] [net.neoforged.fml.loading.moddiscovery.ModFileInfo/LOADING]: Found valid mod file iteminteractions-neoforge-21.1.4.jar with {iteminteractions} mods - versions {21.1.4}
[15Aug2026 02:26:04.410] [main/DEBUG] [net.neoforged.fml.loading.moddiscovery.readers.JarModsDotTomlModFileReader/SCAN]: Found META-INF/neoforge.mods.toml mod of type null: 
[15Aug2026 02:26:04.410] [main/DEBUG] [net.neoforged.fml.loading.moddiscovery.ModFileParser/LOADING]: Considering mod file candidate 
[15Aug2026 02:26:04.410] [main/DEBUG] [net.neoforged.fml.loading.moddiscovery.ModFileInfo/LOADING]: Found valid mod file tiny-config-3.1.0-neoforge.jar with {tiny_config} mods - versions {3.1.0}
[15Aug2026 02:26:04.411] [main/DEBUG] [net.neoforged.fml.loading.moddiscovery.readers.JarModsDotTomlModFileReader/SCAN]: Found META-INF/neoforge.mods.toml mod of type null: 
[15Aug2026 02:26:04.411] [main/DEBUG] [net.neoforged.fml.loading.moddiscovery.ModFileParser/LOADING]: Considering mod file candidate 
[15Aug2026 02:26:04.412] [main/DEBUG] [net.neoforged.fml.loading.moddiscovery.ModFileInfo/LOADING]: Found valid mod file conditional-mixin-neoforge-0.6.4.jar with {conditional_mixin} mods - versions {0.6.4}
[15Aug2026 02:26:04.426] [main/DEBUG] [net.neoforged.fml.loading.moddiscovery.readers.JarModsDotTomlModFileReader/SCAN]: Found META-INF/MANIFEST.MF mod of type GAMELIBRARY: 
[15Aug2026 02:26:04.427] [main/DEBUG] [net.neoforged.fml.loading.moddiscovery.readers.JarModsDotTomlModFileReader/SCAN]: Found META-INF/MANIFEST.MF mod of type LIBRARY: 
[15Aug2026 02:26:04.428] [main/DEBUG] [net.neoforged.fml.loading.moddiscovery.readers.JarModsDotTomlModFileReader/SCAN]: Found META-INF/neoforge.mods.toml mod of type null: 
[15Aug2026 02:26:04.428] [main/DEBUG] [net.neoforged.fml.loading.moddiscovery.ModFileParser/LOADING]: Considering mod file candidate 
[15Aug2026 02:26:04.429] [main/DEBUG] [net.neoforged.fml.loading.moddiscovery.ModFileInfo/LOADING]: Found valid mod file shield-api-2.1.0-neoforge.jar with {shield_api} mods - versions {2.1.0}
[15Aug2026 02:26:04.452] [main/DEBUG] [net.neoforged.fml.loading.moddiscovery.readers.JarModsDotTomlModFileReader/SCAN]: Found META-INF/neoforge.mods.toml mod of type null: 
[15Aug2026 02:26:04.452] [main/DEBUG] [net.neoforged.fml.loading.moddiscovery.ModFileParser/LOADING]: Considering mod file candidate 
[15Aug2026 02:26:04.453] [main/DEBUG] [net.neoforged.fml.loading.moddiscovery.ModFileInfo/LOADING]: Found valid mod file TRansition-1.0.11-1.21.1-neoforge-SNAPSHOT.jar with {transition} mods - versions {1.0.11}
[15Aug2026 02:26:04.459] [main/DEBUG] [net.neoforged.fml.loading.moddiscovery.readers.JarModsDotTomlModFileReader/SCAN]: Found META-INF/neoforge.mods.toml mod of type null: 
[15Aug2026 02:26:04.459] [main/DEBUG] [net.neoforged.fml.loading.moddiscovery.ModFileParser/LOADING]: Considering mod file candidate 
[15Aug2026 02:26:04.460] [main/DEBUG] [net.neoforged.fml.loading.moddiscovery.ModFileInfo/LOADING]: Found valid mod file TRender-1.0.10-1.21.1-neoforge-SNAPSHOT.jar with {trender} mods - versions {1.0.10}
[15Aug2026 02:26:04.462] [main/DEBUG] [net.neoforged.fml.loading.moddiscovery.readers.JarModsDotTomlModFileReader/SCAN]: Found META-INF/neoforge.mods.toml mod of type null: 
[15Aug2026 02:26:04.463] [main/DEBUG] [net.neoforged.fml.loading.moddiscovery.ModFileParser/LOADING]: Considering mod file candidate 
[15Aug2026 02:26:04.463] [main/DEBUG] [net.neoforged.fml.loading.moddiscovery.ModFileInfo/LOADING]: Found valid mod file percale-neoforge-1.0.0-beta.1.jar with {percale} mods - versions {1.0.0-beta.1}
[15Aug2026 02:26:04.467] [main/DEBUG] [net.neoforged.fml.loading.moddiscovery.readers.JarModsDotTomlModFileReader/SCAN]: Found META-INF/MANIFEST.MF mod of type GAMELIBRARY: 
[15Aug2026 02:26:04.468] [main/TRACE] [net.neoforged.fml.loading.moddiscovery.locators.JarInJarDependencyLocator/]: Failed to load resource META-INF/jarjar/metadata.json from fabric-resource-loader-v0-1.3.1+4ea8954419.jar, it does not contain dependency information.
[15Aug2026 02:26:04.468] [main/TRACE] [net.neoforged.fml.loading.moddiscovery.locators.JarInJarDependencyLocator/]: Failed to load resource META-INF/jarjar/metadata.json from fabric-rendering-data-attachment-v1-0.3.49+73761d2e19.jar, it does not contain dependency information.
[15Aug2026 02:26:04.468] [main/TRACE] [net.neoforged.fml.loading.moddiscovery.locators.JarInJarDependencyLocator/]: Failed to load resource META-INF/jarjar/metadata.json from fabric-object-builder-api-v1-15.2.1+cc242efd19.jar, it does not contain dependency information.
[15Aug2026 02:26:04.468] [main/TRACE] [net.neoforged.fml.loading.moddiscovery.locators.JarInJarDependencyLocator/]: Failed to load resource META-INF/jarjar/metadata.json from fabric-lifecycle-events-v1-2.6.0+e40d8add19.jar, it does not contain dependency information.
[15Aug2026 02:26:04.468] [main/TRACE] [net.neoforged.fml.loading.moddiscovery.locators.JarInJarDependencyLocator/]: Failed to load resource META-INF/jarjar/metadata.json from fabric-rendering-fluids-v1-3.1.6+a51883b219.jar, it does not contain dependency information.
[15Aug2026 02:26:04.468] [main/TRACE] [net.neoforged.fml.loading.moddiscovery.locators.JarInJarDependencyLocator/]: Failed to load resource META-INF/jarjar/metadata.json from fabric-screen-handler-api-v1-1.3.90+8dbc56dd19.jar, it does not contain dependency information.
[15Aug2026 02:26:04.468] [main/TRACE] [net.neoforged.fml.loading.moddiscovery.locators.JarInJarDependencyLocator/]: Failed to load resource META-INF/jarjar/metadata.json from fabric-gametest-api-v1-2.0.5+29f188ce19.jar, it does not contain dependency information.
[15Aug2026 02:26:04.468] [main/TRACE] [net.neoforged.fml.loading.moddiscovery.locators.JarInJarDependencyLocator/]: Failed to load resource META-INF/jarjar/metadata.json from fabric-particles-v1-4.0.2+824f924c19.jar, it does not contain dependency information.
[15Aug2026 02:26:04.468] [main/TRACE] [net.neoforged.fml.loading.moddiscovery.locators.JarInJarDependencyLocator/]: Failed to load resource META-INF/jarjar/metadata.json from fabric-loot-api-v2-3.0.15+a3ee712d19.jar, it does not contain dependency information.
[15Aug2026 02:26:04.468] [main/TRACE] [net.neoforged.fml.loading.moddiscovery.locators.JarInJarDependencyLocator/]: Failed to load resource META-INF/jarjar/metadata.json from fabric-client-tags-api-v1-1.1.15+e053909619.jar, it does not contain dependency information.
[15Aug2026 02:26:04.469] [main/TRACE] [net.neoforged.fml.loading.moddiscovery.locators.JarInJarDependencyLocator/]: Failed to load resource META-INF/jarjar/metadata.json from fabric-model-loading-api-v1-2.1.0+6e8f52c719.jar, it does not contain dependency information.
[15Aug2026 02:26:04.469] [main/TRACE] [net.neoforged.fml.loading.moddiscovery.locators.JarInJarDependencyLocator/]: Failed to load resource META-INF/jarjar/metadata.json from fabric-api-lookup-api-v1-1.6.71+c290471319.jar, it does not contain dependency information.
[15Aug2026 02:26:04.469] [main/TRACE] [net.neoforged.fml.loading.moddiscovery.locators.JarInJarDependencyLocator/]: Failed to load resource META-INF/jarjar/metadata.json from fabric-game-rule-api-v1-1.0.53+36d727be19.jar, it does not contain dependency information.
[15Aug2026 02:26:04.469] [main/TRACE] [net.neoforged.fml.loading.moddiscovery.locators.JarInJarDependencyLocator/]: Failed to load resource META-INF/jarjar/metadata.json from fabric-message-api-v1-6.0.14+6a754fce19.jar, it does not contain dependency information.
[15Aug2026 02:26:04.469] [main/TRACE] [net.neoforged.fml.loading.moddiscovery.locators.JarInJarDependencyLocator/]: Failed to load resource META-INF/jarjar/metadata.json from fabric-block-view-api-v2-1.0.11+e9036fd419.jar, it does not contain dependency information.
[15Aug2026 02:26:04.469] [main/TRACE] [net.neoforged.fml.loading.moddiscovery.locators.JarInJarDependencyLocator/]: Failed to load resource META-INF/jarjar/metadata.json from fabric-rendering-v1-5.1.0+1a09bd5a19.jar, it does not contain dependency information.
[15Aug2026 02:26:04.469] [main/TRACE] [net.neoforged.fml.loading.moddiscovery.locators.JarInJarDependencyLocator/]: Failed to load resource META-INF/jarjar/metadata.json from fabric-blockrenderlayer-v1-1.1.52+c290471319.jar, it does not contain dependency information.
[15Aug2026 02:26:04.469] [main/TRACE] [net.neoforged.fml.loading.moddiscovery.locators.JarInJarDependencyLocator/]: Failed to load resource META-INF/jarjar/metadata.json from fabric-networking-api-v1-4.3.0+30a980d919.jar, it does not contain dependency information.
[15Aug2026 02:26:04.469] [main/TRACE] [net.neoforged.fml.loading.moddiscovery.locators.JarInJarDependencyLocator/]: Failed to load resource META-INF/jarjar/metadata.json from fabric-convention-tags-v2-2.11.1+87e5848019.jar, it does not contain dependency information.
[15Aug2026 02:26:04.469] [main/TRACE] [net.neoforged.fml.loading.moddiscovery.locators.JarInJarDependencyLocator/]: Failed to load resource META-INF/jarjar/metadata.json from fabric-registry-sync-v0-5.3.1+f9aace1619.jar, it does not contain dependency information.
[15Aug2026 02:26:04.469] [main/TRACE] [net.neoforged.fml.loading.moddiscovery.locators.JarInJarDependencyLocator/]: Failed to load resource META-INF/jarjar/metadata.json from fabric-entity-events-v1-1.8.0+5ede667619.jar, it does not contain dependency information.
[15Aug2026 02:26:04.470] [main/TRACE] [net.neoforged.fml.loading.moddiscovery.locators.JarInJarDependencyLocator/]: Failed to load resource META-INF/jarjar/metadata.json from fabric-data-generation-api-v1-20.2.34+a4c3605619.jar, it does not contain dependency information.
[15Aug2026 02:26:04.470] [main/TRACE] [net.neoforged.fml.loading.moddiscovery.locators.JarInJarDependencyLocator/]: Failed to load resource META-INF/jarjar/metadata.json from forgified-fabric-loader-2.5.68+0.18.4+1.21.1-full.jar, it does not contain dependency information.
[15Aug2026 02:26:04.470] [main/TRACE] [net.neoforged.fml.loading.moddiscovery.locators.JarInJarDependencyLocator/]: Failed to load resource META-INF/jarjar/metadata.json from fabric-sound-api-v1-1.0.23+10b84f8419.jar, it does not contain dependency information.
[15Aug2026 02:26:04.470] [main/TRACE] [net.neoforged.fml.loading.moddiscovery.locators.JarInJarDependencyLocator/]: Failed to load resource META-INF/jarjar/metadata.json from fabric-command-api-v2-2.2.28+36d727be19.jar, it does not contain dependency information.
[15Aug2026 02:26:04.470] [main/TRACE] [net.neoforged.fml.loading.moddiscovery.locators.JarInJarDependencyLocator/]: Failed to load resource META-INF/jarjar/metadata.json from fabric-content-registries-v0-8.0.19+5e0d320019.jar, it does not contain dependency information.
[15Aug2026 02:26:04.470] [main/TRACE] [net.neoforged.fml.loading.moddiscovery.locators.JarInJarDependencyLocator/]: Failed to load resource META-INF/jarjar/metadata.json from fabric-screen-api-v1-2.0.25+0ae1214819.jar, it does not contain dependency information.
[15Aug2026 02:26:04.470] [main/TRACE] [net.neoforged.fml.loading.moddiscovery.locators.JarInJarDependencyLocator/]: Failed to load resource META-INF/jarjar/metadata.json from fabric-key-binding-api-v1-1.0.47+62cc7ce119.jar, it does not contain dependency information.
[15Aug2026 02:26:04.471] [main/TRACE] [net.neoforged.fml.loading.moddiscovery.locators.JarInJarDependencyLocator/]: Failed to load resource META-INF/jarjar/metadata.json from fabric-renderer-api-v1-3.4.1+9125b6dc19.jar, it does not contain dependency information.
[15Aug2026 02:26:04.471] [main/TRACE] [net.neoforged.fml.loading.moddiscovery.locators.JarInJarDependencyLocator/]: Failed to load resource META-INF/jarjar/metadata.json from fabric-transfer-api-v1-5.4.3+a25cb45619.jar, it does not contain dependency information.
[15Aug2026 02:26:04.471] [main/TRACE] [net.neoforged.fml.loading.moddiscovery.locators.JarInJarDependencyLocator/]: Failed to load resource META-INF/jarjar/metadata.json from fabric-resource-conditions-api-v1-4.3.0+5bdd099819.jar, it does not contain dependency information.
[15Aug2026 02:26:04.471] [main/TRACE] [net.neoforged.fml.loading.moddiscovery.locators.JarInJarDependencyLocator/]: Failed to load resource META-INF/jarjar/metadata.json from fabric-data-attachment-api-v1-1.4.5+26d408aa19.jar, it does not contain dependency information.
[15Aug2026 02:26:04.471] [main/TRACE] [net.neoforged.fml.loading.moddiscovery.locators.JarInJarDependencyLocator/]: Failed to load resource META-INF/jarjar/metadata.json from fabric-loot-api-v3-1.0.3+333dfad919.jar, it does not contain dependency information.
[15Aug2026 02:26:04.471] [main/TRACE] [net.neoforged.fml.loading.moddiscovery.locators.JarInJarDependencyLocator/]: Failed to load resource META-INF/jarjar/metadata.json from fabric-events-interaction-v0-0.7.13+86e0887119.jar, it does not contain dependency information.
[15Aug2026 02:26:04.471] [main/TRACE] [net.neoforged.fml.loading.moddiscovery.locators.JarInJarDependencyLocator/]: Failed to load resource META-INF/jarjar/metadata.json from fabric-item-group-api-v1-4.1.7+e324903319.jar, it does not contain dependency information.
[15Aug2026 02:26:04.471] [main/TRACE] [net.neoforged.fml.loading.moddiscovery.locators.JarInJarDependencyLocator/]: Failed to load resource META-INF/jarjar/metadata.json from fabric-convention-tags-v1-2.1.5+7f945d5b19.jar, it does not contain dependency information.
[15Aug2026 02:26:04.471] [main/TRACE] [net.neoforged.fml.loading.moddiscovery.locators.JarInJarDependencyLocator/]: Failed to load resource META-INF/jarjar/metadata.json from fabric-biome-api-v1-13.0.31+1e62d33c19.jar, it does not contain dependency information.
[15Aug2026 02:26:04.471] [main/TRACE] [net.neoforged.fml.loading.moddiscovery.locators.JarInJarDependencyLocator/]: Failed to load resource META-INF/jarjar/metadata.json from fabric-api-base-0.4.42+d1308ded19.jar, it does not contain dependency information.
[15Aug2026 02:26:04.471] [main/TRACE] [net.neoforged.fml.loading.moddiscovery.locators.JarInJarDependencyLocator/]: Failed to load resource META-INF/jarjar/metadata.json from fabric-recipe-api-v1-5.0.15+59440bcc19.jar, it does not contain dependency information.
[15Aug2026 02:26:04.471] [main/TRACE] [net.neoforged.fml.loading.moddiscovery.locators.JarInJarDependencyLocator/]: Failed to load resource META-INF/jarjar/metadata.json from fabric-renderer-indigo-1.7.1+9125b6dc19.jar, it does not contain dependency information.
[15Aug2026 02:26:04.471] [main/TRACE] [net.neoforged.fml.loading.moddiscovery.locators.JarInJarDependencyLocator/]: Failed to load resource META-INF/jarjar/metadata.json from fabric-transitive-access-wideners-v1-6.2.0+6c854b6f19.jar, it does not contain dependency information.
[15Aug2026 02:26:04.471] [main/TRACE] [net.neoforged.fml.loading.moddiscovery.locators.JarInJarDependencyLocator/]: Failed to load resource META-INF/jarjar/metadata.json from fabric-item-api-v1-11.2.0+0c57911319.jar, it does not contain dependency information.
[15Aug2026 02:26:04.472] [main/TRACE] [net.neoforged.fml.loading.moddiscovery.locators.JarInJarDependencyLocator/]: Failed to load resource META-INF/jarjar/metadata.json from fabric-block-api-v1-1.1.0+b0c22bb819.jar, it does not contain dependency information.
[15Aug2026 02:26:04.472] [main/TRACE] [net.neoforged.fml.loading.moddiscovery.locators.JarInJarDependencyLocator/]: Failed to load resource META-INF/jarjar/metadata.json from kaleido-config-0.3.3+1.3.2.jar, it does not contain dependency information.
[15Aug2026 02:26:04.482] [main/DEBUG] [net.neoforged.fml.loading.moddiscovery.readers.JarModsDotTomlModFileReader/SCAN]: Found META-INF/neoforge.mods.toml mod of type null: 
[15Aug2026 02:26:04.482] [main/DEBUG] [net.neoforged.fml.loading.moddiscovery.ModFileParser/LOADING]: Considering mod file candidate 
[15Aug2026 02:26:04.483] [main/DEBUG] [net.neoforged.fml.loading.moddiscovery.ModFileInfo/LOADING]: Found valid mod file emberstextapi-neoforge-1.21.1-2.9.3.jar with {emberstextapi} mods - versions {2.9.3}
[15Aug2026 02:26:04.483] [main/TRACE] [net.neoforged.fml.loading.moddiscovery.locators.JarInJarDependencyLocator/]: Failed to load resource META-INF/jarjar/metadata.json from tiny-multiblock-lib-gbRIPDRZ.jar, it does not contain dependency information.
[15Aug2026 02:26:04.485] [main/DEBUG] [net.neoforged.fml.loading.moddiscovery.readers.JarModsDotTomlModFileReader/SCAN]: Found META-INF/neoforge.mods.toml mod of type null: 
[15Aug2026 02:26:04.485] [main/DEBUG] [net.neoforged.fml.loading.moddiscovery.ModFileParser/LOADING]: Considering mod file candidate 
[15Aug2026 02:26:04.486] [main/DEBUG] [net.neoforged.fml.loading.moddiscovery.ModFileInfo/LOADING]: Found valid mod file tiny-multiblock-lib-neo-1.21.1-3.0.jar with {tinymultiblocklib} mods - versions {3.0}
[15Aug2026 02:26:04.486] [main/TRACE] [net.neoforged.fml.loading.moddiscovery.locators.JarInJarDependencyLocator/]: Failed to load resource META-INF/jarjar/metadata.json from Registrate-MC1.21-1.3.0+67.jar, it does not contain dependency information.
[15Aug2026 02:26:04.486] [main/TRACE] [net.neoforged.fml.loading.moddiscovery.locators.JarInJarDependencyLocator/]: Failed to load resource META-INF/jarjar/metadata.json from flywheel-neoforge-1.21.1-1.0.6.jar, it does not contain dependency information.
[15Aug2026 02:26:04.486] [main/TRACE] [net.neoforged.fml.loading.moddiscovery.locators.JarInJarDependencyLocator/]: Failed to load resource META-INF/jarjar/metadata.json from ponder-neoforge-1.0.82+mc1.21.1.jar, it does not contain dependency information.
[15Aug2026 02:26:04.486] [main/TRACE] [net.neoforged.fml.loading.moddiscovery.locators.JarInJarDependencyLocator/]: Failed to load resource META-INF/jarjar/metadata.json from conditional-mixin-neoforge-0.6.4.jar, it does not contain dependency information.
[15Aug2026 02:26:04.486] [main/TRACE] [net.neoforged.fml.loading.moddiscovery.locators.JarInJarDependencyLocator/]: Failed to load resource META-INF/jarjar/metadata.json from shield-api-2.1.0-neoforge.jar, it does not contain dependency information.
[15Aug2026 02:26:04.486] [main/TRACE] [net.neoforged.fml.loading.moddiscovery.locators.JarInJarDependencyLocator/]: Failed to load resource META-INF/jarjar/metadata.json from jankson-1.2.3.jar, it does not contain dependency information.
[15Aug2026 02:26:04.486] [main/TRACE] [net.neoforged.fml.loading.moddiscovery.locators.JarInJarDependencyLocator/]: Failed to load resource META-INF/jarjar/metadata.json from tiny-config-3.1.0-neoforge.jar, it does not contain dependency information.
[15Aug2026 02:26:04.486] [main/TRACE] [net.neoforged.fml.loading.moddiscovery.locators.JarInJarDependencyLocator/]: Failed to load resource META-INF/jarjar/metadata.json from kotlin-reflect-2.3.0.jar, it does not contain dependency information.
[15Aug2026 02:26:04.486] [main/TRACE] [net.neoforged.fml.loading.moddiscovery.locators.JarInJarDependencyLocator/]: Failed to load resource META-INF/jarjar/metadata.json from kotlin-stdlib-2.3.0.jar, it does not contain dependency information.
[15Aug2026 02:26:04.486] [main/TRACE] [net.neoforged.fml.loading.moddiscovery.locators.JarInJarDependencyLocator/]: Failed to load resource META-INF/jarjar/metadata.json from kotlin-stdlib-jdk7-2.3.0.jar, it does not contain dependency information.
[15Aug2026 02:26:04.486] [main/TRACE] [net.neoforged.fml.loading.moddiscovery.locators.JarInJarDependencyLocator/]: Failed to load resource META-INF/jarjar/metadata.json from kotlin-stdlib-jdk8-2.3.0.jar, it does not contain dependency information.
[15Aug2026 02:26:04.486] [main/TRACE] [net.neoforged.fml.loading.moddiscovery.locators.JarInJarDependencyLocator/]: Failed to load resource META-INF/jarjar/metadata.json from kotlinx-coroutines-core-jvm-1.10.2.jar, it does not contain dependency information.
[15Aug2026 02:26:04.486] [main/TRACE] [net.neoforged.fml.loading.moddiscovery.locators.JarInJarDependencyLocator/]: Failed to load resource META-INF/jarjar/metadata.json from kotlinx-coroutines-jdk8-1.10.2.jar, it does not contain dependency information.
[15Aug2026 02:26:04.486] [main/TRACE] [net.neoforged.fml.loading.moddiscovery.locators.JarInJarDependencyLocator/]: Failed to load resource META-INF/jarjar/metadata.json from thedarkcolour.kfflang-5.11.0.jar, it does not contain dependency information.
[15Aug2026 02:26:04.486] [main/TRACE] [net.neoforged.fml.loading.moddiscovery.locators.JarInJarDependencyLocator/]: Failed to load resource META-INF/jarjar/metadata.json from thedarkcolour.kfflib-5.11.0.jar, it does not contain dependency information.
[15Aug2026 02:26:04.486] [main/TRACE] [net.neoforged.fml.loading.moddiscovery.locators.JarInJarDependencyLocator/]: Failed to load resource META-INF/jarjar/metadata.json from thedarkcolour.kffmod-5.11.0.jar, it does not contain dependency information.
[15Aug2026 02:26:04.486] [main/TRACE] [net.neoforged.fml.loading.moddiscovery.locators.JarInJarDependencyLocator/]: Failed to load resource META-INF/jarjar/metadata.json from kotlinx-serialization-core-jvm-1.9.0.jar, it does not contain dependency information.
[15Aug2026 02:26:04.486] [main/TRACE] [net.neoforged.fml.loading.moddiscovery.locators.JarInJarDependencyLocator/]: Failed to load resource META-INF/jarjar/metadata.json from kotlinx-serialization-json-jvm-1.9.0.jar, it does not contain dependency information.
[15Aug2026 02:26:04.486] [main/TRACE] [net.neoforged.fml.loading.moddiscovery.locators.JarInJarDependencyLocator/]: Failed to load resource META-INF/jarjar/metadata.json from jctools-core-4.0.5.jar, it does not contain dependency information.
[15Aug2026 02:26:04.486] [main/TRACE] [net.neoforged.fml.loading.moddiscovery.locators.JarInJarDependencyLocator/]: Failed to load resource META-INF/jarjar/metadata.json from endec-0.1.8.1.jar, it does not contain dependency information.
[15Aug2026 02:26:04.486] [main/TRACE] [net.neoforged.fml.loading.moddiscovery.locators.JarInJarDependencyLocator/]: Failed to load resource META-INF/jarjar/metadata.json from fabric-api-base-0.4.42+d1308dedd1.jar, it does not contain dependency information.
[15Aug2026 02:26:04.486] [main/TRACE] [net.neoforged.fml.loading.moddiscovery.locators.JarInJarDependencyLocator/]: Failed to load resource META-INF/jarjar/metadata.json from gson-0.1.5.1.jar, it does not contain dependency information.
[15Aug2026 02:26:04.486] [main/TRACE] [net.neoforged.fml.loading.moddiscovery.locators.JarInJarDependencyLocator/]: Failed to load resource META-INF/jarjar/metadata.json from jankson-0.1.5.1.jar, it does not contain dependency information.
[15Aug2026 02:26:04.486] [main/TRACE] [net.neoforged.fml.loading.moddiscovery.locators.JarInJarDependencyLocator/]: Failed to load resource META-INF/jarjar/metadata.json from jankson-1.2.2.jar, it does not contain dependency information.
[15Aug2026 02:26:04.486] [main/TRACE] [net.neoforged.fml.loading.moddiscovery.locators.JarInJarDependencyLocator/]: Failed to load resource META-INF/jarjar/metadata.json from netty-0.1.4.1.jar, it does not contain dependency information.
[15Aug2026 02:26:04.486] [main/TRACE] [net.neoforged.fml.loading.moddiscovery.locators.JarInJarDependencyLocator/]: Failed to load resource META-INF/jarjar/metadata.json from tiny-config-3.1.0-neoforge.jar, it does not contain dependency information.
[15Aug2026 02:26:04.486] [main/TRACE] [net.neoforged.fml.loading.moddiscovery.locators.JarInJarDependencyLocator/]: Failed to load resource META-INF/jarjar/metadata.json from bundle-api-1.1.0-neoforge.jar, it does not contain dependency information.
[15Aug2026 02:26:04.486] [main/TRACE] [net.neoforged.fml.loading.moddiscovery.locators.JarInJarDependencyLocator/]: Failed to load resource META-INF/jarjar/metadata.json from kuma-api-neoforge-21.0.7+1.21.jar, it does not contain dependency information.
[15Aug2026 02:26:04.486] [main/TRACE] [net.neoforged.fml.loading.moddiscovery.locators.JarInJarDependencyLocator/]: Failed to load resource META-INF/jarjar/metadata.json from net.caffeinemc.sodium-neoforge-0.6.13+mc1.21.1-service.jar, it does not contain dependency information.
[15Aug2026 02:26:04.487] [main/TRACE] [net.neoforged.fml.loading.moddiscovery.locators.JarInJarDependencyLocator/]: Failed to load resource META-INF/jarjar/metadata.json from fabric-api-base-0.4.42+d1308ded19.jar, it does not contain dependency information.
[15Aug2026 02:26:04.487] [main/TRACE] [net.neoforged.fml.loading.moddiscovery.locators.JarInJarDependencyLocator/]: Failed to load resource META-INF/jarjar/metadata.json from fabric-block-view-api-v2-1.0.10+9afaaf8c19.jar, it does not contain dependency information.
[15Aug2026 02:26:04.487] [main/TRACE] [net.neoforged.fml.loading.moddiscovery.locators.JarInJarDependencyLocator/]: Failed to load resource META-INF/jarjar/metadata.json from fabric-renderer-api-v1-3.4.0+9c40919e19.jar, it does not contain dependency information.
[15Aug2026 02:26:04.487] [main/TRACE] [net.neoforged.fml.loading.moddiscovery.locators.JarInJarDependencyLocator/]: Failed to load resource META-INF/jarjar/metadata.json from fabric-rendering-data-attachment-v1-0.3.48+73761d2e19.jar, it does not contain dependency information.
[15Aug2026 02:26:04.487] [main/TRACE] [net.neoforged.fml.loading.moddiscovery.locators.JarInJarDependencyLocator/]: Failed to load resource META-INF/jarjar/metadata.json from additionalentityattributes-2.0.0+1.21.1-neoforge.jar, it does not contain dependency information.
[15Aug2026 02:26:04.487] [main/TRACE] [net.neoforged.fml.loading.moddiscovery.locators.JarInJarDependencyLocator/]: Failed to load resource META-INF/jarjar/metadata.json from jgrapht-core-1.5.2.jar, it does not contain dependency information.
[15Aug2026 02:26:04.487] [main/TRACE] [net.neoforged.fml.loading.moddiscovery.locators.JarInJarDependencyLocator/]: Failed to load resource META-INF/jarjar/metadata.json from jheaps-0.14.jar, it does not contain dependency information.
[15Aug2026 02:26:04.487] [main/TRACE] [net.neoforged.fml.loading.moddiscovery.locators.JarInJarDependencyLocator/]: Failed to load resource META-INF/jarjar/metadata.json from apfloat-1.10.1.jar, it does not contain dependency information.
[15Aug2026 02:26:04.487] [main/TRACE] [net.neoforged.fml.loading.moddiscovery.locators.JarInJarDependencyLocator/]: Failed to load resource META-INF/jarjar/metadata.json from glsl-transformer-2.0.1.jar, it does not contain dependency information.
[15Aug2026 02:26:04.487] [main/TRACE] [net.neoforged.fml.loading.moddiscovery.locators.JarInJarDependencyLocator/]: Failed to load resource META-INF/jarjar/metadata.json from jcpp-1.4.14.jar, it does not contain dependency information.
[15Aug2026 02:26:04.487] [main/TRACE] [net.neoforged.fml.loading.moddiscovery.locators.JarInJarDependencyLocator/]: Failed to load resource META-INF/jarjar/metadata.json from fabric-api-base-0.4.42+d1308ded19.jar, it does not contain dependency information.
[15Aug2026 02:26:04.487] [main/TRACE] [net.neoforged.fml.loading.moddiscovery.locators.JarInJarDependencyLocator/]: Failed to load resource META-INF/jarjar/metadata.json from fabric-block-view-api-v2-1.0.10+9afaaf8c19.jar, it does not contain dependency information.
[15Aug2026 02:26:04.487] [main/TRACE] [net.neoforged.fml.loading.moddiscovery.locators.JarInJarDependencyLocator/]: Failed to load resource META-INF/jarjar/metadata.json from fabric-renderer-api-v1-3.4.0+acb05a3919.jar, it does not contain dependency information.
[15Aug2026 02:26:04.487] [main/TRACE] [net.neoforged.fml.loading.moddiscovery.locators.JarInJarDependencyLocator/]: Failed to load resource META-INF/jarjar/metadata.json from fabric-rendering-data-attachment-v1-0.3.48+73761d2e19.jar, it does not contain dependency information.
[15Aug2026 02:26:04.489] [main/TRACE] [net.neoforged.fml.loading.moddiscovery.locators.JarInJarDependencyLocator/]: Failed to load resource META-INF/jarjar/metadata.json from expandability-neoforge-12.0.0.jar, it does not contain dependency information.
[15Aug2026 02:26:04.490] [main/TRACE] [net.neoforged.fml.loading.moddiscovery.locators.JarInJarDependencyLocator/]: Failed to load resource META-INF/jarjar/metadata.json from snakeyaml-2.2.jar, it does not contain dependency information.
[15Aug2026 02:26:04.490] [main/TRACE] [net.neoforged.fml.loading.moddiscovery.locators.JarInJarDependencyLocator/]: Failed to load resource META-INF/jarjar/metadata.json from mixinextras-neoforge-0.4.1.jar, it does not contain dependency information.
[15Aug2026 02:26:04.490] [main/TRACE] [net.neoforged.fml.loading.moddiscovery.locators.JarInJarDependencyLocator/]: Failed to load resource META-INF/jarjar/metadata.json from iteminteractions-neoforge-21.1.4.jar, it does not contain dependency information.
[15Aug2026 02:26:04.490] [main/TRACE] [net.neoforged.fml.loading.moddiscovery.locators.JarInJarDependencyLocator/]: Failed to load resource META-INF/jarjar/metadata.json from commonmark-0.27.1.jar, it does not contain dependency information.
[15Aug2026 02:26:04.490] [main/TRACE] [net.neoforged.fml.loading.moddiscovery.locators.JarInJarDependencyLocator/]: Failed to load resource META-INF/jarjar/metadata.json from commonmark-ext-gfm-strikethrough-0.27.1.jar, it does not contain dependency information.
[15Aug2026 02:26:04.490] [main/TRACE] [net.neoforged.fml.loading.moddiscovery.locators.JarInJarDependencyLocator/]: Failed to load resource META-INF/jarjar/metadata.json from commonmark-ext-ins-0.27.1.jar, it does not contain dependency information.
[15Aug2026 02:26:04.490] [main/TRACE] [net.neoforged.fml.loading.moddiscovery.locators.JarInJarDependencyLocator/]: Failed to load resource META-INF/jarjar/metadata.json from velocity-native-3.4.0-SNAPSHOT.jar, it does not contain dependency information.
[15Aug2026 02:26:04.490] [main/TRACE] [net.neoforged.fml.loading.moddiscovery.locators.JarInJarDependencyLocator/]: Failed to load resource META-INF/jarjar/metadata.json from sewlia-config-1.0.0-20250810.044244-13.jar, it does not contain dependency information.
[15Aug2026 02:26:04.490] [main/TRACE] [net.neoforged.fml.loading.moddiscovery.locators.JarInJarDependencyLocator/]: Failed to load resource META-INF/jarjar/metadata.json from snakeyaml-2.4.jar, it does not contain dependency information.
[15Aug2026 02:26:04.490] [main/TRACE] [net.neoforged.fml.loading.moddiscovery.locators.JarInJarDependencyLocator/]: Failed to load resource META-INF/jarjar/metadata.json from tiny-config-3.1.0-neoforge.jar, it does not contain dependency information.
[15Aug2026 02:26:04.490] [main/TRACE] [net.neoforged.fml.loading.moddiscovery.locators.JarInJarDependencyLocator/]: Failed to load resource META-INF/jarjar/metadata.json from conditional-mixin-neoforge-0.6.4.jar, it does not contain dependency information.
[15Aug2026 02:26:04.490] [main/TRACE] [net.neoforged.fml.loading.moddiscovery.locators.JarInJarDependencyLocator/]: Failed to load resource META-INF/jarjar/metadata.json from japng-0.5.3.jar, it does not contain dependency information.
[15Aug2026 02:26:04.490] [main/TRACE] [net.neoforged.fml.loading.moddiscovery.locators.JarInJarDependencyLocator/]: Failed to load resource META-INF/jarjar/metadata.json from animated-gif-lib-for-java-animated-gif-lib-1.7.jar, it does not contain dependency information.
[15Aug2026 02:26:04.490] [main/TRACE] [net.neoforged.fml.loading.moddiscovery.locators.JarInJarDependencyLocator/]: Failed to load resource META-INF/jarjar/metadata.json from mixinextras-neoforge-0.5.3.jar, it does not contain dependency information.
[15Aug2026 02:26:04.490] [main/TRACE] [net.neoforged.fml.loading.moddiscovery.locators.JarInJarDependencyLocator/]: Failed to load resource META-INF/jarjar/metadata.json from net.neoforged.neoforge-coremods-21.1.248.jar, it does not contain dependency information.
[15Aug2026 02:26:04.490] [main/TRACE] [net.neoforged.fml.loading.moddiscovery.locators.JarInJarDependencyLocator/]: Failed to load resource META-INF/jarjar/metadata.json from shield-api-2.1.0-neoforge.jar, it does not contain dependency information.
[15Aug2026 02:26:04.491] [main/TRACE] [net.neoforged.fml.loading.moddiscovery.locators.JarInJarDependencyLocator/]: Failed to load resource META-INF/jarjar/metadata.json from TRansition-1.0.11-1.21.1-neoforge-SNAPSHOT.jar, it does not contain dependency information.
[15Aug2026 02:26:04.491] [main/TRACE] [net.neoforged.fml.loading.moddiscovery.locators.JarInJarDependencyLocator/]: Failed to load resource META-INF/jarjar/metadata.json from TRender-1.0.10-1.21.1-neoforge-SNAPSHOT.jar, it does not contain dependency information.
[15Aug2026 02:26:04.491] [main/TRACE] [net.neoforged.fml.loading.moddiscovery.locators.JarInJarDependencyLocator/]: Failed to load resource META-INF/jarjar/metadata.json from percale-neoforge-1.0.0-beta.1.jar, it does not contain dependency information.
[15Aug2026 02:26:04.491] [main/TRACE] [net.neoforged.fml.loading.moddiscovery.locators.JarInJarDependencyLocator/]: Failed to load resource META-INF/jarjar/metadata.json from mixinextras-neoforge-0.4.1.jar, it does not contain dependency information.
[15Aug2026 02:26:04.491] [main/TRACE] [net.neoforged.fml.loading.moddiscovery.locators.JarInJarDependencyLocator/]: Failed to load resource META-INF/jarjar/metadata.json from emberstextapi-neoforge-1.21.1-2.9.3.jar, it does not contain dependency information.
[15Aug2026 02:26:04.491] [main/TRACE] [net.neoforged.fml.loading.moddiscovery.locators.JarInJarDependencyLocator/]: Failed to load resource META-INF/jarjar/metadata.json from tiny-multiblock-lib-neo-1.21.1-3.0.jar, it does not contain dependency information.
[15Aug2026 02:26:04.491] [main/TRACE] [net.neoforged.fml.loading.moddiscovery.locators.JarInJarDependencyLocator/]: Failed to load resource META-INF/jarjar/metadata.json from MixinSquared-0.2.0-beta.6.jar, it does not contain dependency information.
[15Aug2026 02:26:04.528] [main/DEBUG] [net.neoforged.fml.loading.moddiscovery.readers.JarModsDotTomlModFileReader/SCAN]: Found META-INF/neoforge.mods.toml mod of type null: 
[15Aug2026 02:26:04.528] [main/DEBUG] [net.neoforged.fml.loading.moddiscovery.ModFileParser/LOADING]: Considering mod file candidate 
[15Aug2026 02:26:04.529] [main/DEBUG] [net.neoforged.fml.loading.moddiscovery.ModFileInfo/LOADING]: Found valid mod file fabric-gametest-api-v1-2.0.5+29f188ce19.jar with {fabric_gametest_api_v1} mods - versions {2.0.5+29f188ce19}
[15Aug2026 02:26:04.531] [main/DEBUG] [net.neoforged.fml.loading.moddiscovery.readers.JarModsDotTomlModFileReader/SCAN]: Found META-INF/neoforge.mods.toml mod of type null: 
[15Aug2026 02:26:04.531] [main/DEBUG] [net.neoforged.fml.loading.moddiscovery.ModFileParser/LOADING]: Considering mod file candidate 
[15Aug2026 02:26:04.531] [main/DEBUG] [net.neoforged.fml.loading.moddiscovery.ModFileInfo/LOADING]: Found valid mod file fabric-block-api-v1-1.1.0+b0c22bb819.jar with {fabric_block_api_v1} mods - versions {1.1.0+b0c22bb819}
[15Aug2026 02:26:04.533] [main/DEBUG] [net.neoforged.fml.loading.moddiscovery.readers.JarModsDotTomlModFileReader/SCAN]: Found META-INF/neoforge.mods.toml mod of type null: 
[15Aug2026 02:26:04.533] [main/DEBUG] [net.neoforged.fml.loading.moddiscovery.ModFileParser/LOADING]: Considering mod file candidate 
[15Aug2026 02:26:04.533] [main/DEBUG] [net.neoforged.fml.loading.moddiscovery.ModFileInfo/LOADING]: Found valid mod file fabric-data-generation-api-v1-20.2.34+a4c3605619.jar with {fabric_data_generation_api_v1} mods - versions {20.2.34+a4c3605619}
[15Aug2026 02:26:04.534] [main/DEBUG] [net.neoforged.fml.loading.moddiscovery.readers.JarModsDotTomlModFileReader/SCAN]: Found META-INF/MANIFEST.MF mod of type LIBRARY: 
[15Aug2026 02:26:04.535] [main/DEBUG] [net.neoforged.fml.loading.moddiscovery.readers.JarModsDotTomlModFileReader/SCAN]: Found META-INF/neoforge.mods.toml mod of type null: 
[15Aug2026 02:26:04.535] [main/DEBUG] [net.neoforged.fml.loading.moddiscovery.ModFileParser/LOADING]: Considering mod file candidate 
[15Aug2026 02:26:04.535] [main/DEBUG] [net.neoforged.fml.loading.moddiscovery.ModFileInfo/LOADING]: Found valid mod file fabric-key-binding-api-v1-1.0.47+62cc7ce119.jar with {fabric_key_binding_api_v1} mods - versions {1.0.47+62cc7ce119}
[15Aug2026 02:26:04.536] [main/DEBUG] [net.neoforged.fml.loading.moddiscovery.readers.JarModsDotTomlModFileReader/SCAN]: Found META-INF/neoforge.mods.toml mod of type null: 
[15Aug2026 02:26:04.536] [main/DEBUG] [net.neoforged.fml.loading.moddiscovery.ModFileParser/LOADING]: Considering mod file candidate 
[15Aug2026 02:26:04.537] [main/DEBUG] [net.neoforged.fml.loading.moddiscovery.ModFileInfo/LOADING]: Found valid mod file fabric-item-api-v1-11.2.0+0c57911319.jar with {fabric_item_api_v1} mods - versions {11.2.0+0c57911319}
[15Aug2026 02:26:04.537] [main/DEBUG] [net.neoforged.fml.loading.moddiscovery.readers.JarModsDotTomlModFileReader/SCAN]: Found META-INF/neoforge.mods.toml mod of type null: 
[15Aug2026 02:26:04.537] [main/DEBUG] [net.neoforged.fml.loading.moddiscovery.ModFileParser/LOADING]: Considering mod file candidate 
[15Aug2026 02:26:04.538] [main/DEBUG] [net.neoforged.fml.loading.moddiscovery.ModFileInfo/LOADING]: Found valid mod file fabric-content-registries-v0-8.0.19+5e0d320019.jar with {fabric_content_registries_v0} mods - versions {8.0.19+5e0d320019}
[15Aug2026 02:26:04.541] [main/DEBUG] [net.neoforged.fml.loading.moddiscovery.readers.JarModsDotTomlModFileReader/SCAN]: Found META-INF/neoforge.mods.toml mod of type null: 
[15Aug2026 02:26:04.541] [main/DEBUG] [net.neoforged.fml.loading.moddiscovery.ModFileParser/LOADING]: Considering mod file candidate 
[15Aug2026 02:26:04.542] [main/DEBUG] [net.neoforged.fml.loading.moddiscovery.ModFileInfo/LOADING]: Found valid mod file fabric-game-rule-api-v1-1.0.53+36d727be19.jar with {fabric_game_rule_api_v1} mods - versions {1.0.53+36d727be19}
[15Aug2026 02:26:04.554] [main/DEBUG] [net.neoforged.fml.loading.moddiscovery.readers.JarModsDotTomlModFileReader/SCAN]: Found META-INF/neoforge.mods.toml mod of type null: 
[15Aug2026 02:26:04.554] [main/DEBUG] [net.neoforged.fml.loading.moddiscovery.ModFileParser/LOADING]: Considering mod file candidate 
[15Aug2026 02:26:04.554] [main/DEBUG] [net.neoforged.fml.loading.moddiscovery.ModFileInfo/LOADING]: Found valid mod file flywheel-neoforge-1.21.1-1.0.6.jar with {flywheel} mods - versions {1.0.6}
[15Aug2026 02:26:04.555] [main/DEBUG] [net.neoforged.fml.loading.moddiscovery.readers.JarModsDotTomlModFileReader/SCAN]: Found META-INF/neoforge.mods.toml mod of type null: 
[15Aug2026 02:26:04.555] [main/DEBUG] [net.neoforged.fml.loading.moddiscovery.ModFileParser/LOADING]: Considering mod file candidate 
[15Aug2026 02:26:04.555] [main/DEBUG] [net.neoforged.fml.loading.moddiscovery.ModFileInfo/LOADING]: Found valid mod file fabric-registry-sync-v0-5.3.1+f9aace1619.jar with {fabric_registry_sync_v0} mods - versions {5.3.1+f9aace1619}
[15Aug2026 02:26:04.571] [main/DEBUG] [net.neoforged.fml.loading.moddiscovery.readers.JarModsDotTomlModFileReader/SCAN]: Found META-INF/MANIFEST.MF mod of type LIBRARY: 
[15Aug2026 02:26:04.572] [main/DEBUG] [net.neoforged.fml.loading.moddiscovery.readers.JarModsDotTomlModFileReader/SCAN]: Found META-INF/neoforge.mods.toml mod of type null: 
[15Aug2026 02:26:04.572] [main/DEBUG] [net.neoforged.fml.loading.moddiscovery.ModFileParser/LOADING]: Considering mod file candidate 
[15Aug2026 02:26:04.572] [main/DEBUG] [net.neoforged.fml.loading.moddiscovery.ModFileInfo/LOADING]: Found valid mod file fabric-recipe-api-v1-5.0.15+59440bcc19.jar with {fabric_recipe_api_v1} mods - versions {5.0.15+59440bcc19}
[15Aug2026 02:26:04.573] [main/DEBUG] [net.neoforged.fml.loading.moddiscovery.readers.JarModsDotTomlModFileReader/SCAN]: Found META-INF/neoforge.mods.toml mod of type null: 
[15Aug2026 02:26:04.573] [main/DEBUG] [net.neoforged.fml.loading.moddiscovery.ModFileParser/LOADING]: Considering mod file candidate 
[15Aug2026 02:26:04.574] [main/DEBUG] [net.neoforged.fml.loading.moddiscovery.ModFileInfo/LOADING]: Found valid mod file fabric-renderer-api-v1-3.4.1+9125b6dc19.jar with {fabric_renderer_api_v1} mods - versions {3.4.1+9125b6dc19}
[15Aug2026 02:26:04.574] [main/DEBUG] [net.neoforged.fml.loading.moddiscovery.readers.JarModsDotTomlModFileReader/SCAN]: Found META-INF/neoforge.mods.toml mod of type null: 
[15Aug2026 02:26:04.574] [main/DEBUG] [net.neoforged.fml.loading.moddiscovery.ModFileParser/LOADING]: Considering mod file candidate 
[15Aug2026 02:26:04.575] [main/DEBUG] [net.neoforged.fml.loading.moddiscovery.ModFileInfo/LOADING]: Found valid mod file fabric-loot-api-v3-1.0.3+333dfad919.jar with {fabric_loot_api_v3} mods - versions {1.0.3+333dfad919}
[15Aug2026 02:26:04.576] [main/DEBUG] [net.neoforged.fml.loading.moddiscovery.readers.JarModsDotTomlModFileReader/SCAN]: Found META-INF/neoforge.mods.toml mod of type null: 
[15Aug2026 02:26:04.576] [main/DEBUG] [net.neoforged.fml.loading.moddiscovery.ModFileParser/LOADING]: Considering mod file candidate 
[15Aug2026 02:26:04.577] [main/DEBUG] [net.neoforged.fml.loading.moddiscovery.ModFileInfo/LOADING]: Found valid mod file percale-neoforge-1.0.0-beta.1.jar with {percale} mods - versions {1.0.0-beta.1}
[15Aug2026 02:26:04.577] [main/DEBUG] [net.neoforged.fml.loading.moddiscovery.readers.JarModsDotTomlModFileReader/SCAN]: Found META-INF/neoforge.mods.toml mod of type null: 
[15Aug2026 02:26:04.577] [main/DEBUG] [net.neoforged.fml.loading.moddiscovery.ModFileParser/LOADING]: Considering mod file candidate 
[15Aug2026 02:26:04.578] [main/DEBUG] [net.neoforged.fml.loading.moddiscovery.ModFileInfo/LOADING]: Found valid mod file thedarkcolour.kffmod-5.11.0.jar with {kotlinforforge} mods - versions {5.11.0}
[15Aug2026 02:26:04.578] [main/DEBUG] [net.neoforged.fml.loading.moddiscovery.readers.JarModsDotTomlModFileReader/SCAN]: Found META-INF/neoforge.mods.toml mod of type null: 
[15Aug2026 02:26:04.578] [main/DEBUG] [net.neoforged.fml.loading.moddiscovery.ModFileParser/LOADING]: Considering mod file candidate 
[15Aug2026 02:26:04.579] [main/DEBUG] [net.neoforged.fml.loading.moddiscovery.ModFileInfo/LOADING]: Found valid mod file fabric-blockrenderlayer-v1-1.1.52+c290471319.jar with {fabric_blockrenderlayer_v1} mods - versions {1.1.52+c290471319}
[15Aug2026 02:26:04.591] [main/DEBUG] [net.neoforged.fml.loading.moddiscovery.readers.JarModsDotTomlModFileReader/SCAN]: Found META-INF/neoforge.mods.toml mod of type null: 
[15Aug2026 02:26:04.591] [main/DEBUG] [net.neoforged.fml.loading.moddiscovery.ModFileParser/LOADING]: Considering mod file candidate 
[15Aug2026 02:26:04.593] [main/DEBUG] [net.neoforged.fml.loading.moddiscovery.ModFileInfo/LOADING]: Found valid mod file fabric-networking-api-v1-4.3.0+30a980d919.jar with {fabric_networking_api_v1} mods - versions {4.3.0+30a980d919}
[15Aug2026 02:26:04.598] [main/DEBUG] [net.neoforged.fml.loading.moddiscovery.readers.JarModsDotTomlModFileReader/SCAN]: Found META-INF/neoforge.mods.toml mod of type null: 
[15Aug2026 02:26:04.598] [main/DEBUG] [net.neoforged.fml.loading.moddiscovery.ModFileParser/LOADING]: Considering mod file candidate 
[15Aug2026 02:26:04.598] [main/DEBUG] [net.neoforged.fml.loading.moddiscovery.ModFileInfo/LOADING]: Found valid mod file libtooltips-5J15zxaI.jar with {libtooltips} mods - versions {1.6}
[15Aug2026 02:26:04.600] [main/DEBUG] [net.neoforged.fml.loading.moddiscovery.readers.JarModsDotTomlModFileReader/SCAN]: Found META-INF/neoforge.mods.toml mod of type null: 
[15Aug2026 02:26:04.601] [main/DEBUG] [net.neoforged.fml.loading.moddiscovery.ModFileParser/LOADING]: Considering mod file candidate 
[15Aug2026 02:26:04.601] [main/DEBUG] [net.neoforged.fml.loading.moddiscovery.ModFileInfo/LOADING]: Found valid mod file fabric-object-builder-api-v1-15.2.1+cc242efd19.jar with {fabric_object_builder_api_v1} mods - versions {15.2.1+cc242efd19}
[15Aug2026 02:26:04.602] [main/DEBUG] [net.neoforged.fml.loading.moddiscovery.readers.JarModsDotTomlModFileReader/SCAN]: Found META-INF/neoforge.mods.toml mod of type null: 
[15Aug2026 02:26:04.602] [main/DEBUG] [net.neoforged.fml.loading.moddiscovery.ModFileParser/LOADING]: Considering mod file candidate 
[15Aug2026 02:26:04.603] [main/DEBUG] [net.neoforged.fml.loading.moddiscovery.ModFileInfo/LOADING]: Found valid mod file fabric-command-api-v2-2.2.28+36d727be19.jar with {fabric_command_api_v2} mods - versions {2.2.28+36d727be19}
[15Aug2026 02:26:04.604] [main/DEBUG] [net.neoforged.fml.loading.moddiscovery.readers.JarModsDotTomlModFileReader/SCAN]: Found META-INF/MANIFEST.MF mod of type GAMELIBRARY: 
[15Aug2026 02:26:04.610] [main/DEBUG] [net.neoforged.fml.loading.moddiscovery.readers.JarModsDotTomlModFileReader/SCAN]: Found META-INF/neoforge.mods.toml mod of type null: 
[15Aug2026 02:26:04.610] [main/DEBUG] [net.neoforged.fml.loading.moddiscovery.ModFileParser/LOADING]: Considering mod file candidate 
[15Aug2026 02:26:04.610] [main/DEBUG] [net.neoforged.fml.loading.moddiscovery.ModFileInfo/LOADING]: Found valid mod file emberstextapi-neoforge-1.21.1-2.9.3.jar with {emberstextapi} mods - versions {2.9.3}
[15Aug2026 02:26:04.611] [main/DEBUG] [net.neoforged.fml.loading.moddiscovery.readers.JarModsDotTomlModFileReader/SCAN]: Found META-INF/neoforge.mods.toml mod of type null: 
[15Aug2026 02:26:04.611] [main/DEBUG] [net.neoforged.fml.loading.moddiscovery.ModFileParser/LOADING]: Considering mod file candidate 
[15Aug2026 02:26:04.612] [main/DEBUG] [net.neoforged.fml.loading.moddiscovery.ModFileInfo/LOADING]: Found valid mod file fabric-rendering-fluids-v1-3.1.6+a51883b219.jar with {fabric_rendering_fluids_v1} mods - versions {3.1.6+a51883b219}
[15Aug2026 02:26:04.613] [main/DEBUG] [net.neoforged.fml.loading.moddiscovery.readers.JarModsDotTomlModFileReader/SCAN]: Found META-INF/neoforge.mods.toml mod of type null: 
[15Aug2026 02:26:04.613] [main/DEBUG] [net.neoforged.fml.loading.moddiscovery.ModFileParser/LOADING]: Considering mod file candidate 
[15Aug2026 02:26:04.613] [main/DEBUG] [net.neoforged.fml.loading.moddiscovery.ModFileInfo/LOADING]: Found valid mod file fabric-message-api-v1-6.0.14+6a754fce19.jar with {fabric_message_api_v1} mods - versions {6.0.14+6a754fce19}
[15Aug2026 02:26:04.614] [main/DEBUG] [net.neoforged.fml.loading.moddiscovery.readers.JarModsDotTomlModFileReader/SCAN]: Found META-INF/neoforge.mods.toml mod of type null: 
[15Aug2026 02:26:04.614] [main/DEBUG] [net.neoforged.fml.loading.moddiscovery.ModFileParser/LOADING]: Considering mod file candidate 
[15Aug2026 02:26:04.615] [main/DEBUG] [net.neoforged.fml.loading.moddiscovery.ModFileInfo/LOADING]: Found valid mod file fabric-lifecycle-events-v1-2.6.0+e40d8add19.jar with {fabric_lifecycle_events_v1} mods - versions {2.6.0+e40d8add19}
[15Aug2026 02:26:04.619] [main/DEBUG] [net.neoforged.fml.loading.moddiscovery.readers.JarModsDotTomlModFileReader/SCAN]: Found META-INF/neoforge.mods.toml mod of type null: 
[15Aug2026 02:26:04.620] [main/DEBUG] [net.neoforged.fml.loading.moddiscovery.ModFileParser/LOADING]: Considering mod file candidate 
[15Aug2026 02:26:04.620] [main/DEBUG] [net.neoforged.fml.loading.moddiscovery.ModFileInfo/LOADING]: Found valid mod file fabric-convention-tags-v1-2.1.5+7f945d5b19.jar with {fabric_convention_tags_v1} mods - versions {2.1.5+7f945d5b19}
[15Aug2026 02:26:04.621] [main/DEBUG] [net.neoforged.fml.loading.moddiscovery.readers.JarModsDotTomlModFileReader/SCAN]: Found META-INF/neoforge.mods.toml mod of type null: 
[15Aug2026 02:26:04.621] [main/DEBUG] [net.neoforged.fml.loading.moddiscovery.ModFileParser/LOADING]: Considering mod file candidate 
[15Aug2026 02:26:04.622] [main/DEBUG] [net.neoforged.fml.loading.moddiscovery.ModFileInfo/LOADING]: Found valid mod file fabric-data-attachment-api-v1-1.4.5+26d408aa19.jar with {fabric_data_attachment_api_v1} mods - versions {1.4.5+26d408aa19}
[15Aug2026 02:26:04.622] [main/DEBUG] [net.neoforged.fml.loading.moddiscovery.readers.JarModsDotTomlModFileReader/SCAN]: Found META-INF/neoforge.mods.toml mod of type null: 
[15Aug2026 02:26:04.622] [main/DEBUG] [net.neoforged.fml.loading.moddiscovery.ModFileParser/LOADING]: Considering mod file candidate 
[15Aug2026 02:26:04.623] [main/DEBUG] [net.neoforged.fml.loading.moddiscovery.ModFileInfo/LOADING]: Found valid mod file fabric-particles-v1-4.0.2+824f924c19.jar with {fabric_particles_v1} mods - versions {4.0.2+824f924c19}
[15Aug2026 02:26:04.663] [main/DEBUG] [net.neoforged.fml.loading.moddiscovery.readers.JarModsDotTomlModFileReader/SCAN]: Found META-INF/neoforge.mods.toml mod of type null: 
[15Aug2026 02:26:04.663] [main/DEBUG] [net.neoforged.fml.loading.moddiscovery.ModFileParser/LOADING]: Considering mod file candidate 
[15Aug2026 02:26:04.665] [main/DEBUG] [net.neoforged.fml.loading.moddiscovery.ModFileInfo/LOADING]: Found valid mod file TRender-1.0.10-1.21.1-neoforge-SNAPSHOT.jar with {trender} mods - versions {1.0.10}
[15Aug2026 02:26:04.666] [main/DEBUG] [net.neoforged.fml.loading.moddiscovery.readers.JarModsDotTomlModFileReader/SCAN]: Found META-INF/MANIFEST.MF mod of type GAMELIBRARY: 
[15Aug2026 02:26:04.673] [main/DEBUG] [net.neoforged.fml.loading.moddiscovery.readers.JarModsDotTomlModFileReader/SCAN]: Found META-INF/MANIFEST.MF mod of type GAMELIBRARY: 
[15Aug2026 02:26:04.674] [main/DEBUG] [net.neoforged.fml.loading.moddiscovery.readers.JarModsDotTomlModFileReader/SCAN]: Found META-INF/neoforge.mods.toml mod of type null: 
[15Aug2026 02:26:04.674] [main/DEBUG] [net.neoforged.fml.loading.moddiscovery.ModFileParser/LOADING]: Considering mod file candidate 
[15Aug2026 02:26:04.675] [main/DEBUG] [net.neoforged.fml.loading.moddiscovery.ModFileInfo/LOADING]: Found valid mod file fabric-resource-conditions-api-v1-4.3.0+5bdd099819.jar with {fabric_resource_conditions_api_v1} mods - versions {4.3.0+5bdd099819}
[15Aug2026 02:26:04.681] [main/DEBUG] [net.neoforged.fml.loading.moddiscovery.readers.JarModsDotTomlModFileReader/SCAN]: Found META-INF/neoforge.mods.toml mod of type null: 
[15Aug2026 02:26:04.682] [main/DEBUG] [net.neoforged.fml.loading.moddiscovery.ModFileParser/LOADING]: Considering mod file candidate 
[15Aug2026 02:26:04.682] [main/DEBUG] [net.neoforged.fml.loading.moddiscovery.ModFileInfo/LOADING]: Found valid mod file ponder-neoforge-1.0.82+mc1.21.1.jar with {ponder} mods - versions {1.0.82+mc1.21.1}
[15Aug2026 02:26:04.683] [main/DEBUG] [net.neoforged.fml.loading.moddiscovery.readers.JarModsDotTomlModFileReader/SCAN]: Found META-INF/neoforge.mods.toml mod of type null: 
[15Aug2026 02:26:04.683] [main/DEBUG] [net.neoforged.fml.loading.moddiscovery.ModFileParser/LOADING]: Considering mod file candidate 
[15Aug2026 02:26:04.683] [main/DEBUG] [net.neoforged.fml.loading.moddiscovery.ModFileInfo/LOADING]: Found valid mod file fabric-resource-loader-v0-1.3.1+4ea8954419.jar with {fabric_resource_loader_v0} mods - versions {1.3.1+4ea8954419}
[15Aug2026 02:26:04.685] [main/DEBUG] [net.neoforged.fml.loading.moddiscovery.readers.JarModsDotTomlModFileReader/SCAN]: Found META-INF/neoforge.mods.toml mod of type null: 
[15Aug2026 02:26:04.685] [main/DEBUG] [net.neoforged.fml.loading.moddiscovery.ModFileParser/LOADING]: Considering mod file candidate 
[15Aug2026 02:26:04.686] [main/DEBUG] [net.neoforged.fml.loading.moddiscovery.ModFileInfo/LOADING]: Found valid mod file iteminteractions-neoforge-21.1.4.jar with {iteminteractions} mods - versions {21.1.4}
[15Aug2026 02:26:04.686] [main/DEBUG] [net.neoforged.fml.loading.moddiscovery.readers.JarModsDotTomlModFileReader/SCAN]: Found META-INF/neoforge.mods.toml mod of type null: 
[15Aug2026 02:26:04.686] [main/DEBUG] [net.neoforged.fml.loading.moddiscovery.ModFileParser/LOADING]: Considering mod file candidate 
[15Aug2026 02:26:04.687] [main/DEBUG] [net.neoforged.fml.loading.moddiscovery.ModFileInfo/LOADING]: Found valid mod file additionalentityattributes-2.0.0+1.21.1-neoforge.jar with {additionalentityattributes} mods - versions {2.0.0+1.21.1}
[15Aug2026 02:26:04.687] [main/DEBUG] [net.neoforged.fml.loading.moddiscovery.readers.JarModsDotTomlModFileReader/SCAN]: Found META-INF/neoforge.mods.toml mod of type null: 
[15Aug2026 02:26:04.687] [main/DEBUG] [net.neoforged.fml.loading.moddiscovery.ModFileParser/LOADING]: Considering mod file candidate 
[15Aug2026 02:26:04.688] [main/DEBUG] [net.neoforged.fml.loading.moddiscovery.ModFileInfo/LOADING]: Found valid mod file fabric-item-group-api-v1-4.1.7+e324903319.jar with {fabric_item_group_api_v1} mods - versions {4.1.7+e324903319}
[15Aug2026 02:26:04.693] [main/DEBUG] [net.neoforged.fml.loading.moddiscovery.readers.JarModsDotTomlModFileReader/SCAN]: Found META-INF/neoforge.mods.toml mod of type null: 
[15Aug2026 02:26:04.693] [main/DEBUG] [net.neoforged.fml.loading.moddiscovery.ModFileParser/LOADING]: Considering mod file candidate 
[15Aug2026 02:26:04.694] [main/DEBUG] [net.neoforged.fml.loading.moddiscovery.ModFileInfo/LOADING]: Found valid mod file kuma-api-neoforge-21.0.7+1.21.jar with {kuma_api} mods - versions {21.0.7}
[15Aug2026 02:26:04.698] [main/DEBUG] [net.neoforged.fml.loading.moddiscovery.readers.JarModsDotTomlModFileReader/SCAN]: Found META-INF/neoforge.mods.toml mod of type null: 
[15Aug2026 02:26:04.698] [main/DEBUG] [net.neoforged.fml.loading.moddiscovery.ModFileParser/LOADING]: Considering mod file candidate 
[15Aug2026 02:26:04.698] [main/DEBUG] [net.neoforged.fml.loading.moddiscovery.ModFileInfo/LOADING]: Found valid mod file conditional-mixin-neoforge-0.6.4.jar with {conditional_mixin} mods - versions {0.6.4}
[15Aug2026 02:26:04.701] [main/DEBUG] [net.neoforged.fml.loading.moddiscovery.readers.JarModsDotTomlModFileReader/SCAN]: Found META-INF/neoforge.mods.toml mod of type null: 
[15Aug2026 02:26:04.701] [main/DEBUG] [net.neoforged.fml.loading.moddiscovery.ModFileParser/LOADING]: Considering mod file candidate 
[15Aug2026 02:26:04.701] [main/DEBUG] [net.neoforged.fml.loading.moddiscovery.ModFileInfo/LOADING]: Found valid mod file wds-selling-bin-nrGOzmNu.jar with {selling_bin} mods - versions {1.4.1-NEOFORGE-1.21.1}
[15Aug2026 02:26:04.702] [main/DEBUG] [net.neoforged.fml.loading.moddiscovery.readers.JarModsDotTomlModFileReader/SCAN]: Found META-INF/neoforge.mods.toml mod of type null: 
[15Aug2026 02:26:04.702] [main/DEBUG] [net.neoforged.fml.loading.moddiscovery.ModFileParser/LOADING]: Considering mod file candidate 
[15Aug2026 02:26:04.702] [main/DEBUG] [net.neoforged.fml.loading.moddiscovery.ModFileInfo/LOADING]: Found valid mod file fabric-loot-api-v2-3.0.15+a3ee712d19.jar with {fabric_loot_api_v2} mods - versions {3.0.15+a3ee712d19}
[15Aug2026 02:26:04.703] [main/DEBUG] [net.neoforged.fml.loading.moddiscovery.readers.JarModsDotTomlModFileReader/SCAN]: Found META-INF/neoforge.mods.toml mod of type null: 
[15Aug2026 02:26:04.703] [main/DEBUG] [net.neoforged.fml.loading.moddiscovery.ModFileParser/LOADING]: Considering mod file candidate 
[15Aug2026 02:26:04.704] [main/DEBUG] [net.neoforged.fml.loading.moddiscovery.ModFileInfo/LOADING]: Found valid mod file bundle-api-1.1.0-neoforge.jar with {bundleapi} mods - versions {1.1.0}
[15Aug2026 02:26:04.705] [main/DEBUG] [net.neoforged.fml.loading.moddiscovery.readers.JarModsDotTomlModFileReader/SCAN]: Found META-INF/neoforge.mods.toml mod of type null: 
[15Aug2026 02:26:04.705] [main/DEBUG] [net.neoforged.fml.loading.moddiscovery.ModFileParser/LOADING]: Considering mod file candidate 
[15Aug2026 02:26:04.705] [main/DEBUG] [net.neoforged.fml.loading.moddiscovery.ModFileInfo/LOADING]: Found valid mod file fabric-model-loading-api-v1-2.1.0+6e8f52c719.jar with {fabric_model_loading_api_v1} mods - versions {2.1.0+6e8f52c719}
[15Aug2026 02:26:04.706] [main/DEBUG] [net.neoforged.fml.loading.moddiscovery.readers.JarModsDotTomlModFileReader/SCAN]: Found META-INF/MANIFEST.MF mod of type GAMELIBRARY: 
[15Aug2026 02:26:04.707] [main/DEBUG] [net.neoforged.fml.loading.moddiscovery.readers.JarModsDotTomlModFileReader/SCAN]: Found META-INF/neoforge.mods.toml mod of type null: 
[15Aug2026 02:26:04.707] [main/DEBUG] [net.neoforged.fml.loading.moddiscovery.ModFileParser/LOADING]: Considering mod file candidate 
[15Aug2026 02:26:04.708] [main/DEBUG] [net.neoforged.fml.loading.moddiscovery.ModFileInfo/LOADING]: Found valid mod file fabric-screen-handler-api-v1-1.3.90+8dbc56dd19.jar with {fabric_screen_handler_api_v1} mods - versions {1.3.90+8dbc56dd19}
[15Aug2026 02:26:04.708] [main/DEBUG] [net.neoforged.fml.loading.moddiscovery.readers.JarModsDotTomlModFileReader/SCAN]: Found META-INF/neoforge.mods.toml mod of type null: 
[15Aug2026 02:26:04.709] [main/DEBUG] [net.neoforged.fml.loading.moddiscovery.ModFileParser/LOADING]: Considering mod file candidate 
[15Aug2026 02:26:04.709] [main/DEBUG] [net.neoforged.fml.loading.moddiscovery.ModFileInfo/LOADING]: Found valid mod file fabric-screen-api-v1-2.0.25+0ae1214819.jar with {fabric_screen_api_v1} mods - versions {2.0.25+0ae1214819}
[15Aug2026 02:26:04.712] [main/DEBUG] [net.neoforged.fml.loading.moddiscovery.readers.JarModsDotTomlModFileReader/SCAN]: Found META-INF/neoforge.mods.toml mod of type null: 
[15Aug2026 02:26:04.712] [main/DEBUG] [net.neoforged.fml.loading.moddiscovery.ModFileParser/LOADING]: Considering mod file candidate 
[15Aug2026 02:26:04.712] [main/DEBUG] [net.neoforged.fml.loading.moddiscovery.ModFileInfo/LOADING]: Found valid mod file fabric-convention-tags-v2-2.11.1+87e5848019.jar with {fabric_convention_tags_v2} mods - versions {2.11.1+87e5848019}
[15Aug2026 02:26:04.713] [main/DEBUG] [net.neoforged.fml.loading.moddiscovery.readers.JarModsDotTomlModFileReader/SCAN]: Found META-INF/neoforge.mods.toml mod of type null: 
[15Aug2026 02:26:04.713] [main/DEBUG] [net.neoforged.fml.loading.moddiscovery.ModFileParser/LOADING]: Considering mod file candidate 
[15Aug2026 02:26:04.713] [main/DEBUG] [net.neoforged.fml.loading.moddiscovery.ModFileInfo/LOADING]: Found valid mod file conditional-mixin-neoforge-0.6.4.jar with {conditional_mixin} mods - versions {0.6.4}
[15Aug2026 02:26:04.714] [main/DEBUG] [net.neoforged.fml.loading.moddiscovery.readers.JarModsDotTomlModFileReader/SCAN]: Found META-INF/MANIFEST.MF mod of type LIBRARY: 
[15Aug2026 02:26:04.715] [main/DEBUG] [net.neoforged.fml.loading.moddiscovery.readers.JarModsDotTomlModFileReader/SCAN]: Found META-INF/neoforge.mods.toml mod of type null: 
[15Aug2026 02:26:04.715] [main/DEBUG] [net.neoforged.fml.loading.moddiscovery.ModFileParser/LOADING]: Considering mod file candidate 
[15Aug2026 02:26:04.715] [main/DEBUG] [net.neoforged.fml.loading.moddiscovery.ModFileInfo/LOADING]: Found valid mod file fabric-api-base-0.4.42+d1308dedd1.jar with {fabric_api_base} mods - versions {0.4.42+d1308dedd1}
[15Aug2026 02:26:04.716] [main/DEBUG] [net.neoforged.fml.loading.moddiscovery.readers.JarModsDotTomlModFileReader/SCAN]: Found META-INF/neoforge.mods.toml mod of type null: 
[15Aug2026 02:26:04.716] [main/DEBUG] [net.neoforged.fml.loading.moddiscovery.ModFileParser/LOADING]: Considering mod file candidate 
[15Aug2026 02:26:04.716] [main/DEBUG] [net.neoforged.fml.loading.moddiscovery.ModFileInfo/LOADING]: Found valid mod file fabric-sound-api-v1-1.0.23+10b84f8419.jar with {fabric_sound_api_v1} mods - versions {1.0.23+10b84f8419}
[15Aug2026 02:26:04.717] [main/DEBUG] [net.neoforged.fml.loading.moddiscovery.readers.JarModsDotTomlModFileReader/SCAN]: Found META-INF/neoforge.mods.toml mod of type null: 
[15Aug2026 02:26:04.717] [main/DEBUG] [net.neoforged.fml.loading.moddiscovery.ModFileParser/LOADING]: Considering mod file candidate 
[15Aug2026 02:26:04.718] [main/DEBUG] [net.neoforged.fml.loading.moddiscovery.ModFileInfo/LOADING]: Found valid mod file fabric-renderer-indigo-1.7.1+9125b6dc19.jar with {fabric_renderer_indigo} mods - versions {1.7.1+9125b6dc19}
[15Aug2026 02:26:04.723] [main/DEBUG] [net.neoforged.fml.loading.moddiscovery.readers.JarModsDotTomlModFileReader/SCAN]: Found META-INF/neoforge.mods.toml mod of type null: 
[15Aug2026 02:26:04.723] [main/DEBUG] [net.neoforged.fml.loading.moddiscovery.ModFileParser/LOADING]: Considering mod file candidate 
[15Aug2026 02:26:04.723] [main/DEBUG] [net.neoforged.fml.loading.moddiscovery.ModFileInfo/LOADING]: Found valid mod file tiny-multiblock-lib-neo-1.21.1-3.0.jar with {tinymultiblocklib} mods - versions {3.0}
[15Aug2026 02:26:04.724] [main/DEBUG] [net.neoforged.fml.loading.moddiscovery.readers.JarModsDotTomlModFileReader/SCAN]: Found META-INF/neoforge.mods.toml mod of type null: 
[15Aug2026 02:26:04.724] [main/DEBUG] [net.neoforged.fml.loading.moddiscovery.ModFileParser/LOADING]: Considering mod file candidate 
[15Aug2026 02:26:04.724] [main/DEBUG] [net.neoforged.fml.loading.moddiscovery.ModFileInfo/LOADING]: Found valid mod file fabric-block-view-api-v2-1.0.11+e9036fd419.jar with {fabric_block_view_api_v2} mods - versions {1.0.11+e9036fd419}
[15Aug2026 02:26:04.748] [main/DEBUG] [net.neoforged.fml.loading.moddiscovery.readers.JarModsDotTomlModFileReader/SCAN]: Found META-INF/MANIFEST.MF mod of type LIBRARY: 
[15Aug2026 02:26:04.752] [main/DEBUG] [net.neoforged.fml.loading.moddiscovery.readers.JarModsDotTomlModFileReader/SCAN]: Found META-INF/neoforge.mods.toml mod of type null: 
[15Aug2026 02:26:04.752] [main/DEBUG] [net.neoforged.fml.loading.moddiscovery.ModFileParser/LOADING]: Considering mod file candidate 
[15Aug2026 02:26:04.752] [main/DEBUG] [net.neoforged.fml.loading.moddiscovery.ModFileInfo/LOADING]: Found valid mod file fabric-api-lookup-api-v1-1.6.71+c290471319.jar with {fabric_api_lookup_api_v1} mods - versions {1.6.71+c290471319}
[15Aug2026 02:26:04.753] [main/DEBUG] [net.neoforged.fml.loading.moddiscovery.readers.JarModsDotTomlModFileReader/SCAN]: Found META-INF/neoforge.mods.toml mod of type null: 
[15Aug2026 02:26:04.753] [main/DEBUG] [net.neoforged.fml.loading.moddiscovery.ModFileParser/LOADING]: Considering mod file candidate 
[15Aug2026 02:26:04.753] [main/DEBUG] [net.neoforged.fml.loading.moddiscovery.ModFileInfo/LOADING]: Found valid mod file fabric-client-tags-api-v1-1.1.15+e053909619.jar with {fabric_client_tags_api_v1} mods - versions {1.1.15+e053909619}
[15Aug2026 02:26:04.754] [main/DEBUG] [net.neoforged.fml.loading.moddiscovery.readers.JarModsDotTomlModFileReader/SCAN]: Found META-INF/neoforge.mods.toml mod of type null: 
[15Aug2026 02:26:04.754] [main/DEBUG] [net.neoforged.fml.loading.moddiscovery.ModFileParser/LOADING]: Considering mod file candidate 
[15Aug2026 02:26:04.755] [main/DEBUG] [net.neoforged.fml.loading.moddiscovery.ModFileInfo/LOADING]: Found valid mod file fabric-biome-api-v1-13.0.31+1e62d33c19.jar with {fabric_biome_api_v1} mods - versions {13.0.31+1e62d33c19}
[15Aug2026 02:26:04.755] [main/DEBUG] [net.neoforged.fml.loading.moddiscovery.readers.JarModsDotTomlModFileReader/SCAN]: Found META-INF/neoforge.mods.toml mod of type null: 
[15Aug2026 02:26:04.755] [main/DEBUG] [net.neoforged.fml.loading.moddiscovery.ModFileParser/LOADING]: Considering mod file candidate 
[15Aug2026 02:26:04.756] [main/DEBUG] [net.neoforged.fml.loading.moddiscovery.ModFileInfo/LOADING]: Found valid mod file fabric-entity-events-v1-1.8.0+5ede667619.jar with {fabric_entity_events_v1} mods - versions {1.8.0+5ede667619}
[15Aug2026 02:26:04.756] [main/DEBUG] [net.neoforged.fml.loading.moddiscovery.readers.JarModsDotTomlModFileReader/SCAN]: Found META-INF/neoforge.mods.toml mod of type null: 
[15Aug2026 02:26:04.756] [main/DEBUG] [net.neoforged.fml.loading.moddiscovery.ModFileParser/LOADING]: Considering mod file candidate 
[15Aug2026 02:26:04.757] [main/DEBUG] [net.neoforged.fml.loading.moddiscovery.ModFileInfo/LOADING]: Found valid mod file fabric-transitive-access-wideners-v1-6.2.0+6c854b6f19.jar with {fabric_transitive_access_wideners_v1} mods - versions {6.2.0+6c854b6f19}
[15Aug2026 02:26:04.761] [main/DEBUG] [net.neoforged.fml.loading.moddiscovery.readers.JarModsDotTomlModFileReader/SCAN]: Found META-INF/neoforge.mods.toml mod of type null: 
[15Aug2026 02:26:04.761] [main/DEBUG] [net.neoforged.fml.loading.moddiscovery.ModFileParser/LOADING]: Considering mod file candidate 
[15Aug2026 02:26:04.762] [main/DEBUG] [net.neoforged.fml.loading.moddiscovery.ModFileInfo/LOADING]: Found valid mod file fabric-rendering-v1-5.1.0+1a09bd5a19.jar with {fabric_rendering_v1} mods - versions {5.1.0+1a09bd5a19}
[15Aug2026 02:26:04.762] [main/DEBUG] [net.neoforged.fml.loading.moddiscovery.readers.JarModsDotTomlModFileReader/SCAN]: Found META-INF/neoforge.mods.toml mod of type null: 
[15Aug2026 02:26:04.762] [main/DEBUG] [net.neoforged.fml.loading.moddiscovery.ModFileParser/LOADING]: Considering mod file candidate 
[15Aug2026 02:26:04.762] [main/DEBUG] [net.neoforged.fml.loading.moddiscovery.ModFileInfo/LOADING]: Found valid mod file tiny-config-3.1.0-neoforge.jar with {tiny_config} mods - versions {3.1.0}
[15Aug2026 02:26:04.765] [main/DEBUG] [net.neoforged.fml.loading.moddiscovery.readers.JarModsDotTomlModFileReader/SCAN]: Found META-INF/neoforge.mods.toml mod of type null: 
[15Aug2026 02:26:04.765] [main/DEBUG] [net.neoforged.fml.loading.moddiscovery.ModFileParser/LOADING]: Considering mod file candidate 
[15Aug2026 02:26:04.766] [main/DEBUG] [net.neoforged.fml.loading.moddiscovery.ModFileInfo/LOADING]: Found valid mod file fabric-transfer-api-v1-5.4.3+a25cb45619.jar with {fabric_transfer_api_v1} mods - versions {5.4.3+a25cb45619}
[15Aug2026 02:26:04.766] [main/DEBUG] [net.neoforged.fml.loading.moddiscovery.readers.JarModsDotTomlModFileReader/SCAN]: Found META-INF/neoforge.mods.toml mod of type null: 
[15Aug2026 02:26:04.766] [main/DEBUG] [net.neoforged.fml.loading.moddiscovery.ModFileParser/LOADING]: Considering mod file candidate 
[15Aug2026 02:26:04.767] [main/DEBUG] [net.neoforged.fml.loading.moddiscovery.ModFileInfo/LOADING]: Found valid mod file shield-api-2.1.0-neoforge.jar with {shield_api} mods - versions {2.1.0}
[15Aug2026 02:26:04.774] [main/DEBUG] [net.neoforged.fml.loading.moddiscovery.readers.JarModsDotTomlModFileReader/SCAN]: Found META-INF/neoforge.mods.toml mod of type null: 
[15Aug2026 02:26:04.774] [main/DEBUG] [net.neoforged.fml.loading.moddiscovery.ModFileParser/LOADING]: Considering mod file candidate 
[15Aug2026 02:26:04.774] [main/DEBUG] [net.neoforged.fml.loading.moddiscovery.ModFileInfo/LOADING]: Found valid mod file fabric-rendering-data-attachment-v1-0.3.49+73761d2e19.jar with {fabric_rendering_data_attachment_v1} mods - versions {0.3.49+73761d2e19}
[15Aug2026 02:26:04.785] [main/DEBUG] [net.neoforged.fml.loading.moddiscovery.readers.JarModsDotTomlModFileReader/SCAN]: Found META-INF/neoforge.mods.toml mod of type null: 
[15Aug2026 02:26:04.785] [main/DEBUG] [net.neoforged.fml.loading.moddiscovery.ModFileParser/LOADING]: Considering mod file candidate 
[15Aug2026 02:26:04.785] [main/DEBUG] [net.neoforged.fml.loading.moddiscovery.ModFileInfo/LOADING]: Found valid mod file TRansition-1.0.11-1.21.1-neoforge-SNAPSHOT.jar with {transition} mods - versions {1.0.11}
[15Aug2026 02:26:04.786] [main/DEBUG] [net.neoforged.fml.loading.moddiscovery.readers.JarModsDotTomlModFileReader/SCAN]: Found META-INF/neoforge.mods.toml mod of type null: 
[15Aug2026 02:26:04.786] [main/DEBUG] [net.neoforged.fml.loading.moddiscovery.ModFileParser/LOADING]: Considering mod file candidate 
[15Aug2026 02:26:04.786] [main/DEBUG] [net.neoforged.fml.loading.moddiscovery.ModFileInfo/LOADING]: Found valid mod file expandability-neoforge-12.0.0.jar with {expandability} mods - versions {12.0.0}
[15Aug2026 02:26:04.788] [main/DEBUG] [net.neoforged.fml.loading.moddiscovery.readers.JarModsDotTomlModFileReader/SCAN]: Found META-INF/neoforge.mods.toml mod of type null: 
[15Aug2026 02:26:04.788] [main/DEBUG] [net.neoforged.fml.loading.moddiscovery.ModFileParser/LOADING]: Considering mod file candidate 
[15Aug2026 02:26:04.788] [main/DEBUG] [net.neoforged.fml.loading.moddiscovery.ModFileInfo/LOADING]: Found valid mod file fabric-events-interaction-v0-0.7.13+86e0887119.jar with {fabric_events_interaction_v0} mods - versions {0.7.13+86e0887119}
[15Aug2026 02:26:04.790] [main/WARN] [net.neoforged.jarjar.selection.JarSelector/]: Attempted to select two dependency jars from JarJar which have the same identification: Nested Mod File  in Mod File: /workspaces/nnnn/servidor_minecraft/mods/copperagebackport_durability_fix-neoforge-0.1.0.jar and Nested Mod File  in Mod File: /workspaces/nnnn/servidor_minecraft/mods/particle_core-0.3.3+1.21+neoforge.jar. Using Nested Mod File  in Mod File: /workspaces/nnnn/servidor_minecraft/mods/copperagebackport_durability_fix-neoforge-0.1.0.jar
[15Aug2026 02:26:04.792] [main/WARN] [net.neoforged.jarjar.selection.JarSelector/]: Attempted to select a dependency jar for JarJar which was passed in as source: bundleapi. Using Mod File: /workspaces/nnnn/servidor_minecraft/mods/bundle-api-neoforge-1.1.0.jar
[15Aug2026 02:26:04.792] [main/WARN] [net.neoforged.jarjar.selection.JarSelector/]: Attempted to select a dependency jar for JarJar which was passed in as source: shield_api. Using Mod File: /workspaces/nnnn/servidor_minecraft/mods/shield_api-neoforge-2.2.0.jar
[15Aug2026 02:26:04.792] [main/INFO] [net.neoforged.fml.loading.moddiscovery.locators.JarInJarDependencyLocator/]: Found 95 dependencies adding them to mods collection
[15Aug2026 02:26:04.792] [main/INFO] [net.neoforged.fml.loading.moddiscovery.ModDiscoverer/SCAN]: Found mod file "fabric-transfer-api-v1-5.4.3+a25cb45619.jar" [parent: forgified-fabric-api-0.116.7+2.2.4+1.21.1.jar, locator: jarinjar, reader: mod manifest]
[15Aug2026 02:26:04.792] [main/INFO] [net.neoforged.fml.loading.moddiscovery.ModDiscoverer/SCAN]: Found mod file "kuma-api-neoforge-21.0.7+1.21.jar" [parent: balm-neoforge-1.21.1-21.0.56.jar, locator: jarinjar, reader: mod manifest]
[15Aug2026 02:26:04.792] [main/INFO] [net.neoforged.fml.loading.moddiscovery.ModDiscoverer/SCAN]: Found mod file "fabric-renderer-api-v1-3.4.1+9125b6dc19.jar" [parent: forgified-fabric-api-0.116.7+2.2.4+1.21.1.jar, locator: jarinjar, reader: mod manifest]
[15Aug2026 02:26:04.792] [main/INFO] [net.neoforged.fml.loading.moddiscovery.ModDiscoverer/SCAN]: Found library file "commonmark-ext-gfm-strikethrough-0.27.1.jar" [parent: modonomicon-1.21.1-neoforge-1.120.1.jar, locator: jarinjar]
[15Aug2026 02:26:04.793] [main/INFO] [net.neoforged.fml.loading.moddiscovery.ModDiscoverer/SCAN]: Found mod file "additionalentityattributes-2.0.0+1.21.1-neoforge.jar" [parent: Pastel-1.1.5.5.jar, locator: jarinjar, reader: mod manifest]
[15Aug2026 02:26:04.793] [main/INFO] [net.neoforged.fml.loading.moddiscovery.ModDiscoverer/SCAN]: Found library file "jankson-0.1.5.1.jar" [parent: owo-lib-neoforge-0.12.15.5-beta.1+1.21.jar, locator: jarinjar]
[15Aug2026 02:26:04.793] [main/INFO] [net.neoforged.fml.loading.moddiscovery.ModDiscoverer/SCAN]: Found mod file "tiny-multiblock-lib-neo-1.21.1-3.0.jar" [parent: wds-selling-bin-nrGOzmNu.jar, locator: jarinjar, reader: mod manifest]
[15Aug2026 02:26:04.793] [main/INFO] [net.neoforged.fml.loading.moddiscovery.ModDiscoverer/SCAN]: Found library file "apfloat-1.10.1.jar" [parent: Pastel-1.1.5.5.jar, locator: jarinjar]
[15Aug2026 02:26:04.793] [main/INFO] [net.neoforged.fml.loading.moddiscovery.ModDiscoverer/SCAN]: Found library file "sewlia-config-1.0.0-20250810.044244-13.jar" [parent: krypton_fnp-neoforge-1.21.1-0.2.28.1-1.21.1.jar, locator: jarinjar]
[15Aug2026 02:26:04.793] [main/INFO] [net.neoforged.fml.loading.moddiscovery.ModDiscoverer/SCAN]: Found mod file "ponder-neoforge-1.0.82+mc1.21.1.jar" [parent: create-1.21.1-6.0.10.jar, locator: jarinjar, reader: mod manifest]
[15Aug2026 02:26:04.793] [main/INFO] [net.neoforged.fml.loading.moddiscovery.ModDiscoverer/SCAN]: Found mod file "fabric-model-loading-api-v1-2.1.0+6e8f52c719.jar" [parent: forgified-fabric-api-0.116.7+2.2.4+1.21.1.jar, locator: jarinjar, reader: mod manifest]
[15Aug2026 02:26:04.793] [main/INFO] [net.neoforged.fml.loading.moddiscovery.ModDiscoverer/SCAN]: Found library file "net.neoforged.neoforge-coremods-21.1.248.jar" [parent: neoforge-21.1.248-universal.jar, locator: jarinjar, reader: mod manifest]
[15Aug2026 02:26:04.793] [main/INFO] [net.neoforged.fml.loading.moddiscovery.ModDiscoverer/SCAN]: Found mod file "fabric-item-api-v1-11.2.0+0c57911319.jar" [parent: forgified-fabric-api-0.116.7+2.2.4+1.21.1.jar, locator: jarinjar, reader: mod manifest]
[15Aug2026 02:26:04.793] [main/INFO] [net.neoforged.fml.loading.moddiscovery.ModDiscoverer/SCAN]: Found mod file "fabric-rendering-fluids-v1-3.1.6+a51883b219.jar" [parent: forgified-fabric-api-0.116.7+2.2.4+1.21.1.jar, locator: jarinjar, reader: mod manifest]
[15Aug2026 02:26:04.793] [main/INFO] [net.neoforged.fml.loading.moddiscovery.ModDiscoverer/SCAN]: Found mod file "fabric-screen-handler-api-v1-1.3.90+8dbc56dd19.jar" [parent: forgified-fabric-api-0.116.7+2.2.4+1.21.1.jar, locator: jarinjar, reader: mod manifest]
[15Aug2026 02:26:04.793] [main/INFO] [net.neoforged.fml.loading.moddiscovery.ModDiscoverer/SCAN]: Found mod file "fabric-resource-loader-v0-1.3.1+4ea8954419.jar" [parent: forgified-fabric-api-0.116.7+2.2.4+1.21.1.jar, locator: jarinjar, reader: mod manifest]
[15Aug2026 02:26:04.793] [main/INFO] [net.neoforged.fml.loading.moddiscovery.ModDiscoverer/SCAN]: Found mod file "TRender-1.0.10-1.21.1-neoforge-SNAPSHOT.jar" [parent: entityculling-neoforge-1.9.5-mc1.21.1.jar, locator: jarinjar, reader: mod manifest]
[15Aug2026 02:26:04.793] [main/INFO] [net.neoforged.fml.loading.moddiscovery.ModDiscoverer/SCAN]: Found mod file "wds-selling-bin-nrGOzmNu.jar" [parent: starcatcher-2.3.9-NEOFORGE-1.21.1.jar, locator: jarinjar, reader: mod manifest]
[15Aug2026 02:26:04.793] [main/INFO] [net.neoforged.fml.loading.moddiscovery.ModDiscoverer/SCAN]: Found mod file "fabric-rendering-v1-5.1.0+1a09bd5a19.jar" [parent: forgified-fabric-api-0.116.7+2.2.4+1.21.1.jar, locator: jarinjar, reader: mod manifest]
[15Aug2026 02:26:04.793] [main/INFO] [net.neoforged.fml.loading.moddiscovery.ModDiscoverer/SCAN]: Found mod file "emberstextapi-neoforge-1.21.1-2.9.3.jar" [parent: libtooltips-5J15zxaI.jar, locator: jarinjar, reader: mod manifest]
[15Aug2026 02:26:04.794] [main/INFO] [net.neoforged.fml.loading.moddiscovery.ModDiscoverer/SCAN]: Found mod file "fabric-renderer-indigo-1.7.1+9125b6dc19.jar" [parent: forgified-fabric-api-0.116.7+2.2.4+1.21.1.jar, locator: jarinjar, reader: mod manifest]
[15Aug2026 02:26:04.794] [main/INFO] [net.neoforged.fml.loading.moddiscovery.ModDiscoverer/SCAN]: Found library file "netty-0.1.4.1.jar" [parent: owo-lib-neoforge-0.12.15.5-beta.1+1.21.jar, locator: jarinjar]
[15Aug2026 02:26:04.794] [main/INFO] [net.neoforged.fml.loading.moddiscovery.ModDiscoverer/SCAN]: Found mod file "fabric-convention-tags-v1-2.1.5+7f945d5b19.jar" [parent: forgified-fabric-api-0.116.7+2.2.4+1.21.1.jar, locator: jarinjar, reader: mod manifest]
[15Aug2026 02:26:04.794] [main/INFO] [net.neoforged.fml.loading.moddiscovery.ModDiscoverer/SCAN]: Found library file "endec-0.1.8.1.jar" [parent: owo-lib-neoforge-0.12.15.5-beta.1+1.21.jar, locator: jarinjar]
[15Aug2026 02:26:04.794] [main/INFO] [net.neoforged.fml.loading.moddiscovery.ModDiscoverer/SCAN]: Found library file "kotlinx-coroutines-core-jvm-1.10.2.jar" [parent: kotlinforforge-5.11.0-all.jar, locator: jarinjar]
[15Aug2026 02:26:04.794] [main/INFO] [net.neoforged.fml.loading.moddiscovery.ModDiscoverer/SCAN]: Found mod file "fabric-block-view-api-v2-1.0.11+e9036fd419.jar" [parent: forgified-fabric-api-0.116.7+2.2.4+1.21.1.jar, locator: jarinjar, reader: mod manifest]
[15Aug2026 02:26:04.794] [main/INFO] [net.neoforged.fml.loading.moddiscovery.ModDiscoverer/SCAN]: Found mod file "fabric-convention-tags-v2-2.11.1+87e5848019.jar" [parent: forgified-fabric-api-0.116.7+2.2.4+1.21.1.jar, locator: jarinjar, reader: mod manifest]
[15Aug2026 02:26:04.794] [main/INFO] [net.neoforged.fml.loading.moddiscovery.ModDiscoverer/SCAN]: Found mod file "fabric-command-api-v2-2.2.28+36d727be19.jar" [parent: forgified-fabric-api-0.116.7+2.2.4+1.21.1.jar, locator: jarinjar, reader: mod manifest]
[15Aug2026 02:26:04.794] [main/INFO] [net.neoforged.fml.loading.moddiscovery.ModDiscoverer/SCAN]: Found mod file "fabric-data-attachment-api-v1-1.4.5+26d408aa19.jar" [parent: forgified-fabric-api-0.116.7+2.2.4+1.21.1.jar, locator: jarinjar, reader: mod manifest]
[15Aug2026 02:26:04.794] [main/INFO] [net.neoforged.fml.loading.moddiscovery.ModDiscoverer/SCAN]: Found library file "jctools-core-4.0.5.jar" [parent: farsight-1.21.1-4.5.jar, locator: jarinjar]
[15Aug2026 02:26:04.794] [main/INFO] [net.neoforged.fml.loading.moddiscovery.ModDiscoverer/SCAN]: Found mod file "tiny-config-3.1.0-neoforge.jar" [parent: bettercombat-neoforge-2.3.2+1.21.1.jar, locator: jarinjar, reader: mod manifest]
[15Aug2026 02:26:04.794] [main/INFO] [net.neoforged.fml.loading.moddiscovery.ModDiscoverer/SCAN]: Found library file "net.caffeinemc.sodium-neoforge-0.6.13+mc1.21.1-service.jar" [parent: sodium-neoforge-0.6.13+mc1.21.1.jar, locator: jarinjar, reader: mod manifest]
[15Aug2026 02:26:04.794] [main/INFO] [net.neoforged.fml.loading.moddiscovery.ModDiscoverer/SCAN]: Found library file "kotlinx-coroutines-jdk8-1.10.2.jar" [parent: kotlinforforge-5.11.0-all.jar, locator: jarinjar]
[15Aug2026 02:26:04.794] [main/INFO] [net.neoforged.fml.loading.moddiscovery.ModDiscoverer/SCAN]: Found library file "kotlin-stdlib-jdk7-2.3.0.jar" [parent: kotlinforforge-5.11.0-all.jar, locator: jarinjar]
[15Aug2026 02:26:04.794] [main/INFO] [net.neoforged.fml.loading.moddiscovery.ModDiscoverer/SCAN]: Found mod file "fabric-screen-api-v1-2.0.25+0ae1214819.jar" [parent: forgified-fabric-api-0.116.7+2.2.4+1.21.1.jar, locator: jarinjar, reader: mod manifest]
[15Aug2026 02:26:04.794] [main/INFO] [net.neoforged.fml.loading.moddiscovery.ModDiscoverer/SCAN]: Found library file "kotlin-stdlib-jdk8-2.3.0.jar" [parent: kotlinforforge-5.11.0-all.jar, locator: jarinjar]
[15Aug2026 02:26:04.795] [main/INFO] [net.neoforged.fml.loading.moddiscovery.ModDiscoverer/SCAN]: Found library file "jgrapht-core-1.5.2.jar" [parent: Pastel-1.1.5.5.jar, locator: jarinjar]
[15Aug2026 02:26:04.795] [main/INFO] [net.neoforged.fml.loading.moddiscovery.ModDiscoverer/SCAN]: Found mod file "fabric-particles-v1-4.0.2+824f924c19.jar" [parent: forgified-fabric-api-0.116.7+2.2.4+1.21.1.jar, locator: jarinjar, reader: mod manifest]
[15Aug2026 02:26:04.795] [main/INFO] [net.neoforged.fml.loading.moddiscovery.ModDiscoverer/SCAN]: Found library file "animated-gif-lib-for-java-animated-gif-lib-1.7.jar" [parent: fancymenu_neoforge_3.9.0_MC_1.21.1.jar, locator: jarinjar]
[15Aug2026 02:26:04.795] [main/INFO] [net.neoforged.fml.loading.moddiscovery.ModDiscoverer/SCAN]: Found library file "forgified-fabric-loader-2.5.68+0.18.4+1.21.1-full.jar" [parent: forgified-fabric-api-0.116.7+2.2.4+1.21.1.jar, locator: jarinjar, reader: mod manifest]
[15Aug2026 02:26:04.795] [main/INFO] [net.neoforged.fml.loading.moddiscovery.ModDiscoverer/SCAN]: Found library file "kotlinx-serialization-json-jvm-1.9.0.jar" [parent: kotlinforforge-5.11.0-all.jar, locator: jarinjar]
[15Aug2026 02:26:04.795] [main/INFO] [net.neoforged.fml.loading.moddiscovery.ModDiscoverer/SCAN]: Found mod file "fabric-content-registries-v0-8.0.19+5e0d320019.jar" [parent: forgified-fabric-api-0.116.7+2.2.4+1.21.1.jar, locator: jarinjar, reader: mod manifest]
[15Aug2026 02:26:04.795] [main/INFO] [net.neoforged.fml.loading.moddiscovery.ModDiscoverer/SCAN]: Found mod file "fabric-transitive-access-wideners-v1-6.2.0+6c854b6f19.jar" [parent: forgified-fabric-api-0.116.7+2.2.4+1.21.1.jar, locator: jarinjar, reader: mod manifest]
[15Aug2026 02:26:04.795] [main/INFO] [net.neoforged.fml.loading.moddiscovery.ModDiscoverer/SCAN]: Found library file "snakeyaml-2.4.jar" [parent: krypton_fnp-neoforge-1.21.1-0.2.28.1-1.21.1.jar, locator: jarinjar]
[15Aug2026 02:26:04.795] [main/INFO] [net.neoforged.fml.loading.moddiscovery.ModDiscoverer/SCAN]: Found library file "jankson-1.2.2.jar" [parent: owo-lib-neoforge-0.12.15.5-beta.1+1.21.jar, locator: jarinjar]
[15Aug2026 02:26:04.795] [main/INFO] [net.neoforged.fml.loading.moddiscovery.ModDiscoverer/SCAN]: Found gamelibrary file "mixinextras-neoforge-0.5.3.jar" [parent: neoforge-21.1.248-universal.jar, locator: jarinjar, reader: mod manifest]
[15Aug2026 02:26:04.795] [main/INFO] [net.neoforged.fml.loading.moddiscovery.ModDiscoverer/SCAN]: Found mod file "fabric-game-rule-api-v1-1.0.53+36d727be19.jar" [parent: forgified-fabric-api-0.116.7+2.2.4+1.21.1.jar, locator: jarinjar, reader: mod manifest]
[15Aug2026 02:26:04.795] [main/INFO] [net.neoforged.fml.loading.moddiscovery.ModDiscoverer/SCAN]: Found library file "gson-0.1.5.1.jar" [parent: owo-lib-neoforge-0.12.15.5-beta.1+1.21.jar, locator: jarinjar]
[15Aug2026 02:26:04.795] [main/INFO] [net.neoforged.fml.loading.moddiscovery.ModDiscoverer/SCAN]: Found mod file "fabric-api-base-0.4.42+d1308dedd1.jar" [parent: owo-lib-neoforge-0.12.15.5-beta.1+1.21.jar, locator: jarinjar, reader: mod manifest]
[15Aug2026 02:26:04.795] [main/INFO] [net.neoforged.fml.loading.moddiscovery.ModDiscoverer/SCAN]: Found mod file "fabric-api-lookup-api-v1-1.6.71+c290471319.jar" [parent: forgified-fabric-api-0.116.7+2.2.4+1.21.1.jar, locator: jarinjar, reader: mod manifest]
[15Aug2026 02:26:04.795] [main/INFO] [net.neoforged.fml.loading.moddiscovery.ModDiscoverer/SCAN]: Found library file "jheaps-0.14.jar" [parent: Pastel-1.1.5.5.jar, locator: jarinjar]
[15Aug2026 02:26:04.795] [main/INFO] [net.neoforged.fml.loading.moddiscovery.ModDiscoverer/SCAN]: Found mod file "fabric-blockrenderlayer-v1-1.1.52+c290471319.jar" [parent: forgified-fabric-api-0.116.7+2.2.4+1.21.1.jar, locator: jarinjar, reader: mod manifest]
[15Aug2026 02:26:04.795] [main/INFO] [net.neoforged.fml.loading.moddiscovery.ModDiscoverer/SCAN]: Found library file "commonmark-ext-ins-0.27.1.jar" [parent: modonomicon-1.21.1-neoforge-1.120.1.jar, locator: jarinjar]
[15Aug2026 02:26:04.796] [main/INFO] [net.neoforged.fml.loading.moddiscovery.ModDiscoverer/SCAN]: Found mod file "iteminteractions-neoforge-21.1.4.jar" [parent: MetalBundles-v21.1.1-1.21.1-NeoForge.jar, locator: jarinjar, reader: mod manifest]
[15Aug2026 02:26:04.796] [main/INFO] [net.neoforged.fml.loading.moddiscovery.ModDiscoverer/SCAN]: Found gamelibrary file "mixinsquared-neoforge-0.2.0.jar" [parent: sodiumoptionsapi-neoforge-1.0.10-1.21.1.jar, locator: jarinjar, reader: mod manifest]
[15Aug2026 02:26:04.796] [main/INFO] [net.neoforged.fml.loading.moddiscovery.ModDiscoverer/SCAN]: Found library file "thedarkcolour.kfflang-5.11.0.jar" [parent: kotlinforforge-5.11.0-all.jar, locator: jarinjar, reader: mod manifest]
[15Aug2026 02:26:04.796] [main/INFO] [net.neoforged.fml.loading.moddiscovery.ModDiscoverer/SCAN]: Found mod file "fabric-block-api-v1-1.1.0+b0c22bb819.jar" [parent: forgified-fabric-api-0.116.7+2.2.4+1.21.1.jar, locator: jarinjar, reader: mod manifest]
[15Aug2026 02:26:04.796] [main/INFO] [net.neoforged.fml.loading.moddiscovery.ModDiscoverer/SCAN]: Found gamelibrary file "thedarkcolour.kfflib-5.11.0.jar" [parent: kotlinforforge-5.11.0-all.jar, locator: jarinjar, reader: mod manifest]
[15Aug2026 02:26:04.796] [main/INFO] [net.neoforged.fml.loading.moddiscovery.ModDiscoverer/SCAN]: Found mod file "fabric-resource-conditions-api-v1-4.3.0+5bdd099819.jar" [parent: forgified-fabric-api-0.116.7+2.2.4+1.21.1.jar, locator: jarinjar, reader: mod manifest]
[15Aug2026 02:26:04.796] [main/INFO] [net.neoforged.fml.loading.moddiscovery.ModDiscoverer/SCAN]: Found library file "jcpp-1.4.14.jar" [parent: iris-neoforge-1.8.12+mc1.21.1.jar, locator: jarinjar]
[15Aug2026 02:26:04.796] [main/INFO] [net.neoforged.fml.loading.moddiscovery.ModDiscoverer/SCAN]: Found mod file "thedarkcolour.kffmod-5.11.0.jar" [parent: kotlinforforge-5.11.0-all.jar, locator: jarinjar, reader: mod manifest]
[15Aug2026 02:26:04.796] [main/INFO] [net.neoforged.fml.loading.moddiscovery.ModDiscoverer/SCAN]: Found library file "kotlin-reflect-2.3.0.jar" [parent: kotlinforforge-5.11.0-all.jar, locator: jarinjar]
[15Aug2026 02:26:04.796] [main/INFO] [net.neoforged.fml.loading.moddiscovery.ModDiscoverer/SCAN]: Found library file "kotlin-stdlib-2.3.0.jar" [parent: kotlinforforge-5.11.0-all.jar, locator: jarinjar]
[15Aug2026 02:26:04.796] [main/INFO] [net.neoforged.fml.loading.moddiscovery.ModDiscoverer/SCAN]: Found mod file "flywheel-neoforge-1.21.1-1.0.6.jar" [parent: create-1.21.1-6.0.10.jar, locator: jarinjar, reader: mod manifest]
[15Aug2026 02:26:04.796] [main/INFO] [net.neoforged.fml.loading.moddiscovery.ModDiscoverer/SCAN]: Found library file "velocity-native-3.4.0-SNAPSHOT.jar" [parent: krypton_fnp-neoforge-1.21.1-0.2.28.1-1.21.1.jar, locator: jarinjar]
[15Aug2026 02:26:04.796] [main/INFO] [net.neoforged.fml.loading.moddiscovery.ModDiscoverer/SCAN]: Found mod file "fabric-item-group-api-v1-4.1.7+e324903319.jar" [parent: forgified-fabric-api-0.116.7+2.2.4+1.21.1.jar, locator: jarinjar, reader: mod manifest]
[15Aug2026 02:26:04.796] [main/INFO] [net.neoforged.fml.loading.moddiscovery.ModDiscoverer/SCAN]: Found mod file "fabric-gametest-api-v1-2.0.5+29f188ce19.jar" [parent: forgified-fabric-api-0.116.7+2.2.4+1.21.1.jar, locator: jarinjar, reader: mod manifest]
[15Aug2026 02:26:04.796] [main/INFO] [net.neoforged.fml.loading.moddiscovery.ModDiscoverer/SCAN]: Found library file "glsl-transformer-2.0.1.jar" [parent: iris-neoforge-1.8.12+mc1.21.1.jar, locator: jarinjar]
[15Aug2026 02:26:04.796] [main/INFO] [net.neoforged.fml.loading.moddiscovery.ModDiscoverer/SCAN]: Found mod file "fabric-biome-api-v1-13.0.31+1e62d33c19.jar" [parent: forgified-fabric-api-0.116.7+2.2.4+1.21.1.jar, locator: jarinjar, reader: mod manifest]
[15Aug2026 02:26:04.796] [main/INFO] [net.neoforged.fml.loading.moddiscovery.ModDiscoverer/SCAN]: Found mod file "fabric-entity-events-v1-1.8.0+5ede667619.jar" [parent: forgified-fabric-api-0.116.7+2.2.4+1.21.1.jar, locator: jarinjar, reader: mod manifest]
[15Aug2026 02:26:04.797] [main/INFO] [net.neoforged.fml.loading.moddiscovery.ModDiscoverer/SCAN]: Found library file "kaleido-config-0.3.3+1.3.2.jar" [parent: clutternomore-1.1.9+1.21.1-neoforge.jar, locator: jarinjar]
[15Aug2026 02:26:04.797] [main/INFO] [net.neoforged.fml.loading.moddiscovery.ModDiscoverer/SCAN]: Found mod file "fabric-registry-sync-v0-5.3.1+f9aace1619.jar" [parent: forgified-fabric-api-0.116.7+2.2.4+1.21.1.jar, locator: jarinjar, reader: mod manifest]
[15Aug2026 02:26:04.797] [main/INFO] [net.neoforged.fml.loading.moddiscovery.ModDiscoverer/SCAN]: Found library file "commonmark-0.27.1.jar" [parent: modonomicon-1.21.1-neoforge-1.120.1.jar, locator: jarinjar]
[15Aug2026 02:26:04.797] [main/INFO] [net.neoforged.fml.loading.moddiscovery.ModDiscoverer/SCAN]: Found mod file "fabric-recipe-api-v1-5.0.15+59440bcc19.jar" [parent: forgified-fabric-api-0.116.7+2.2.4+1.21.1.jar, locator: jarinjar, reader: mod manifest]
[15Aug2026 02:26:04.797] [main/INFO] [net.neoforged.fml.loading.moddiscovery.ModDiscoverer/SCAN]: Found mod file "fabric-loot-api-v2-3.0.15+a3ee712d19.jar" [parent: forgified-fabric-api-0.116.7+2.2.4+1.21.1.jar, locator: jarinjar, reader: mod manifest]
[15Aug2026 02:26:04.797] [main/INFO] [net.neoforged.fml.loading.moddiscovery.ModDiscoverer/SCAN]: Found mod file "fabric-object-builder-api-v1-15.2.1+cc242efd19.jar" [parent: forgified-fabric-api-0.116.7+2.2.4+1.21.1.jar, locator: jarinjar, reader: mod manifest]
[15Aug2026 02:26:04.797] [main/INFO] [net.neoforged.fml.loading.moddiscovery.ModDiscoverer/SCAN]: Found mod file "conditional-mixin-neoforge-0.6.4.jar" [parent: copperagebackport_durability_fix-neoforge-0.1.0.jar, locator: jarinjar, reader: mod manifest]
[15Aug2026 02:26:04.797] [main/INFO] [net.neoforged.fml.loading.moddiscovery.ModDiscoverer/SCAN]: Found library file "MixinSquared-0.2.0-beta.6.jar" [parent: mixinsquared-neoforge-0.2.0.jar, locator: jarinjar]
[15Aug2026 02:26:04.797] [main/INFO] [net.neoforged.fml.loading.moddiscovery.ModDiscoverer/SCAN]: Found mod file "fabric-loot-api-v3-1.0.3+333dfad919.jar" [parent: forgified-fabric-api-0.116.7+2.2.4+1.21.1.jar, locator: jarinjar, reader: mod manifest]
[15Aug2026 02:26:04.797] [main/INFO] [net.neoforged.fml.loading.moddiscovery.ModDiscoverer/SCAN]: Found mod file "TRansition-1.0.11-1.21.1-neoforge-SNAPSHOT.jar" [parent: entityculling-neoforge-1.9.5-mc1.21.1.jar, locator: jarinjar, reader: mod manifest]
[15Aug2026 02:26:04.797] [main/INFO] [net.neoforged.fml.loading.moddiscovery.ModDiscoverer/SCAN]: Found mod file "libtooltips-5J15zxaI.jar" [parent: starcatcher-2.3.9-NEOFORGE-1.21.1.jar, locator: jarinjar, reader: mod manifest]
[15Aug2026 02:26:04.797] [main/INFO] [net.neoforged.fml.loading.moddiscovery.ModDiscoverer/SCAN]: Found mod file "fabric-rendering-data-attachment-v1-0.3.49+73761d2e19.jar" [parent: forgified-fabric-api-0.116.7+2.2.4+1.21.1.jar, locator: jarinjar, reader: mod manifest]
[15Aug2026 02:26:04.797] [main/INFO] [net.neoforged.fml.loading.moddiscovery.ModDiscoverer/SCAN]: Found library file "kotlinx-serialization-core-jvm-1.9.0.jar" [parent: kotlinforforge-5.11.0-all.jar, locator: jarinjar]
[15Aug2026 02:26:04.797] [main/INFO] [net.neoforged.fml.loading.moddiscovery.ModDiscoverer/SCAN]: Found mod file "fabric-networking-api-v1-4.3.0+30a980d919.jar" [parent: forgified-fabric-api-0.116.7+2.2.4+1.21.1.jar, locator: jarinjar, reader: mod manifest]
[15Aug2026 02:26:04.797] [main/INFO] [net.neoforged.fml.loading.moddiscovery.ModDiscoverer/SCAN]: Found mod file "fabric-sound-api-v1-1.0.23+10b84f8419.jar" [parent: forgified-fabric-api-0.116.7+2.2.4+1.21.1.jar, locator: jarinjar, reader: mod manifest]
[15Aug2026 02:26:04.798] [main/INFO] [net.neoforged.fml.loading.moddiscovery.ModDiscoverer/SCAN]: Found gamelibrary file "Registrate-MC1.21-1.3.0+67.jar" [parent: create-1.21.1-6.0.10.jar, locator: jarinjar, reader: mod manifest]
[15Aug2026 02:26:04.798] [main/INFO] [net.neoforged.fml.loading.moddiscovery.ModDiscoverer/SCAN]: Found library file "japng-0.5.3.jar" [parent: fancymenu_neoforge_3.9.0_MC_1.21.1.jar, locator: jarinjar]
[15Aug2026 02:26:04.798] [main/INFO] [net.neoforged.fml.loading.moddiscovery.ModDiscoverer/SCAN]: Found mod file "fabric-message-api-v1-6.0.14+6a754fce19.jar" [parent: forgified-fabric-api-0.116.7+2.2.4+1.21.1.jar, locator: jarinjar, reader: mod manifest]
[15Aug2026 02:26:04.798] [main/INFO] [net.neoforged.fml.loading.moddiscovery.ModDiscoverer/SCAN]: Found mod file "expandability-neoforge-12.0.0.jar" [parent: artifacts-neoforge-13.2.1.jar, locator: jarinjar, reader: mod manifest]
[15Aug2026 02:26:04.798] [main/INFO] [net.neoforged.fml.loading.moddiscovery.ModDiscoverer/SCAN]: Found mod file "fabric-lifecycle-events-v1-2.6.0+e40d8add19.jar" [parent: forgified-fabric-api-0.116.7+2.2.4+1.21.1.jar, locator: jarinjar, reader: mod manifest]
[15Aug2026 02:26:04.798] [main/INFO] [net.neoforged.fml.loading.moddiscovery.ModDiscoverer/SCAN]: Found mod file "fabric-data-generation-api-v1-20.2.34+a4c3605619.jar" [parent: forgified-fabric-api-0.116.7+2.2.4+1.21.1.jar, locator: jarinjar, reader: mod manifest]
[15Aug2026 02:26:04.798] [main/INFO] [net.neoforged.fml.loading.moddiscovery.ModDiscoverer/SCAN]: Found mod file "fabric-events-interaction-v0-0.7.13+86e0887119.jar" [parent: forgified-fabric-api-0.116.7+2.2.4+1.21.1.jar, locator: jarinjar, reader: mod manifest]
[15Aug2026 02:26:04.798] [main/INFO] [net.neoforged.fml.loading.moddiscovery.ModDiscoverer/SCAN]: Found mod file "percale-neoforge-1.0.0-beta.1.jar" [parent: kambrik-neoforge-8.0.0-beta.2.jar, locator: jarinjar, reader: mod manifest]
[15Aug2026 02:26:04.798] [main/INFO] [net.neoforged.fml.loading.moddiscovery.ModDiscoverer/SCAN]: Found mod file "fabric-key-binding-api-v1-1.0.47+62cc7ce119.jar" [parent: forgified-fabric-api-0.116.7+2.2.4+1.21.1.jar, locator: jarinjar, reader: mod manifest]
[15Aug2026 02:26:04.798] [main/INFO] [net.neoforged.fml.loading.moddiscovery.ModDiscoverer/SCAN]: Found mod file "fabric-client-tags-api-v1-1.1.15+e053909619.jar" [parent: forgified-fabric-api-0.116.7+2.2.4+1.21.1.jar, locator: jarinjar, reader: mod manifest]
[15Aug2026 02:26:04.805] [main/INFO] [net.neoforged.fml.loading.moddiscovery.ModDiscoverer/]: 
     Mod List:
		Name Version (Mod Id)

		[Let's Do] BloomingNature 1.1.10 (bloomingnature)
		[Let's Do] Furniture 1.1.4 (furniture)
		[Let's Do] Lilis Lucky Lures 1.1.3 (lilis_lucky_lures)
		[Let's Do] Wilder Nature 1.1.3 (wildernature)
		Abridged 2.0.1 (abridged)
		Accessories 1.1.0-beta.53+1.21.1 (accessories)
		Additional Entity Attributes 2.0.0+1.21.1 (additionalentityattributes)
		AdventureDungeons 1.3.1 (adventuredungeons)
		Alloy Smelter 1.2.1 (alloy_smelter)
		Archers (RPG Series) 2.7.0 (archers)
		Architectury 13.0.8 (architectury)
		Armageddon 2.0.8 (armageddon_mod)
		Arsenal (RPG Series) 1.4.2 (arsenal)
		Artifacts 13.2.1 (artifacts)
		atistructures 1.4.0 (atistructures)
		AttributeFix 21.1.3 (attributefix)
		AzureLib Armor 3.1.3 (azurelibarmor)
		BaguetteLib 2.0.3 (baguettelib)
		Balm 21.0.56 (balm)
		Beginner's Delight 0.4.0 (beginnersdelight)
		Better Combat 2.3.2+1.21.1 (bettercombat)
		Better Starting Armors 1.0.1 (better_starting_armors)
		Biolith 3.0.11 (biolith)
		Bookshelf 21.1.81 (bookshelf)
		Born in Chaos  1.7.5 (born_in_chaos_v1)
		Boss Checklist 5.0.1 (boss_checklist)
		Bosses'Rise 2.1.1 (block_factorys_bosses)
		Boundless: Quests 8 (boundless)
		Bountiful 8.0.0-beta.2 (bountiful)
		BundleAPI 1.1.0 (bundleapi)
		Cataclysm & BetterCombat - Compatibility 1.0.2 (cataclysm_compat)
		Chalk 1.6.11 (chalk)
		Chloride 1.7.7 (chloride)
		chunksending mod 2.9 (chunksending)
		Chunky 1.4.23 (chunky)
		Cloth Config v15 API 15.0.140 (cloth_config)
		Clumps 19.0.0.1 (clumps)
		Clutter No More 1.1.9+1.21.1 (clutternomore)
		Collective 8.22 (collective)
		Colorwheel 1.2.5+mc1.21.1 (colorwheel)
		Colorwheel Patcher 1.0.5+mc1.21.1 (colorwheel_patcher)
		conditional mixin 0.6.4 (conditional_mixin)
		Configured 2.6.3 (configured)
		Connectivity Mod 7.6 (connectivity)
		Controlling 19.0.5 (controlling)
		Copper Age Backport 0.1.4 (copperagebackport)
		Copper Age Backport Durability Fix 0.1.0 (copperagebackport_durability_fix)
		Corpse 1.21.1-1.1.13 (corpse)
		Corpse Curios Compatibility 4.0.1 (corpsecurioscompat)
		Create 6.0.10 (create)
		Create Stuff 'N Additions 2.1.2 (create_sa)
		Cupboard mod 3.5 (cupboard)
		Curios API 9.5.1+1.21.1 (curios)
		Darker Depths 2.1.3 (darkerdepths)
		Databank 1.3.1 (databank)
		Default Options 21.1.6 (defaultoptions)
		Default Skill Trees 1.1 (default_skill_trees)
		dragonfight mod 4.7 (dragonfight)
		Dungeons and Taverns 1-v4.4.4 (mr_dungeons_andtaverns)
		Dungeons and Taverns Nether Fortress Overhaul 1-v2.4 (mr_dungeons_andtavernsnetherfortressoverhaul)
		Echo Chest 21.1.1 (echochest)
		Ember's Text API 2.9.3 (emberstextapi)
		EMI 1.1.23+1.21.1+neoforge (emi)
		End Remastered 6.0.2 (endrem)
		Enderscape 1.0.9 (enderscape)
		EntityCulling 1.9.5 (entityculling)
		Eternal Nether 21.1.3 (eternalnether)
		Eternal Starlight 0.7.0-hotfix+1.21.1+neoforge (eternal_starlight)
		Exclusions Lib 1.1.0-NEO (exclusions_lib)
		ExpandAbility 12.0.0 (expandability)
		Explorer's Compass 1.21.1-3.4.0-neoforge (explorerscompass)
		FancyMenu 3.9.0 (fancymenu)
		Farsight mod 4.5 (farsight_view)
		Fast IP Ping 1.0.11 (fastipping)
		Fast Item Frames 21.1.6 (fastitemframes)
		Fast Paintings 1.21-1.3.0 (fastpaintings)
		fastasyncworldsave mod 2.6 (fastasyncworldsave)
		Field Guide 1.7.5 (fieldguide)
		Flywheel 1.0.6 (flywheel)
		Forgified Fabric API 0.116.7+2.2.4+1.21.1 (fabric_api)
		Forgified Fabric API Base 0.4.42+d1308dedd1 (fabric_api_base)
		Forgified Fabric API Lookup API (v1) 1.6.71+c290471319 (fabric_api_lookup_api_v1)
		Forgified Fabric Biome API (v1) 13.0.31+1e62d33c19 (fabric_biome_api_v1)
		Forgified Fabric Block API (v1) 1.1.0+b0c22bb819 (fabric_block_api_v1)
		Forgified Fabric BlockRenderLayer Registration (v1) 1.1.52+c290471319 (fabric_blockrenderlayer_v1)
		Forgified Fabric BlockView API (v2) 1.0.11+e9036fd419 (fabric_block_view_api_v2)
		Forgified Fabric Client Tags 1.1.15+e053909619 (fabric_client_tags_api_v1)
		Forgified Fabric Command API (v2) 2.2.28+36d727be19 (fabric_command_api_v2)
		Forgified Fabric Content Registries (v0) 8.0.19+5e0d320019 (fabric_content_registries_v0)
		Forgified Fabric Convention Tags 2.1.5+7f945d5b19 (fabric_convention_tags_v1)
		Forgified Fabric Convention Tags (v2) 2.11.1+87e5848019 (fabric_convention_tags_v2)
		Forgified Fabric Data Attachment API (v1) 1.4.5+26d408aa19 (fabric_data_attachment_api_v1)
		Forgified Fabric Data Generation API (v1) 20.2.34+a4c3605619 (fabric_data_generation_api_v1)
		Forgified Fabric Entity Events (v1) 1.8.0+5ede667619 (fabric_entity_events_v1)
		Forgified Fabric Events Interaction (v0) 0.7.13+86e0887119 (fabric_events_interaction_v0)
		Forgified Fabric Game Rule API (v1) 1.0.53+36d727be19 (fabric_game_rule_api_v1)
		Forgified Fabric Game Test API (v1) 2.0.5+29f188ce19 (fabric_gametest_api_v1)
		Forgified Fabric Item API (v1) 11.2.0+0c57911319 (fabric_item_api_v1)
		Forgified Fabric Item Group API (v1) 4.1.7+e324903319 (fabric_item_group_api_v1)
		Forgified Fabric Key Binding API (v1) 1.0.47+62cc7ce119 (fabric_key_binding_api_v1)
		Forgified Fabric Lifecycle Events (v1) 2.6.0+e40d8add19 (fabric_lifecycle_events_v1)
		Forgified Fabric Loot API (v2) 3.0.15+a3ee712d19 (fabric_loot_api_v2)
		Forgified Fabric Loot API (v3) 1.0.3+333dfad919 (fabric_loot_api_v3)
		Forgified Fabric Message API (v1) 6.0.14+6a754fce19 (fabric_message_api_v1)
		Forgified Fabric Model Loading API (v1) 2.1.0+6e8f52c719 (fabric_model_loading_api_v1)
		Forgified Fabric Networking API (v1) 4.3.0+30a980d919 (fabric_networking_api_v1)
		Forgified Fabric Object Builder API (v1) 15.2.1+cc242efd19 (fabric_object_builder_api_v1)
		Forgified Fabric Particles (v1) 4.0.2+824f924c19 (fabric_particles_v1)
		Forgified Fabric Recipe API (v1) 5.0.15+59440bcc19 (fabric_recipe_api_v1)
		Forgified Fabric Registry Sync (v0) 5.3.1+f9aace1619 (fabric_registry_sync_v0)
		Forgified Fabric Renderer - Indigo 1.7.1+9125b6dc19 (fabric_renderer_indigo)
		Forgified Fabric Renderer API (v1) 3.4.1+9125b6dc19 (fabric_renderer_api_v1)
		Forgified Fabric Rendering (v1) 5.1.0+1a09bd5a19 (fabric_rendering_v1)
		Forgified Fabric Rendering Data Attachment (v1) 0.3.49+73761d2e19 (fabric_rendering_data_attachment_v1)
		Forgified Fabric Rendering Fluids (v1) 3.1.6+a51883b219 (fabric_rendering_fluids_v1)
		Forgified Fabric Resource Conditions API (v1) 4.3.0+5bdd099819 (fabric_resource_conditions_api_v1)
		Forgified Fabric Resource Loader (v0) 1.3.1+4ea8954419 (fabric_resource_loader_v0)
		Forgified Fabric Screen API (v1) 2.0.25+0ae1214819 (fabric_screen_api_v1)
		Forgified Fabric Screen Handler API (v1) 1.3.90+8dbc56dd19 (fabric_screen_handler_api_v1)
		Forgified Fabric Sound API (v1) 1.0.23+10b84f8419 (fabric_sound_api_v1)
		Forgified Fabric Transfer API (v1) 5.4.3+a25cb45619 (fabric_transfer_api_v1)
		Forgified Fabric Transitive Access Wideners (v1) 6.2.0+6c854b6f19 (fabric_transitive_access_wideners_v1)
		Galosphere 1.5.3 (galosphere)
		GeckoLib 4 4.8.4 (geckolib)
		Get It Together, Drops! 1.4 (getittogetherdrops)
		Gobber for NeoForge 2.10.15 (gobber2)
		Grim kingdoms: Lost structures & ruins - Vanilla Edition 1-v1.0.0 (mr_grim_kingdomsloststructuresruinsvanillaedition)
		Guard Villagers 2.4.7 (guardvillagers)
		Hominid 1.3.2 (hominid)
		Horseman 1.5.9 (horseman)
		Iceberg 1.3.2 (iceberg)
		Iris 1.8.12-snapshot+mc1.21.1-local (iris)
		Iron's Lib 1.21.1-1.0.2 (irons_lib)
		Iron's Spells 'n Spellbooks 1.21.1-3.15.6 (irons_spellbooks)
		Iron's Spells 'n Spellbooks Dynamic Skill Tree 1.1.0 (irons_spells_dynamic_skilltree)
		Item Interactions 21.1.4 (iteminteractions)
		Jewelry (RPG Series) 2.3.2 (jewelry)
		Just Hammers 21.1.4 (justhammers)
		Kaleidoscope Cookery 1.3.0-neoforge+mc1.21.1 (kaleidoscope_cookery)
		Kambrik 8.0.0-beta.2 (kambrik)
		Konkrete 1.9.9 (konkrete)
		Kotlin For Forge 5.11.0 (kotlinforforge)
		Krypton FNP 0.2.28.1-1.21.1 (krypton_fnp)
		Ksyxis 1.4.3 (ksyxis)
		KumaAPI 21.0.7 (kuma_api)
		L_Ender's Cataclysm 1.21.1 3.27 (cataclysm)
		lionfishapi 2.7 (lionfishapi)
		Lithium 0.15.3+mc1.21.1 (lithium)
		Lithostitched 1.7.3 (lithostitched)
		Load My F***ing Tags 1.1.1+1.21.9 (lmft)
		Loot Journal 4.0.1 (loot_journal)
		Lootr 1.21.1-1.11.37.120 (lootr)
		LuckysShowcase 21.1.0 (luckysshowcase)
		Luki's Crazy Chambers 1.0.3 (mr_lukis_crazychambers)
		Luki's Grand Capitals 1.1.3 (mr_lukis_grandcapitals)
		Luki's Strongholds 1-v1.0 (mr_lukis_strongholds)
		MaxHealthFix 21.1.4 (maxhealthfix)
		Melody 1.0.10 (melody)
		Metal Bundles 21.1.1 (metalbundles)
		Minecraft 1.21.1 (minecraft)
		Modonomicon 1.120.1 (modonomicon)
		Moonlight Lib 1.21.1-3.0.7 (moonlight)
		Mowzie's Mobs 1.8.2 (mowziesmobs)
		Myths & Legends 0.0.8.5 (mythsandlegends)
		Nature's Compass 1.21.1-3.4.0-neoforge (naturescompass)
		Necronomicon 1.6.0 (necronomicon)
		NeoForge 21.1.248 (neoforge)
		Noisium 2.7.0+mc1.21-1.21.1 (noisium)
		NoPackCompatCheck 0.1.0-neoforge-mc1.21 (nopackcompatcheck)
		Numismatic Bounties 2.0 (numismatic_bounties)
		Numismatic Overhaul Reforged Again 2.0.1 (numismaticoverhaul)
		OctoLib 0.6.2 (octolib)
		Overflowing Bars 21.1.1 (overflowingbars)
		oωo 0.12.15.5-beta.1+1.21 (owo)
		Paladins & Priests (RPG Series) 2.7.1 (paladins)
		Paraglider 21.1.5 (paraglider)
		Particle Core 0.3.3+1.21+neoforge (particle_core)
		Pastel 1.1.5.5 (pastel)
		Percale 1.0.0-beta.1 (percale)
		Player Animator 2.0.4+1.21.1 (playeranimator)
		Polymorph 1.1.0+1.21.1 (polymorph)
		Ponder 1.0.82+mc1.21.1 (ponder)
		PrickleMC 21.1.11 (prickle)
		Primal 1.1.6 (primal)
		Prism 1.0.11 (prism)
		Pufferfish's Attributes 0.8.2 (puffish_attributes)
		Pufferfish's Skills 0.17.3 (puffish_skills)
		Pufferfish's Unofficial Additions 2.2.8 (pufferfish_unofficial_additions)
		Puzzles Lib 21.1.39 (puzzleslib)
		RangedWeaponAPI 2.3.3+1.21.1 (ranged_weapon_api)
		Re:Animal 0.6.0 (reanimal)
		Realm RPG: Fallen Adventurers 1.1.0 (realmrpg_skeletons)
		Realm RPG: Treasure Balloons 0.9.1 (realmrpg_balloons)
		recipeessentials mod 4.0 (recipeessentials)
		Regions Unexplored 0.6+beta4 (regions_unexplored)
		Relics (RPG Series) 1.3.0 (relics_rpgs)
		Resourcefulconfig 3.0.11 (resourcefulconfig)
		Rogues & Warriors (RPG Series) 2.7.0 (rogues)
		Runes 1.2.1+1.21.1 (runes)
		Saint's Dragons 0.6.1 (saintsdragons)
		ScalableLux 0.1.0.1+neoforge.1cb1e91 (scalablelux)
		Shared Advancements 6.1.0 (sharedadvancements)
		Shield Expansion 1.4.1 (shieldexp)
		ShieldAPI 2.2.0 (shield_api)
		Silent Lib 10.6.0 (silentlib)
		Silent's Power Scale 0.3.1.1 (powerscale)
		Skill Tree (RPG Series) 1.4.4 (skill_tree_rpgs)
		Sleep Tight 1.21-1.3.7 (sleep_tight)
		Smoothchunk mod 4.1 (smoothchunk)
		Sodium 0.6.13+mc1.21.1 (sodium)
		Sodium Dynamic Lights 1.0.9 (sodiumdynamiclights)
		Sodium Leaf Culling 1.0.1 (sodiumleafculling)
		Sodium Options API 1.0.10 (sodiumoptionsapi)
		Sodium Options Mod Compat 1.0.0 (sodiumoptionsmodcompat)
		Sophisticated Backpacks 3.25.44 (sophisticatedbackpacks)
		Sophisticated Core 1.4.38 (sophisticatedcore)
		Sophisticated Storage 1.5.46 (sophisticatedstorage)
		Soul Incursion 1.1.3 (soul_incursion)
		spark 1.10.124 (spark)
		Spell Engine 1.9.9 (spell_engine)
		Spell Power Attribute 1.4.6+1.21.1 (spell_power)
		Starcatcher 2.3.9-NEOFORGE-1.21.1 (starcatcher)
		Structure Layout Optimizer 1.0.12 (structure_layout_optimizer)
		Tiny Config 3.1.0 (tiny_config)
		Tiny Multiblock Lib 3.0 (tinymultiblocklib)
		TRansition 1.0.11 (transition)
		TRender 1.0.10 (trender)
		wd's Selling Bin 1.4.1-NEOFORGE-1.21.1 (selling_bin)
		wd's Tooltips Library 1.6 (libtooltips)
[15Aug2026 02:26:04.811] [main/DEBUG] [net.neoforged.fml.loading.moddiscovery.ModFileParser/LOADING]: Considering mod file candidate /workspaces/nnnn/servidor_minecraft/mods/runes-neoforge-1.2.1+1.21.1.jar
[15Aug2026 02:26:04.812] [main/DEBUG] [net.neoforged.fml.loading.moddiscovery.ModFileInfo/LOADING]: Found valid mod file runes-neoforge-1.2.1+1.21.1.jar with {runes} mods - versions {1.2.1+1.21.1}
[15Aug2026 02:26:04.813] [main/DEBUG] [net.neoforged.fml.loading.moddiscovery.ModFile/LOADING]: Loading mod file /workspaces/nnnn/servidor_minecraft/mods/runes-neoforge-1.2.1+1.21.1.jar with languages [LanguageSpec[languageName=javafml, acceptedVersions=[4,)]]
[15Aug2026 02:26:04.814] [main/DEBUG] [net.neoforged.fml.loading.moddiscovery.ModFile/LOADING]: Found mixin config MixinConfig[config=runes.mixins.json, requiredMods=[]]
[15Aug2026 02:26:04.815] [main/DEBUG] [net.neoforged.fml.loading.moddiscovery.ModFileParser/LOADING]: Considering mod file candidate /workspaces/nnnn/servidor_minecraft/mods/horseman-neoforge-1.21.1-1.5.9.jar
[15Aug2026 02:26:04.815] [main/DEBUG] [net.neoforged.fml.loading.moddiscovery.ModFileInfo/LOADING]: Found valid mod file horseman-neoforge-1.21.1-1.5.9.jar with {horseman} mods - versions {1.5.9}
[15Aug2026 02:26:04.815] [main/DEBUG] [net.neoforged.fml.loading.moddiscovery.ModFile/LOADING]: Loading mod file /workspaces/nnnn/servidor_minecraft/mods/horseman-neoforge-1.21.1-1.5.9.jar with languages [LanguageSpec[languageName=javafml, acceptedVersions=[4,)]]
[15Aug2026 02:26:04.815] [main/DEBUG] [net.neoforged.fml.loading.moddiscovery.ModFile/LOADING]: Found mixin config MixinConfig[config=horseman-common.mixins.json, requiredMods=[]]
[15Aug2026 02:26:04.815] [main/DEBUG] [net.neoforged.fml.loading.moddiscovery.ModFile/LOADING]: Found mixin config MixinConfig[config=horseman-neoforge.mixins.json, requiredMods=[]]
[15Aug2026 02:26:04.815] [main/DEBUG] [net.neoforged.fml.loading.moddiscovery.ModFileParser/LOADING]: Considering mod file candidate 
[15Aug2026 02:26:04.816] [main/DEBUG] [net.neoforged.fml.loading.moddiscovery.ModFileInfo/LOADING]: Found valid mod file additionalentityattributes-2.0.0+1.21.1-neoforge.jar with {additionalentityattributes} mods - versions {2.0.0+1.21.1}
[15Aug2026 02:26:04.816] [main/DEBUG] [net.neoforged.fml.loading.moddiscovery.ModFile/LOADING]: Loading mod file  with languages [LanguageSpec[languageName=javafml, acceptedVersions=[4,)]]
[15Aug2026 02:26:04.816] [main/DEBUG] [net.neoforged.fml.loading.moddiscovery.ModFile/LOADING]: Found mixin config MixinConfig[config=additionalentityattributes.mixins.json, requiredMods=[]]
[15Aug2026 02:26:04.816] [main/DEBUG] [net.neoforged.fml.loading.moddiscovery.ModFile/LOADING]: Found mixin config MixinConfig[config=additionalentityattributes.neoforge.mixins.json, requiredMods=[]]
[15Aug2026 02:26:04.816] [main/DEBUG] [net.neoforged.fml.loading.moddiscovery.ModFileParser/LOADING]: Considering mod file candidate 
[15Aug2026 02:26:04.816] [main/DEBUG] [net.neoforged.fml.loading.moddiscovery.ModFileInfo/LOADING]: Found valid mod file tiny-multiblock-lib-neo-1.21.1-3.0.jar with {tinymultiblocklib} mods - versions {3.0}
[15Aug2026 02:26:04.817] [main/DEBUG] [net.neoforged.fml.loading.moddiscovery.ModFile/LOADING]: Loading mod file  with languages [LanguageSpec[languageName=javafml, acceptedVersions=[4,)]]
[15Aug2026 02:26:04.817] [main/DEBUG] [net.neoforged.fml.loading.moddiscovery.ModFile/LOADING]: Found mixin config MixinConfig[config=tinymultiblocklib.mixins.json, requiredMods=[]]
[15Aug2026 02:26:04.817] [main/DEBUG] [net.neoforged.fml.loading.moddiscovery.ModFile/LOADING]: Found mixin config MixinConfig[config=tinymultiblocklib.neoforge.mixins.json, requiredMods=[]]
[15Aug2026 02:26:04.817] [main/DEBUG] [net.neoforged.fml.loading.moddiscovery.ModFileParser/LOADING]: Considering mod file candidate 
[15Aug2026 02:26:04.817] [main/DEBUG] [net.neoforged.fml.loading.moddiscovery.ModFileInfo/LOADING]: Found valid mod file ponder-neoforge-1.0.82+mc1.21.1.jar with {ponder} mods - versions {1.0.82+mc1.21.1}
[15Aug2026 02:26:04.817] [main/DEBUG] [net.neoforged.fml.loading.moddiscovery.ModFile/LOADING]: Loading mod file  with languages [LanguageSpec[languageName=javafml, acceptedVersions=[0,)]]
[15Aug2026 02:26:04.817] [main/DEBUG] [net.neoforged.fml.loading.moddiscovery.ModFile/LOADING]: Found mixin config MixinConfig[config=ponder.mixins.json, requiredMods=[]]
[15Aug2026 02:26:04.817] [main/DEBUG] [net.neoforged.fml.loading.moddiscovery.ModFile/LOADING]: Found mixin config MixinConfig[config=ponder-common.mixins.json, requiredMods=[]]
[15Aug2026 02:26:04.818] [main/DEBUG] [net.neoforged.fml.loading.moddiscovery.ModFileParser/LOADING]: Considering mod file candidate /workspaces/nnnn/servidor_minecraft/mods/player-animation-lib-forge-2.0.4+1.21.1.jar
[15Aug2026 02:26:04.818] [main/DEBUG] [net.neoforged.fml.loading.moddiscovery.ModFileInfo/LOADING]: Found valid mod file player-animation-lib-forge-2.0.4+1.21.1.jar with {playeranimator} mods - versions {2.0.4+1.21.1}
[15Aug2026 02:26:04.818] [main/DEBUG] [net.neoforged.fml.loading.moddiscovery.ModFile/LOADING]: Loading mod file /workspaces/nnnn/servidor_minecraft/mods/player-animation-lib-forge-2.0.4+1.21.1.jar with languages [LanguageSpec[languageName=javafml, acceptedVersions=*]]
[15Aug2026 02:26:04.820] [main/DEBUG] [net.neoforged.fml.loading.moddiscovery.ModFile/LOADING]: Found mixin config MixinConfig[config=playerAnimator-common.mixins.json, requiredMods=[]]
[15Aug2026 02:26:04.820] [main/DEBUG] [net.neoforged.fml.loading.moddiscovery.ModFileParser/LOADING]: Considering mod file candidate /workspaces/nnnn/servidor_minecraft/mods/alloy_smelter-neoforge-1.21.1-1.2.1.jar
[15Aug2026 02:26:04.821] [main/DEBUG] [net.neoforged.fml.loading.moddiscovery.ModFileInfo/LOADING]: Found valid mod file alloy_smelter-neoforge-1.21.1-1.2.1.jar with {alloy_smelter} mods - versions {1.2.1}
[15Aug2026 02:26:04.821] [main/DEBUG] [net.neoforged.fml.loading.moddiscovery.ModFile/LOADING]: Loading mod file /workspaces/nnnn/servidor_minecraft/mods/alloy_smelter-neoforge-1.21.1-1.2.1.jar with languages [LanguageSpec[languageName=javafml, acceptedVersions=[4,)]]
[15Aug2026 02:26:04.821] [main/DEBUG] [net.neoforged.fml.loading.moddiscovery.ModFile/LOADING]: Found mixin config MixinConfig[config=alloy_smelter.mixins.json, requiredMods=[]]
[15Aug2026 02:26:04.822] [main/DEBUG] [net.neoforged.fml.loading.moddiscovery.ModFileParser/LOADING]: Considering mod file candidate 
[15Aug2026 02:26:04.822] [main/DEBUG] [net.neoforged.fml.loading.moddiscovery.ModFileInfo/LOADING]: Found valid mod file fabric-rendering-fluids-v1-3.1.6+a51883b219.jar with {fabric_rendering_fluids_v1} mods - versions {3.1.6+a51883b219}
[15Aug2026 02:26:04.822] [main/DEBUG] [net.neoforged.fml.loading.moddiscovery.ModFile/LOADING]: Loading mod file  with languages [LanguageSpec[languageName=javafml, acceptedVersions=[1,)]]
[15Aug2026 02:26:04.822] [main/DEBUG] [net.neoforged.fml.loading.moddiscovery.ModFile/LOADING]: Found mixin config MixinConfig[config=fabric-rendering-fluids-v1.mixins.json, requiredMods=[]]
[15Aug2026 02:26:04.822] [main/DEBUG] [net.neoforged.fml.loading.moddiscovery.ModFileParser/LOADING]: Considering mod file candidate 
[15Aug2026 02:26:04.823] [main/DEBUG] [net.neoforged.fml.loading.moddiscovery.ModFileInfo/LOADING]: Found valid mod file wds-selling-bin-nrGOzmNu.jar with {selling_bin} mods - versions {1.4.1-NEOFORGE-1.21.1}
[15Aug2026 02:26:04.823] [main/DEBUG] [net.neoforged.fml.loading.moddiscovery.ModFile/LOADING]: Loading mod file  with languages [LanguageSpec[languageName=javafml, acceptedVersions=[2,]]]
[15Aug2026 02:26:04.823] [main/DEBUG] [net.neoforged.fml.loading.moddiscovery.ModFileParser/LOADING]: Considering mod file candidate 
[15Aug2026 02:26:04.823] [main/DEBUG] [net.neoforged.fml.loading.moddiscovery.ModFileInfo/LOADING]: Found valid mod file fabric-convention-tags-v1-2.1.5+7f945d5b19.jar with {fabric_convention_tags_v1} mods - versions {2.1.5+7f945d5b19}
[15Aug2026 02:26:04.823] [main/DEBUG] [net.neoforged.fml.loading.moddiscovery.ModFile/LOADING]: Loading mod file  with languages [LanguageSpec[languageName=javafml, acceptedVersions=[1,)]]
[15Aug2026 02:26:04.823] [main/DEBUG] [net.neoforged.fml.loading.moddiscovery.ModFileParser/LOADING]: Considering mod file candidate /workspaces/nnnn/servidor_minecraft/libraries/net/neoforged/neoforge/21.1.248/neoforge-21.1.248-universal.jar
[15Aug2026 02:26:04.824] [main/DEBUG] [net.neoforged.fml.loading.moddiscovery.ModFileInfo/LOADING]: Found valid mod file neoforge-21.1.248-universal.jar with {neoforge} mods - versions {21.1.248}
[15Aug2026 02:26:04.824] [main/DEBUG] [net.neoforged.fml.loading.moddiscovery.ModFile/LOADING]: Loading mod file /workspaces/nnnn/servidor_minecraft/libraries/net/neoforged/neoforge/21.1.248/neoforge-21.1.248-universal.jar with languages [LanguageSpec[languageName=javafml, acceptedVersions=[3,]]]
[15Aug2026 02:26:04.824] [main/DEBUG] [net.neoforged.fml.loading.moddiscovery.ModFile/LOADING]: Found mixin config MixinConfig[config=neoforge.mixins.json, requiredMods=[]]
[15Aug2026 02:26:04.824] [main/DEBUG] [net.neoforged.fml.loading.moddiscovery.ModFileParser/LOADING]: Considering mod file candidate 
[15Aug2026 02:26:04.825] [main/DEBUG] [net.neoforged.fml.loading.moddiscovery.ModFileInfo/LOADING]: Found valid mod file fabric-command-api-v2-2.2.28+36d727be19.jar with {fabric_command_api_v2} mods - versions {2.2.28+36d727be19}
[15Aug2026 02:26:04.825] [main/DEBUG] [net.neoforged.fml.loading.moddiscovery.ModFile/LOADING]: Loading mod file  with languages [LanguageSpec[languageName=javafml, acceptedVersions=[1,)]]
[15Aug2026 02:26:04.825] [main/DEBUG] [net.neoforged.fml.loading.moddiscovery.ModFile/LOADING]: Found mixin config MixinConfig[config=fabric-command-api-v2.mixins.json, requiredMods=[]]
[15Aug2026 02:26:04.825] [main/DEBUG] [net.neoforged.fml.loading.moddiscovery.ModFile/LOADING]: Found mixin config MixinConfig[config=fabric-command-api-v2.client.mixins.json, requiredMods=[]]
[15Aug2026 02:26:04.825] [main/DEBUG] [net.neoforged.fml.loading.moddiscovery.ModFileParser/LOADING]: Considering mod file candidate 
[15Aug2026 02:26:04.825] [main/DEBUG] [net.neoforged.fml.loading.moddiscovery.ModFileInfo/LOADING]: Found valid mod file fabric-convention-tags-v2-2.11.1+87e5848019.jar with {fabric_convention_tags_v2} mods - versions {2.11.1+87e5848019}
[15Aug2026 02:26:04.826] [main/DEBUG] [net.neoforged.fml.loading.moddiscovery.ModFile/LOADING]: Loading mod file  with languages [LanguageSpec[languageName=javafml, acceptedVersions=[1,)]]
[15Aug2026 02:26:04.826] [main/DEBUG] [net.neoforged.fml.loading.moddiscovery.ModFile/LOADING]: Found mixin config MixinConfig[config=fabric-convention-tags-api-v2.mixins.json, requiredMods=[]]
[15Aug2026 02:26:04.826] [main/DEBUG] [net.neoforged.fml.loading.moddiscovery.ModFileParser/LOADING]: Considering mod file candidate 
[15Aug2026 02:26:04.826] [main/DEBUG] [net.neoforged.fml.loading.moddiscovery.ModFileInfo/LOADING]: Found valid mod file fabric-block-view-api-v2-1.0.11+e9036fd419.jar with {fabric_block_view_api_v2} mods - versions {1.0.11+e9036fd419}
[15Aug2026 02:26:04.826] [main/DEBUG] [net.neoforged.fml.loading.moddiscovery.ModFile/LOADING]: Loading mod file  with languages [LanguageSpec[languageName=javafml, acceptedVersions=[1,)]]
[15Aug2026 02:26:04.826] [main/DEBUG] [net.neoforged.fml.loading.moddiscovery.ModFile/LOADING]: Found mixin config MixinConfig[config=fabric-block-view-api-v2.mixins.json, requiredMods=[]]
[15Aug2026 02:26:04.826] [main/DEBUG] [net.neoforged.fml.loading.moddiscovery.ModFile/LOADING]: Found mixin config MixinConfig[config=fabric-block-view-api-v2.client.mixins.json, requiredMods=[]]
[15Aug2026 02:26:04.826] [main/DEBUG] [net.neoforged.fml.loading.moddiscovery.ModFileParser/LOADING]: Considering mod file candidate /workspaces/nnnn/servidor_minecraft/mods/krypton_fnp-neoforge-1.21.1-0.2.28.1-1.21.1.jar
[15Aug2026 02:26:04.827] [main/DEBUG] [net.neoforged.fml.loading.moddiscovery.ModFileInfo/LOADING]: Found valid mod file krypton_fnp-neoforge-1.21.1-0.2.28.1-1.21.1.jar with {krypton_fnp} mods - versions {0.2.28.1-1.21.1}
[15Aug2026 02:26:04.827] [main/DEBUG] [net.neoforged.fml.loading.moddiscovery.ModFile/LOADING]: Loading mod file /workspaces/nnnn/servidor_minecraft/mods/krypton_fnp-neoforge-1.21.1-0.2.28.1-1.21.1.jar with languages [LanguageSpec[languageName=javafml, acceptedVersions=[4,)]]
[15Aug2026 02:26:04.827] [main/DEBUG] [net.neoforged.fml.loading.moddiscovery.ModFile/LOADING]: Found mixin config MixinConfig[config=krypton_fnp.mixins.json, requiredMods=[]]
[15Aug2026 02:26:04.828] [main/DEBUG] [net.neoforged.fml.loading.moddiscovery.ModFileParser/LOADING]: Considering mod file candidate /workspaces/nnnn/servidor_minecraft/mods/iris-neoforge-1.8.12+mc1.21.1.jar
[15Aug2026 02:26:04.828] [main/DEBUG] [net.neoforged.fml.loading.moddiscovery.ModFileInfo/LOADING]: Found valid mod file iris-neoforge-1.8.12+mc1.21.1.jar with {iris} mods - versions {1.8.12-snapshot+mc1.21.1-local}
[15Aug2026 02:26:04.828] [main/DEBUG] [net.neoforged.fml.loading.moddiscovery.ModFile/LOADING]: Loading mod file /workspaces/nnnn/servidor_minecraft/mods/iris-neoforge-1.8.12+mc1.21.1.jar with languages [LanguageSpec[languageName=javafml, acceptedVersions=*]]
[15Aug2026 02:26:04.828] [main/DEBUG] [net.neoforged.fml.loading.moddiscovery.ModFile/LOADING]: Found mixin config MixinConfig[config=mixins.iris.json, requiredMods=[]]
[15Aug2026 02:26:04.828] [main/DEBUG] [net.neoforged.fml.loading.moddiscovery.ModFile/LOADING]: Found mixin config MixinConfig[config=mixins.iris.fantastic.json, requiredMods=[]]
[15Aug2026 02:26:04.829] [main/DEBUG] [net.neoforged.fml.loading.moddiscovery.ModFile/LOADING]: Found mixin config MixinConfig[config=mixins.iris.vertexformat.json, requiredMods=[]]
[15Aug2026 02:26:04.829] [main/DEBUG] [net.neoforged.fml.loading.moddiscovery.ModFile/LOADING]: Found mixin config MixinConfig[config=iris-batched-entity-rendering.mixins.json, requiredMods=[]]
[15Aug2026 02:26:04.829] [main/DEBUG] [net.neoforged.fml.loading.moddiscovery.ModFile/LOADING]: Found mixin config MixinConfig[config=mixins.iris.compat.sodium.json, requiredMods=[]]
[15Aug2026 02:26:04.829] [main/DEBUG] [net.neoforged.fml.loading.moddiscovery.ModFile/LOADING]: Found mixin config MixinConfig[config=mixins.iris.compat.dh.json, requiredMods=[]]
[15Aug2026 02:26:04.829] [main/DEBUG] [net.neoforged.fml.loading.moddiscovery.ModFile/LOADING]: Found mixin config MixinConfig[config=mixins.iris.forge.json, requiredMods=[]]
[15Aug2026 02:26:04.829] [main/DEBUG] [net.neoforged.fml.loading.moddiscovery.ModFileParser/LOADING]: Considering mod file candidate /workspaces/nnnn/servidor_minecraft/mods/maxhealthfix-neoforge-1.21.1-21.1.4.jar
[15Aug2026 02:26:04.829] [main/DEBUG] [net.neoforged.fml.loading.moddiscovery.ModFileInfo/LOADING]: Found valid mod file maxhealthfix-neoforge-1.21.1-21.1.4.jar with {maxhealthfix} mods - versions {21.1.4}
[15Aug2026 02:26:04.829] [main/DEBUG] [net.neoforged.fml.loading.moddiscovery.ModFile/LOADING]: Loading mod file /workspaces/nnnn/servidor_minecraft/mods/maxhealthfix-neoforge-1.21.1-21.1.4.jar with languages [LanguageSpec[languageName=javafml, acceptedVersions=[4,)]]
[15Aug2026 02:26:04.829] [main/DEBUG] [net.neoforged.fml.loading.moddiscovery.ModFile/LOADING]: Found mixin config MixinConfig[config=maxhealthfix.mixins.json, requiredMods=[]]
[15Aug2026 02:26:04.830] [main/DEBUG] [net.neoforged.fml.loading.moddiscovery.ModFile/LOADING]: Found mixin config MixinConfig[config=maxhealthfix.neoforge.mixins.json, requiredMods=[]]
[15Aug2026 02:26:04.830] [main/DEBUG] [net.neoforged.fml.loading.moddiscovery.ModFileParser/LOADING]: Considering mod file candidate 
[15Aug2026 02:26:04.830] [main/DEBUG] [net.neoforged.fml.loading.moddiscovery.ModFileInfo/LOADING]: Found valid mod file tiny-config-3.1.0-neoforge.jar with {tiny_config} mods - versions {3.1.0}
[15Aug2026 02:26:04.830] [main/DEBUG] [net.neoforged.fml.loading.moddiscovery.ModFile/LOADING]: Loading mod file  with languages [LanguageSpec[languageName=javafml, acceptedVersions=[4,)]]
[15Aug2026 02:26:04.830] [main/DEBUG] [net.neoforged.fml.loading.moddiscovery.ModFile/LOADING]: Found mixin config MixinConfig[config=tiny_config.mixins.json, requiredMods=[]]
[15Aug2026 02:26:04.830] [main/DEBUG] [net.neoforged.fml.loading.moddiscovery.ModFileParser/LOADING]: Considering mod file candidate /workspaces/nnnn/servidor_minecraft/mods/kambrik-neoforge-8.0.0-beta.2.jar
[15Aug2026 02:26:04.831] [main/DEBUG] [net.neoforged.fml.loading.moddiscovery.ModFileInfo/LOADING]: Found valid mod file kambrik-neoforge-8.0.0-beta.2.jar with {kambrik} mods - versions {8.0.0-beta.2}
[15Aug2026 02:26:04.831] [main/DEBUG] [net.neoforged.fml.loading.moddiscovery.ModFile/LOADING]: Loading mod file /workspaces/nnnn/servidor_minecraft/mods/kambrik-neoforge-8.0.0-beta.2.jar with languages [LanguageSpec[languageName=kotlinforforge, acceptedVersions=[5,)]]
[15Aug2026 02:26:04.831] [main/DEBUG] [net.neoforged.fml.loading.moddiscovery.ModFile/LOADING]: Found mixin config MixinConfig[config=kambrik.mixins.json, requiredMods=[]]
[15Aug2026 02:26:04.831] [main/DEBUG] [net.neoforged.fml.loading.moddiscovery.ModFileParser/LOADING]: Considering mod file candidate /workspaces/nnnn/servidor_minecraft/mods/biolith-neoforge-3.0.11.jar
[15Aug2026 02:26:04.831] [main/DEBUG] [net.neoforged.fml.loading.moddiscovery.ModFileInfo/LOADING]: Found valid mod file biolith-neoforge-3.0.11.jar with {biolith} mods - versions {3.0.11}
[15Aug2026 02:26:04.831] [main/DEBUG] [net.neoforged.fml.loading.moddiscovery.ModFile/LOADING]: Loading mod file /workspaces/nnnn/servidor_minecraft/mods/biolith-neoforge-3.0.11.jar with languages [LanguageSpec[languageName=javafml, acceptedVersions=[1,)]]
[15Aug2026 02:26:04.831] [main/DEBUG] [net.neoforged.fml.loading.moddiscovery.ModFile/LOADING]: Found mixin config MixinConfig[config=biolith.mixins.json, requiredMods=[]]
[15Aug2026 02:26:04.832] [main/DEBUG] [net.neoforged.fml.loading.moddiscovery.ModFile/LOADING]: Found mixin config MixinConfig[config=biolith.neoforge.mixins.json, requiredMods=[]]
[15Aug2026 02:26:04.832] [main/DEBUG] [net.neoforged.fml.loading.moddiscovery.ModFileParser/LOADING]: Considering mod file candidate /workspaces/nnnn/servidor_minecraft/mods/guardvillagers-2.4.7-1.21.1.jar
[15Aug2026 02:26:04.832] [main/DEBUG] [net.neoforged.fml.loading.moddiscovery.ModFileInfo/LOADING]: Found valid mod file guardvillagers-2.4.7-1.21.1.jar with {guardvillagers} mods - versions {2.4.7}
[15Aug2026 02:26:04.832] [main/DEBUG] [net.neoforged.fml.loading.moddiscovery.ModFile/LOADING]: Loading mod file /workspaces/nnnn/servidor_minecraft/mods/guardvillagers-2.4.7-1.21.1.jar with languages [LanguageSpec[languageName=javafml, acceptedVersions=[2,)]]
[15Aug2026 02:26:04.832] [main/DEBUG] [net.neoforged.fml.loading.moddiscovery.ModFile/LOADING]: Found mixin config MixinConfig[config=guardvillagers.mixins.json, requiredMods=[]]
[15Aug2026 02:26:04.832] [main/DEBUG] [net.neoforged.fml.loading.moddiscovery.ModFileParser/LOADING]: Considering mod file candidate /workspaces/nnnn/servidor_minecraft/mods/balm-neoforge-1.21.1-21.0.56.jar
[15Aug2026 02:26:04.833] [main/DEBUG] [net.neoforged.fml.loading.moddiscovery.ModFileInfo/LOADING]: Found valid mod file balm-neoforge-1.21.1-21.0.56.jar with {balm} mods - versions {21.0.56}
[15Aug2026 02:26:04.833] [main/DEBUG] [net.neoforged.fml.loading.moddiscovery.ModFile/LOADING]: Loading mod file /workspaces/nnnn/servidor_minecraft/mods/balm-neoforge-1.21.1-21.0.56.jar with languages [LanguageSpec[languageName=javafml, acceptedVersions=[1,)]]
[15Aug2026 02:26:04.833] [main/DEBUG] [net.neoforged.fml.loading.moddiscovery.ModFile/LOADING]: Found mixin config MixinConfig[config=balm.mixins.json, requiredMods=[]]
[15Aug2026 02:26:04.833] [main/DEBUG] [net.neoforged.fml.loading.moddiscovery.ModFile/LOADING]: Found mixin config MixinConfig[config=balm.neoforge.mixins.json, requiredMods=[]]
[15Aug2026 02:26:04.833] [main/DEBUG] [net.neoforged.fml.loading.moddiscovery.ModFileParser/LOADING]: Considering mod file candidate 
[15Aug2026 02:26:04.833] [main/DEBUG] [net.neoforged.fml.loading.moddiscovery.ModFileInfo/LOADING]: Found valid mod file fabric-screen-api-v1-2.0.25+0ae1214819.jar with {fabric_screen_api_v1} mods - versions {2.0.25+0ae1214819}
[15Aug2026 02:26:04.833] [main/DEBUG] [net.neoforged.fml.loading.moddiscovery.ModFile/LOADING]: Loading mod file  with languages [LanguageSpec[languageName=javafml, acceptedVersions=[1,)]]
[15Aug2026 02:26:04.833] [main/DEBUG] [net.neoforged.fml.loading.moddiscovery.ModFile/LOADING]: Found mixin config MixinConfig[config=fabric-screen-api-v1.mixins.json, requiredMods=[]]
[15Aug2026 02:26:04.834] [main/DEBUG] [net.neoforged.fml.loading.moddiscovery.ModFileParser/LOADING]: Considering mod file candidate /workspaces/nnnn/servidor_minecraft/mods/prickle-neoforge-1.21.1-21.1.11.jar
[15Aug2026 02:26:04.834] [main/DEBUG] [net.neoforged.fml.loading.moddiscovery.ModFileInfo/LOADING]: Found valid mod file prickle-neoforge-1.21.1-21.1.11.jar with {prickle} mods - versions {21.1.11}
[15Aug2026 02:26:04.834] [main/DEBUG] [net.neoforged.fml.loading.moddiscovery.ModFile/LOADING]: Loading mod file /workspaces/nnnn/servidor_minecraft/mods/prickle-neoforge-1.21.1-21.1.11.jar with languages [LanguageSpec[languageName=javafml, acceptedVersions=[4,)]]
[15Aug2026 02:26:04.834] [main/DEBUG] [net.neoforged.fml.loading.moddiscovery.ModFile/LOADING]: Found mixin config MixinConfig[config=prickle.mixins.json, requiredMods=[]]
[15Aug2026 02:26:04.834] [main/DEBUG] [net.neoforged.fml.loading.moddiscovery.ModFile/LOADING]: Found mixin config MixinConfig[config=prickle.neoforge.mixins.json, requiredMods=[]]
[15Aug2026 02:26:04.834] [main/DEBUG] [net.neoforged.fml.loading.moddiscovery.ModFileParser/LOADING]: Considering mod file candidate /workspaces/nnnn/servidor_minecraft/mods/copperagebackport_durability_fix-neoforge-0.1.0.jar
[15Aug2026 02:26:04.835] [main/DEBUG] [net.neoforged.fml.loading.moddiscovery.ModFileInfo/LOADING]: Found valid mod file copperagebackport_durability_fix-neoforge-0.1.0.jar with {copperagebackport_durability_fix} mods - versions {0.1.0}
[15Aug2026 02:26:04.835] [main/DEBUG] [net.neoforged.fml.loading.moddiscovery.ModFile/LOADING]: Loading mod file /workspaces/nnnn/servidor_minecraft/mods/copperagebackport_durability_fix-neoforge-0.1.0.jar with languages [LanguageSpec[languageName=javafml, acceptedVersions=[1,)]]
[15Aug2026 02:26:04.835] [main/DEBUG] [net.neoforged.fml.loading.moddiscovery.ModFile/LOADING]: Found mixin config MixinConfig[config=copper-age-backport-durability-fix.mixins.json, requiredMods=[]]
[15Aug2026 02:26:04.835] [main/DEBUG] [net.neoforged.fml.loading.moddiscovery.ModFileParser/LOADING]: Considering mod file candidate /workspaces/nnnn/servidor_minecraft/mods/structure_layout_optimizer-neoforge-1.0.12.jar
[15Aug2026 02:26:04.835] [main/DEBUG] [net.neoforged.fml.loading.moddiscovery.ModFileInfo/LOADING]: Found valid mod file structure_layout_optimizer-neoforge-1.0.12.jar with {structure_layout_optimizer} mods - versions {1.0.12}
[15Aug2026 02:26:04.836] [main/DEBUG] [net.neoforged.fml.loading.moddiscovery.ModFile/LOADING]: Loading mod file /workspaces/nnnn/servidor_minecraft/mods/structure_layout_optimizer-neoforge-1.0.12.jar with languages [LanguageSpec[languageName=javafml, acceptedVersions=[4,)]]
[15Aug2026 02:26:04.836] [main/DEBUG] [net.neoforged.fml.loading.moddiscovery.ModFile/LOADING]: Found mixin config MixinConfig[config=structure_layout_optimizer.mixins.json, requiredMods=[]]
[15Aug2026 02:26:04.836] [main/DEBUG] [net.neoforged.fml.loading.moddiscovery.ModFileParser/LOADING]: Considering mod file candidate /workspaces/nnnn/servidor_minecraft/mods/cloth-config-15.0.140-neoforge.jar
[15Aug2026 02:26:04.836] [main/DEBUG] [net.neoforged.fml.loading.moddiscovery.ModFileInfo/LOADING]: Found valid mod file cloth-config-15.0.140-neoforge.jar with {cloth_config} mods - versions {15.0.140}
[15Aug2026 02:26:04.836] [main/DEBUG] [net.neoforged.fml.loading.moddiscovery.ModFile/LOADING]: Loading mod file /workspaces/nnnn/servidor_minecraft/mods/cloth-config-15.0.140-neoforge.jar with languages [LanguageSpec[languageName=javafml, acceptedVersions=[1,)]]
[15Aug2026 02:26:04.836] [main/DEBUG] [net.neoforged.fml.loading.moddiscovery.ModFileParser/LOADING]: Considering mod file candidate /workspaces/nnnn/servidor_minecraft/mods/Paraglider-neoforge-21.1.5.jar
[15Aug2026 02:26:04.837] [main/DEBUG] [net.neoforged.fml.loading.moddiscovery.ModFileInfo/LOADING]: Found valid mod file Paraglider-neoforge-21.1.5.jar with {paraglider} mods - versions {21.1.5}
[15Aug2026 02:26:04.837] [main/DEBUG] [net.neoforged.fml.loading.moddiscovery.ModFile/LOADING]: Loading mod file /workspaces/nnnn/servidor_minecraft/mods/Paraglider-neoforge-21.1.5.jar with languages [LanguageSpec[languageName=javafml, acceptedVersions=[4,)]]
[15Aug2026 02:26:04.837] [main/DEBUG] [net.neoforged.fml.loading.moddiscovery.ModFile/LOADING]: Found mixin config MixinConfig[config=paraglider.mixins.json, requiredMods=[]]
[15Aug2026 02:26:04.837] [main/DEBUG] [net.neoforged.fml.loading.moddiscovery.ModFileParser/LOADING]: Considering mod file candidate /workspaces/nnnn/servidor_minecraft/mods/archers-neoforge-2.7.0+1.21.1.jar
[15Aug2026 02:26:04.837] [main/DEBUG] [net.neoforged.fml.loading.moddiscovery.ModFileInfo/LOADING]: Found valid mod file archers-neoforge-2.7.0+1.21.1.jar with {archers} mods - versions {2.7.0}
[15Aug2026 02:26:04.837] [main/DEBUG] [net.neoforged.fml.loading.moddiscovery.ModFile/LOADING]: Loading mod file /workspaces/nnnn/servidor_minecraft/mods/archers-neoforge-2.7.0+1.21.1.jar with languages [LanguageSpec[languageName=javafml, acceptedVersions=[4,)]]
[15Aug2026 02:26:04.837] [main/DEBUG] [net.neoforged.fml.loading.moddiscovery.ModFile/LOADING]: Found mixin config MixinConfig[config=archers.mixins.json, requiredMods=[]]
[15Aug2026 02:26:04.837] [main/DEBUG] [net.neoforged.fml.loading.moddiscovery.ModFileParser/LOADING]: Considering mod file candidate /workspaces/nnnn/servidor_minecraft/mods/eternalstarlight-0.7.0-hotfix+1.21.1+neoforge.jar
[15Aug2026 02:26:04.838] [main/DEBUG] [net.neoforged.fml.loading.moddiscovery.ModFileInfo/LOADING]: Found valid mod file eternalstarlight-0.7.0-hotfix+1.21.1+neoforge.jar with {eternal_starlight} mods - versions {0.7.0-hotfix+1.21.1+neoforge}
[15Aug2026 02:26:04.838] [main/DEBUG] [net.neoforged.fml.loading.moddiscovery.ModFile/LOADING]: Loading mod file /workspaces/nnnn/servidor_minecraft/mods/eternalstarlight-0.7.0-hotfix+1.21.1+neoforge.jar with languages [LanguageSpec[languageName=javafml, acceptedVersions=*]]
[15Aug2026 02:26:04.838] [main/DEBUG] [net.neoforged.fml.loading.moddiscovery.ModFile/LOADING]: Found mixin config MixinConfig[config=eternal_starlight.mixins.json, requiredMods=[]]
[15Aug2026 02:26:04.838] [main/DEBUG] [net.neoforged.fml.loading.moddiscovery.ModFile/LOADING]: Found mixin config MixinConfig[config=eternal_starlight-common.mixins.json, requiredMods=[]]
[15Aug2026 02:26:04.838] [main/DEBUG] [net.neoforged.fml.loading.moddiscovery.ModFileParser/LOADING]: Considering mod file candidate /workspaces/nnnn/servidor_minecraft/mods/corpse-neoforge-1.21.1-1.1.13.jar
[15Aug2026 02:26:04.839] [main/DEBUG] [net.neoforged.fml.loading.moddiscovery.ModFileInfo/LOADING]: Found valid mod file corpse-neoforge-1.21.1-1.1.13.jar with {corpse} mods - versions {1.21.1-1.1.13}
[15Aug2026 02:26:04.839] [main/DEBUG] [net.neoforged.fml.loading.moddiscovery.ModFile/LOADING]: Loading mod file /workspaces/nnnn/servidor_minecraft/mods/corpse-neoforge-1.21.1-1.1.13.jar with languages [LanguageSpec[languageName=javafml, acceptedVersions=*]]
[15Aug2026 02:26:04.839] [main/DEBUG] [net.neoforged.fml.loading.moddiscovery.ModFileParser/LOADING]: Considering mod file candidate /workspaces/nnnn/servidor_minecraft/mods/lmft-1.1.1+1.21.9-neoforge.jar
[15Aug2026 02:26:04.839] [main/DEBUG] [net.neoforged.fml.loading.moddiscovery.ModFileInfo/LOADING]: Found valid mod file lmft-1.1.1+1.21.9-neoforge.jar with {lmft} mods - versions {1.1.1+1.21.9}
[15Aug2026 02:26:04.839] [main/DEBUG] [net.neoforged.fml.loading.moddiscovery.ModFile/LOADING]: Loading mod file /workspaces/nnnn/servidor_minecraft/mods/lmft-1.1.1+1.21.9-neoforge.jar with languages [LanguageSpec[languageName=javafml, acceptedVersions=[1,)]]
[15Aug2026 02:26:04.839] [main/DEBUG] [net.neoforged.fml.loading.moddiscovery.ModFile/LOADING]: Found mixin config MixinConfig[config=lmft-common.mixins.json, requiredMods=[]]
[15Aug2026 02:26:04.839] [main/DEBUG] [net.neoforged.fml.loading.moddiscovery.ModFileParser/LOADING]: Considering mod file candidate /workspaces/nnnn/servidor_minecraft/mods/power-scale-1.21.1-neoforge-0.3.1.1.jar
[15Aug2026 02:26:04.840] [main/DEBUG] [net.neoforged.fml.loading.moddiscovery.ModFileInfo/LOADING]: Found valid mod file power-scale-1.21.1-neoforge-0.3.1.1.jar with {powerscale} mods - versions {0.3.1.1}
[15Aug2026 02:26:04.840] [main/DEBUG] [net.neoforged.fml.loading.moddiscovery.ModFile/LOADING]: Loading mod file /workspaces/nnnn/servidor_minecraft/mods/power-scale-1.21.1-neoforge-0.3.1.1.jar with languages [LanguageSpec[languageName=javafml, acceptedVersions=[4,)]]
[15Aug2026 02:26:04.840] [main/DEBUG] [net.neoforged.fml.loading.moddiscovery.ModFileParser/LOADING]: Considering mod file candidate /workspaces/nnnn/servidor_minecraft/mods/cataclysm_compat_1.21.1-1.0.2.jar
[15Aug2026 02:26:04.840] [main/DEBUG] [net.neoforged.fml.loading.moddiscovery.ModFileInfo/LOADING]: Found valid mod file cataclysm_compat_1.21.1-1.0.2.jar with {cataclysm_compat} mods - versions {1.0.2}
[15Aug2026 02:26:04.840] [main/DEBUG] [net.neoforged.fml.loading.moddiscovery.ModFile/LOADING]: Loading mod file /workspaces/nnnn/servidor_minecraft/mods/cataclysm_compat_1.21.1-1.0.2.jar with languages [LanguageSpec[languageName=javafml, acceptedVersions=[1,)]]
[15Aug2026 02:26:04.840] [main/DEBUG] [net.neoforged.fml.loading.moddiscovery.ModFileParser/LOADING]: Considering mod file candidate /workspaces/nnnn/servidor_minecraft/mods/copperagebackport-neoforge-1.21.1-0.1.4.jar
[15Aug2026 02:26:04.841] [main/DEBUG] [net.neoforged.fml.loading.moddiscovery.ModFileInfo/LOADING]: Found valid mod file copperagebackport-neoforge-1.21.1-0.1.4.jar with {copperagebackport} mods - versions {0.1.4}
[15Aug2026 02:26:04.841] [main/DEBUG] [net.neoforged.fml.loading.moddiscovery.ModFile/LOADING]: Loading mod file /workspaces/nnnn/servidor_minecraft/mods/copperagebackport-neoforge-1.21.1-0.1.4.jar with languages [LanguageSpec[languageName=javafml, acceptedVersions=[4,)]]
[15Aug2026 02:26:04.841] [main/DEBUG] [net.neoforged.fml.loading.moddiscovery.ModFile/LOADING]: Found mixin config MixinConfig[config=copperagebackport.neoforge.mixins.json, requiredMods=[]]
[15Aug2026 02:26:04.841] [main/DEBUG] [net.neoforged.fml.loading.moddiscovery.ModFileParser/LOADING]: Considering mod file candidate 
[15Aug2026 02:26:04.841] [main/DEBUG] [net.neoforged.fml.loading.moddiscovery.ModFileInfo/LOADING]: Found valid mod file fabric-game-rule-api-v1-1.0.53+36d727be19.jar with {fabric_game_rule_api_v1} mods - versions {1.0.53+36d727be19}
[15Aug2026 02:26:04.841] [main/DEBUG] [net.neoforged.fml.loading.moddiscovery.ModFile/LOADING]: Loading mod file  with languages [LanguageSpec[languageName=javafml, acceptedVersions=[1,)]]
[15Aug2026 02:26:04.841] [main/DEBUG] [net.neoforged.fml.loading.moddiscovery.ModFile/LOADING]: Found mixin config MixinConfig[config=fabric-game-rule-api-v1.mixins.json, requiredMods=[]]
[15Aug2026 02:26:04.841] [main/DEBUG] [net.neoforged.fml.loading.moddiscovery.ModFile/LOADING]: Found mixin config MixinConfig[config=fabric-game-rule-api-v1.client.mixins.json, requiredMods=[]]
[15Aug2026 02:26:04.841] [main/DEBUG] [net.neoforged.fml.loading.moddiscovery.ModFileParser/LOADING]: Considering mod file candidate /workspaces/nnnn/servidor_minecraft/mods/block_factorys_bosses-2.1.1-neo-1.21.1.jar
[15Aug2026 02:26:04.842] [main/DEBUG] [net.neoforged.fml.loading.moddiscovery.ModFileInfo/LOADING]: Found valid mod file block_factorys_bosses-2.1.1-neo-1.21.1.jar with {block_factorys_bosses} mods - versions {2.1.1}
[15Aug2026 02:26:04.842] [main/DEBUG] [net.neoforged.fml.loading.moddiscovery.ModFile/LOADING]: Loading mod file /workspaces/nnnn/servidor_minecraft/mods/block_factorys_bosses-2.1.1-neo-1.21.1.jar with languages [LanguageSpec[languageName=javafml, acceptedVersions=[4,)]]
[15Aug2026 02:26:04.842] [main/DEBUG] [net.neoforged.fml.loading.moddiscovery.ModFile/LOADING]: Found mixin config MixinConfig[config=block_factorys_bosses.mixins.json, requiredMods=[]]
[15Aug2026 02:26:04.842] [main/DEBUG] [net.neoforged.fml.loading.moddiscovery.ModFileParser/LOADING]: Considering mod file candidate /workspaces/nnnn/servidor_minecraft/mods/loot_journal-neoforge-1.21.1-4.0.1.jar
[15Aug2026 02:26:04.843] [main/DEBUG] [net.neoforged.fml.loading.moddiscovery.ModFileInfo/LOADING]: Found valid mod file loot_journal-neoforge-1.21.1-4.0.1.jar with {loot_journal} mods - versions {4.0.1}
[15Aug2026 02:26:04.843] [main/DEBUG] [net.neoforged.fml.loading.moddiscovery.ModFile/LOADING]: Loading mod file /workspaces/nnnn/servidor_minecraft/mods/loot_journal-neoforge-1.21.1-4.0.1.jar with languages [LanguageSpec[languageName=javafml, acceptedVersions=[4,)]]
[15Aug2026 02:26:04.843] [main/DEBUG] [net.neoforged.fml.loading.moddiscovery.ModFile/LOADING]: Found mixin config MixinConfig[config=loot_journal.mixins.json, requiredMods=[]]
[15Aug2026 02:26:04.843] [main/DEBUG] [net.neoforged.fml.loading.moddiscovery.ModFile/LOADING]: Found mixin config MixinConfig[config=loot_journal.neoforge.mixins.json, requiredMods=[]]
[15Aug2026 02:26:04.843] [main/DEBUG] [net.neoforged.fml.loading.moddiscovery.ModFileParser/LOADING]: Considering mod file candidate /workspaces/nnnn/servidor_minecraft/mods/just-hammers-neoforge-21.1.4.jar
[15Aug2026 02:26:04.843] [main/DEBUG] [net.neoforged.fml.loading.moddiscovery.ModFileInfo/LOADING]: Found valid mod file just-hammers-neoforge-21.1.4.jar with {justhammers} mods - versions {21.1.4}
[15Aug2026 02:26:04.843] [main/DEBUG] [net.neoforged.fml.loading.moddiscovery.ModFile/LOADING]: Loading mod file /workspaces/nnnn/servidor_minecraft/mods/just-hammers-neoforge-21.1.4.jar with languages [LanguageSpec[languageName=javafml, acceptedVersions=[2,)]]
[15Aug2026 02:26:04.843] [main/DEBUG] [net.neoforged.fml.loading.moddiscovery.ModFile/LOADING]: Found mixin config MixinConfig[config=justhammers.mixins.json, requiredMods=[]]
[15Aug2026 02:26:04.843] [main/DEBUG] [net.neoforged.fml.loading.moddiscovery.ModFile/LOADING]: Found mixin config MixinConfig[config=justhammers-common.mixins.json, requiredMods=[]]
[15Aug2026 02:26:04.844] [main/DEBUG] [net.neoforged.fml.loading.moddiscovery.ModFileParser/LOADING]: Considering mod file candidate /workspaces/nnnn/servidor_minecraft/mods/irons_spells_dynamic_skilltree_1.1.0.jar
[15Aug2026 02:26:04.844] [main/DEBUG] [net.neoforged.fml.loading.moddiscovery.ModFileInfo/LOADING]: Found valid mod file irons_spells_dynamic_skilltree_1.1.0.jar with {irons_spells_dynamic_skilltree} mods - versions {1.1.0}
[15Aug2026 02:26:04.844] [main/DEBUG] [net.neoforged.fml.loading.moddiscovery.ModFile/LOADING]: Loading mod file /workspaces/nnnn/servidor_minecraft/mods/irons_spells_dynamic_skilltree_1.1.0.jar with languages [LanguageSpec[languageName=lowcodefml, acceptedVersions=[1,)]]
[15Aug2026 02:26:04.844] [main/DEBUG] [net.neoforged.fml.loading.moddiscovery.ModFileParser/LOADING]: Considering mod file candidate /workspaces/nnnn/servidor_minecraft/mods/lukis-crazy-chambers-1.0.3.jar
[15Aug2026 02:26:04.844] [main/DEBUG] [net.neoforged.fml.loading.moddiscovery.ModFileInfo/LOADING]: Found valid mod file lukis-crazy-chambers-1.0.3.jar with {mr_lukis_crazychambers} mods - versions {1.0.3}
[15Aug2026 02:26:04.845] [main/DEBUG] [net.neoforged.fml.loading.moddiscovery.ModFile/LOADING]: Loading mod file /workspaces/nnnn/servidor_minecraft/mods/lukis-crazy-chambers-1.0.3.jar with languages [LanguageSpec[languageName=javafml, acceptedVersions=[1,)]]
[15Aug2026 02:26:04.845] [main/DEBUG] [net.neoforged.fml.loading.moddiscovery.ModFileParser/LOADING]: Considering mod file candidate /workspaces/nnnn/servidor_minecraft/mods/sleep_tight-1.21-1.4.1-neoforge.jar
[15Aug2026 02:26:04.845] [main/DEBUG] [net.neoforged.fml.loading.moddiscovery.ModFileInfo/LOADING]: Found valid mod file sleep_tight-1.21-1.4.1-neoforge.jar with {sleep_tight} mods - versions {1.21-1.3.7}
[15Aug2026 02:26:04.845] [main/DEBUG] [net.neoforged.fml.loading.moddiscovery.ModFile/LOADING]: Loading mod file /workspaces/nnnn/servidor_minecraft/mods/sleep_tight-1.21-1.4.1-neoforge.jar with languages [LanguageSpec[languageName=javafml, acceptedVersions=[4,)]]
[15Aug2026 02:26:04.845] [main/DEBUG] [net.neoforged.fml.loading.moddiscovery.ModFile/LOADING]: Found mixin config MixinConfig[config=sleep_tight.mixins.json, requiredMods=[]]
[15Aug2026 02:26:04.845] [main/DEBUG] [net.neoforged.fml.loading.moddiscovery.ModFile/LOADING]: Found mixin config MixinConfig[config=sleep_tight-common.mixins.json, requiredMods=[]]
[15Aug2026 02:26:04.845] [main/DEBUG] [net.neoforged.fml.loading.moddiscovery.ModFileParser/LOADING]: Considering mod file candidate /workspaces/nnnn/servidor_minecraft/mods/databank-1.3.1.jar
[15Aug2026 02:26:04.846] [main/DEBUG] [net.neoforged.fml.loading.moddiscovery.ModFileInfo/LOADING]: Found valid mod file databank-1.3.1.jar with {databank} mods - versions {1.3.1}
[15Aug2026 02:26:04.846] [main/DEBUG] [net.neoforged.fml.loading.moddiscovery.ModFile/LOADING]: Loading mod file /workspaces/nnnn/servidor_minecraft/mods/databank-1.3.1.jar with languages [LanguageSpec[languageName=javafml, acceptedVersions=[4,)]]
[15Aug2026 02:26:04.846] [main/DEBUG] [net.neoforged.fml.loading.moddiscovery.ModFile/LOADING]: Found mixin config MixinConfig[config=databank.mixins.json, requiredMods=[]]
[15Aug2026 02:26:04.846] [main/DEBUG] [net.neoforged.fml.loading.moddiscovery.ModFileParser/LOADING]: Considering mod file candidate /workspaces/nnnn/servidor_minecraft/mods/resourcefulconfig-neoforge-1.21-3.0.11.jar
[15Aug2026 02:26:04.846] [main/DEBUG] [net.neoforged.fml.loading.moddiscovery.ModFileInfo/LOADING]: Found valid mod file resourcefulconfig-neoforge-1.21-3.0.11.jar with {resourcefulconfig} mods - versions {3.0.11}
[15Aug2026 02:26:04.847] [main/DEBUG] [net.neoforged.fml.loading.moddiscovery.ModFile/LOADING]: Loading mod file /workspaces/nnnn/servidor_minecraft/mods/resourcefulconfig-neoforge-1.21-3.0.11.jar with languages [LanguageSpec[languageName=javafml, acceptedVersions=[1,)]]
[15Aug2026 02:26:04.847] [main/DEBUG] [net.neoforged.fml.loading.moddiscovery.ModFile/LOADING]: Found mixin config MixinConfig[config=resourcefulconfig.mixins.json, requiredMods=[]]
[15Aug2026 02:26:04.847] [main/DEBUG] [net.neoforged.fml.loading.moddiscovery.ModFileParser/LOADING]: Considering mod file candidate /workspaces/nnnn/servidor_minecraft/mods/darkerdepths-2.1.3.jar
[15Aug2026 02:26:04.847] [main/DEBUG] [net.neoforged.fml.loading.moddiscovery.ModFileInfo/LOADING]: Found valid mod file darkerdepths-2.1.3.jar with {darkerdepths} mods - versions {2.1.3}
[15Aug2026 02:26:04.847] [main/DEBUG] [net.neoforged.fml.loading.moddiscovery.ModFile/LOADING]: Loading mod file /workspaces/nnnn/servidor_minecraft/mods/darkerdepths-2.1.3.jar with languages [LanguageSpec[languageName=javafml, acceptedVersions=[4,)]]
[15Aug2026 02:26:04.847] [main/DEBUG] [net.neoforged.fml.loading.moddiscovery.ModFile/LOADING]: Found mixin config MixinConfig[config=darkerdepths.mixins.json, requiredMods=[]]
[15Aug2026 02:26:04.847] [main/DEBUG] [net.neoforged.fml.loading.moddiscovery.ModFileParser/LOADING]: Considering mod file candidate /workspaces/nnnn/servidor_minecraft/mods/MetalBundles-v21.1.1-1.21.1-NeoForge.jar
[15Aug2026 02:26:04.848] [main/DEBUG] [net.neoforged.fml.loading.moddiscovery.ModFileInfo/LOADING]: Found valid mod file MetalBundles-v21.1.1-1.21.1-NeoForge.jar with {metalbundles} mods - versions {21.1.1}
[15Aug2026 02:26:04.848] [main/DEBUG] [net.neoforged.fml.loading.moddiscovery.ModFile/LOADING]: Loading mod file /workspaces/nnnn/servidor_minecraft/mods/MetalBundles-v21.1.1-1.21.1-NeoForge.jar with languages [LanguageSpec[languageName=javafml, acceptedVersions=*]]
[15Aug2026 02:26:04.848] [main/DEBUG] [net.neoforged.fml.loading.moddiscovery.ModFile/LOADING]: Found mixin config MixinConfig[config=metalbundles.common.mixins.json, requiredMods=[]]
[15Aug2026 02:26:04.848] [main/DEBUG] [net.neoforged.fml.loading.moddiscovery.ModFile/LOADING]: Found mixin config MixinConfig[config=metalbundles.neoforge.mixins.json, requiredMods=[]]
[15Aug2026 02:26:04.848] [main/DEBUG] [net.neoforged.fml.loading.moddiscovery.ModFileParser/LOADING]: Considering mod file candidate /workspaces/nnnn/servidor_minecraft/mods/spark-1.10.124-neoforge.jar
[15Aug2026 02:26:04.848] [main/DEBUG] [net.neoforged.fml.loading.moddiscovery.ModFileInfo/LOADING]: Found valid mod file spark-1.10.124-neoforge.jar with {spark} mods - versions {1.10.124}
[15Aug2026 02:26:04.848] [main/DEBUG] [net.neoforged.fml.loading.moddiscovery.ModFile/LOADING]: Loading mod file /workspaces/nnnn/servidor_minecraft/mods/spark-1.10.124-neoforge.jar with languages [LanguageSpec[languageName=javafml, acceptedVersions=[2,)]]
[15Aug2026 02:26:04.848] [main/DEBUG] [net.neoforged.fml.loading.moddiscovery.ModFileParser/LOADING]: Considering mod file candidate /workspaces/nnnn/servidor_minecraft/mods/EchoChest-v21.1.1-1.21.1-NeoForge.jar
[15Aug2026 02:26:04.849] [main/DEBUG] [net.neoforged.fml.loading.moddiscovery.ModFileInfo/LOADING]: Found valid mod file EchoChest-v21.1.1-1.21.1-NeoForge.jar with {echochest} mods - versions {21.1.1}
[15Aug2026 02:26:04.849] [main/DEBUG] [net.neoforged.fml.loading.moddiscovery.ModFile/LOADING]: Loading mod file /workspaces/nnnn/servidor_minecraft/mods/EchoChest-v21.1.1-1.21.1-NeoForge.jar with languages [LanguageSpec[languageName=javafml, acceptedVersions=*]]
[15Aug2026 02:26:04.849] [main/DEBUG] [net.neoforged.fml.loading.moddiscovery.ModFile/LOADING]: Found mixin config MixinConfig[config=echochest.common.mixins.json, requiredMods=[]]
[15Aug2026 02:26:04.849] [main/DEBUG] [net.neoforged.fml.loading.moddiscovery.ModFile/LOADING]: Found mixin config MixinConfig[config=echochest.neoforge.mixins.json, requiredMods=[]]
[15Aug2026 02:26:04.849] [main/DEBUG] [net.neoforged.fml.loading.moddiscovery.ModFileParser/LOADING]: Considering mod file candidate /workspaces/nnnn/servidor_minecraft/mods/curios-neoforge-9.5.1+1.21.1.jar
[15Aug2026 02:26:04.849] [main/DEBUG] [net.neoforged.fml.loading.moddiscovery.ModFileInfo/LOADING]: Found valid mod file curios-neoforge-9.5.1+1.21.1.jar with {curios} mods - versions {9.5.1+1.21.1}
[15Aug2026 02:26:04.850] [main/DEBUG] [net.neoforged.fml.loading.moddiscovery.ModFile/LOADING]: Loading mod file /workspaces/nnnn/servidor_minecraft/mods/curios-neoforge-9.5.1+1.21.1.jar with languages [LanguageSpec[languageName=javafml, acceptedVersions=[1,)]]
[15Aug2026 02:26:04.850] [main/DEBUG] [net.neoforged.fml.loading.moddiscovery.ModFile/LOADING]: Found mixin config MixinConfig[config=curios.neoforge.mixins.json, requiredMods=[]]
[15Aug2026 02:26:04.850] [main/DEBUG] [net.neoforged.fml.loading.moddiscovery.ModFile/LOADING]: Found mixin config MixinConfig[config=curios.mixins.json, requiredMods=[]]
[15Aug2026 02:26:04.850] [main/DEBUG] [net.neoforged.fml.loading.moddiscovery.ModFileParser/LOADING]: Considering mod file candidate /workspaces/nnnn/servidor_minecraft/mods/dungeons-and-taverns-v4.4.4 [NeoForge].jar
[15Aug2026 02:26:04.850] [main/DEBUG] [net.neoforged.fml.loading.moddiscovery.ModFileInfo/LOADING]: Found valid mod file dungeons-and-taverns-v4.4.4 [NeoForge].jar with {mr_dungeons_andtaverns} mods - versions {1-v4.4.4}
[15Aug2026 02:26:04.850] [main/DEBUG] [net.neoforged.fml.loading.moddiscovery.ModFile/LOADING]: Loading mod file /workspaces/nnnn/servidor_minecraft/mods/dungeons-and-taverns-v4.4.4 [NeoForge].jar with languages [LanguageSpec[languageName=javafml, acceptedVersions=[1,)]]
[15Aug2026 02:26:04.850] [main/DEBUG] [net.neoforged.fml.loading.moddiscovery.ModFileParser/LOADING]: Considering mod file candidate /workspaces/nnnn/servidor_minecraft/mods/noisium-neoforge-2.7.0+mc1.21-1.21.1.jar
[15Aug2026 02:26:04.851] [main/DEBUG] [net.neoforged.fml.loading.moddiscovery.ModFileInfo/LOADING]: Found valid mod file noisium-neoforge-2.7.0+mc1.21-1.21.1.jar with {noisium} mods - versions {2.7.0+mc1.21-1.21.1}
[15Aug2026 02:26:04.851] [main/DEBUG] [net.neoforged.fml.loading.moddiscovery.ModFile/LOADING]: Loading mod file /workspaces/nnnn/servidor_minecraft/mods/noisium-neoforge-2.7.0+mc1.21-1.21.1.jar with languages [LanguageSpec[languageName=javafml, acceptedVersions=>=21.1.22]]
[15Aug2026 02:26:04.851] [main/DEBUG] [net.neoforged.fml.loading.moddiscovery.ModFile/LOADING]: Found mixin config MixinConfig[config=noisium-common.mixins.json, requiredMods=[]]
[15Aug2026 02:26:04.851] [main/DEBUG] [net.neoforged.fml.loading.moddiscovery.ModFileParser/LOADING]: Considering mod file candidate 
[15Aug2026 02:26:04.851] [main/DEBUG] [net.neoforged.fml.loading.moddiscovery.ModFileInfo/LOADING]: Found valid mod file fabric-entity-events-v1-1.8.0+5ede667619.jar with {fabric_entity_events_v1} mods - versions {1.8.0+5ede667619}
[15Aug2026 02:26:04.851] [main/DEBUG] [net.neoforged.fml.loading.moddiscovery.ModFile/LOADING]: Loading mod file  with languages [LanguageSpec[languageName=javafml, acceptedVersions=[1,)]]
[15Aug2026 02:26:04.851] [main/DEBUG] [net.neoforged.fml.loading.moddiscovery.ModFile/LOADING]: Found mixin config MixinConfig[config=fabric-entity-events-v1.mixins.json, requiredMods=[]]
[15Aug2026 02:26:04.851] [main/DEBUG] [net.neoforged.fml.loading.moddiscovery.ModFileParser/LOADING]: Considering mod file candidate /workspaces/nnnn/servidor_minecraft/mods/ExclusionsLib-1.1.0-NEO.jar
[15Aug2026 02:26:04.852] [main/DEBUG] [net.neoforged.fml.loading.moddiscovery.ModFileInfo/LOADING]: Found valid mod file ExclusionsLib-1.1.0-NEO.jar with {exclusions_lib} mods - versions {1.1.0-NEO}
[15Aug2026 02:26:04.852] [main/DEBUG] [net.neoforged.fml.loading.moddiscovery.ModFile/LOADING]: Loading mod file /workspaces/nnnn/servidor_minecraft/mods/ExclusionsLib-1.1.0-NEO.jar with languages [LanguageSpec[languageName=javafml, acceptedVersions=[1,)]]
[15Aug2026 02:26:04.852] [main/DEBUG] [net.neoforged.fml.loading.moddiscovery.ModFileParser/LOADING]: Considering mod file candidate /workspaces/nnnn/servidor_minecraft/mods/realmrpg_balloons-0.9.1-neoforge-1.21.1.jar
[15Aug2026 02:26:04.852] [main/DEBUG] [net.neoforged.fml.loading.moddiscovery.ModFileInfo/LOADING]: Found valid mod file realmrpg_balloons-0.9.1-neoforge-1.21.1.jar with {realmrpg_balloons} mods - versions {0.9.1}
[15Aug2026 02:26:04.852] [main/DEBUG] [net.neoforged.fml.loading.moddiscovery.ModFile/LOADING]: Loading mod file /workspaces/nnnn/servidor_minecraft/mods/realmrpg_balloons-0.9.1-neoforge-1.21.1.jar with languages [LanguageSpec[languageName=javafml, acceptedVersions=[4,)]]
[15Aug2026 02:26:04.852] [main/DEBUG] [net.neoforged.fml.loading.moddiscovery.ModFileParser/LOADING]: Considering mod file candidate /workspaces/nnnn/servidor_minecraft/mods/accessories-neoforge-1.1.0-beta.53+1.21.1.jar
[15Aug2026 02:26:04.853] [main/DEBUG] [net.neoforged.fml.loading.moddiscovery.ModFileInfo/LOADING]: Found valid mod file accessories-neoforge-1.1.0-beta.53+1.21.1.jar with {accessories} mods - versions {1.1.0-beta.53+1.21.1}
[15Aug2026 02:26:04.853] [main/DEBUG] [net.neoforged.fml.loading.moddiscovery.ModFile/LOADING]: Loading mod file /workspaces/nnnn/servidor_minecraft/mods/accessories-neoforge-1.1.0-beta.53+1.21.1.jar with languages [LanguageSpec[languageName=javafml, acceptedVersions=[1,)]]
[15Aug2026 02:26:04.853] [main/DEBUG] [net.neoforged.fml.loading.moddiscovery.ModFile/LOADING]: Found mixin config MixinConfig[config=accessories-common.mixins.json, requiredMods=[]]
[15Aug2026 02:26:04.853] [main/DEBUG] [net.neoforged.fml.loading.moddiscovery.ModFile/LOADING]: Found mixin config MixinConfig[config=accessories-forge.mixins.json, requiredMods=[]]
[15Aug2026 02:26:04.853] [main/DEBUG] [net.neoforged.fml.loading.moddiscovery.ModFileParser/LOADING]: Considering mod file candidate /workspaces/nnnn/servidor_minecraft/mods/Numismatic-Bounties-universal.jar
[15Aug2026 02:26:04.853] [main/DEBUG] [net.neoforged.fml.loading.moddiscovery.ModFileInfo/LOADING]: Found valid mod file Numismatic-Bounties-universal.jar with {numismatic_bounties} mods - versions {2.0}
[15Aug2026 02:26:04.854] [main/DEBUG] [net.neoforged.fml.loading.moddiscovery.ModFile/LOADING]: Loading mod file /workspaces/nnnn/servidor_minecraft/mods/Numismatic-Bounties-universal.jar with languages [LanguageSpec[languageName=lowcodefml, acceptedVersions=[1,)]]
[15Aug2026 02:26:04.854] [main/DEBUG] [net.neoforged.fml.loading.moddiscovery.ModFileParser/LOADING]: Considering mod file candidate /workspaces/nnnn/servidor_minecraft/mods/sodiumoptionsmodcompat-neoforge-1.0.0-1.21.1.jar
[15Aug2026 02:26:04.854] [main/DEBUG] [net.neoforged.fml.loading.moddiscovery.ModFileInfo/LOADING]: Found valid mod file sodiumoptionsmodcompat-neoforge-1.0.0-1.21.1.jar with {sodiumoptionsmodcompat} mods - versions {1.0.0}
[15Aug2026 02:26:04.854] [main/DEBUG] [net.neoforged.fml.loading.moddiscovery.ModFile/LOADING]: Loading mod file /workspaces/nnnn/servidor_minecraft/mods/sodiumoptionsmodcompat-neoforge-1.0.0-1.21.1.jar with languages [LanguageSpec[languageName=javafml, acceptedVersions=[1,)]]
[15Aug2026 02:26:04.854] [main/DEBUG] [net.neoforged.fml.loading.moddiscovery.ModFile/LOADING]: Found mixin config MixinConfig[config=mixins.sodiumoptionsmodcompat.json, requiredMods=[]]
[15Aug2026 02:26:04.854] [main/DEBUG] [net.neoforged.fml.loading.moddiscovery.ModFileParser/LOADING]: Considering mod file candidate 
[15Aug2026 02:26:04.854] [main/DEBUG] [net.neoforged.fml.loading.moddiscovery.ModFileInfo/LOADING]: Found valid mod file conditional-mixin-neoforge-0.6.4.jar with {conditional_mixin} mods - versions {0.6.4}
[15Aug2026 02:26:04.854] [main/DEBUG] [net.neoforged.fml.loading.moddiscovery.ModFile/LOADING]: Loading mod file  with languages [LanguageSpec[languageName=javafml, acceptedVersions=[1,)]]
[15Aug2026 02:26:04.855] [main/DEBUG] [net.neoforged.fml.loading.moddiscovery.ModFileParser/LOADING]: Considering mod file candidate 
[15Aug2026 02:26:04.855] [main/DEBUG] [net.neoforged.fml.loading.moddiscovery.ModFileInfo/LOADING]: Found valid mod file libtooltips-5J15zxaI.jar with {libtooltips} mods - versions {1.6}
[15Aug2026 02:26:04.855] [main/DEBUG] [net.neoforged.fml.loading.moddiscovery.ModFile/LOADING]: Loading mod file  with languages [LanguageSpec[languageName=javafml, acceptedVersions=[1,)]]
[15Aug2026 02:26:04.855] [main/DEBUG] [net.neoforged.fml.loading.moddiscovery.ModFileParser/LOADING]: Considering mod file candidate 
[15Aug2026 02:26:04.855] [main/DEBUG] [net.neoforged.fml.loading.moddiscovery.ModFileInfo/LOADING]: Found valid mod file TRansition-1.0.11-1.21.1-neoforge-SNAPSHOT.jar with {transition} mods - versions {1.0.11}
[15Aug2026 02:26:04.856] [main/DEBUG] [net.neoforged.fml.loading.moddiscovery.ModFile/LOADING]: Loading mod file  with languages [LanguageSpec[languageName=javafml, acceptedVersions=[1,)]]
[15Aug2026 02:26:04.856] [main/DEBUG] [net.neoforged.fml.loading.moddiscovery.ModFile/LOADING]: Found mixin config MixinConfig[config=transition.mixins.json, requiredMods=[]]
[15Aug2026 02:26:04.856] [main/DEBUG] [net.neoforged.fml.loading.moddiscovery.ModFileParser/LOADING]: Considering mod file candidate 
[15Aug2026 02:26:04.856] [main/DEBUG] [net.neoforged.fml.loading.moddiscovery.ModFileInfo/LOADING]: Found valid mod file fabric-rendering-data-attachment-v1-0.3.49+73761d2e19.jar with {fabric_rendering_data_attachment_v1} mods - versions {0.3.49+73761d2e19}
[15Aug2026 02:26:04.856] [main/DEBUG] [net.neoforged.fml.loading.moddiscovery.ModFile/LOADING]: Loading mod file  with languages [LanguageSpec[languageName=javafml, acceptedVersions=[1,)]]
[15Aug2026 02:26:04.856] [main/DEBUG] [net.neoforged.fml.loading.moddiscovery.ModFile/LOADING]: Found mixin config MixinConfig[config=fabric-rendering-data-attachment-v1.mixins.json, requiredMods=[]]
[15Aug2026 02:26:04.856] [main/DEBUG] [net.neoforged.fml.loading.moddiscovery.ModFile/LOADING]: Found mixin config MixinConfig[config=fabric-rendering-data-attachment-v1.client.mixins.json, requiredMods=[]]
[15Aug2026 02:26:04.856] [main/DEBUG] [net.neoforged.fml.loading.moddiscovery.ModFileParser/LOADING]: Considering mod file candidate /workspaces/nnnn/servidor_minecraft/mods/particle_core-0.3.3+1.21+neoforge.jar
[15Aug2026 02:26:04.857] [main/DEBUG] [net.neoforged.fml.loading.moddiscovery.ModFileInfo/LOADING]: Found valid mod file particle_core-0.3.3+1.21+neoforge.jar with {particle_core} mods - versions {0.3.3+1.21+neoforge}
[15Aug2026 02:26:04.857] [main/DEBUG] [net.neoforged.fml.loading.moddiscovery.ModFile/LOADING]: Loading mod file /workspaces/nnnn/servidor_minecraft/mods/particle_core-0.3.3+1.21+neoforge.jar with languages [LanguageSpec[languageName=javafml, acceptedVersions=[1,)]]
[15Aug2026 02:26:04.857] [main/DEBUG] [net.neoforged.fml.loading.moddiscovery.ModFile/LOADING]: Found mixin config MixinConfig[config=particle_core.mixins.json, requiredMods=[]]
[15Aug2026 02:26:04.857] [main/DEBUG] [net.neoforged.fml.loading.moddiscovery.ModFileParser/LOADING]: Considering mod file candidate 
[15Aug2026 02:26:04.857] [main/DEBUG] [net.neoforged.fml.loading.moddiscovery.ModFileInfo/LOADING]: Found valid mod file fabric-client-tags-api-v1-1.1.15+e053909619.jar with {fabric_client_tags_api_v1} mods - versions {1.1.15+e053909619}
[15Aug2026 02:26:04.857] [main/DEBUG] [net.neoforged.fml.loading.moddiscovery.ModFile/LOADING]: Loading mod file  with languages [LanguageSpec[languageName=javafml, acceptedVersions=[1,)]]
[15Aug2026 02:26:04.857] [main/DEBUG] [net.neoforged.fml.loading.moddiscovery.ModFileParser/LOADING]: Considering mod file candidate /workspaces/nnnn/servidor_minecraft/mods/mowziesmobs-1.21.1-1.8.2.jar
[15Aug2026 02:26:04.858] [main/DEBUG] [net.neoforged.fml.loading.moddiscovery.ModFileInfo/LOADING]: Found valid mod file mowziesmobs-1.21.1-1.8.2.jar with {mowziesmobs} mods - versions {1.8.2}
[15Aug2026 02:26:04.858] [main/DEBUG] [net.neoforged.fml.loading.moddiscovery.ModFile/LOADING]: Loading mod file /workspaces/nnnn/servidor_minecraft/mods/mowziesmobs-1.21.1-1.8.2.jar with languages [LanguageSpec[languageName=javafml, acceptedVersions=[4,)]]
[15Aug2026 02:26:04.858] [main/DEBUG] [net.neoforged.fml.loading.moddiscovery.ModFile/LOADING]: Found mixin config MixinConfig[config=mowziesmobs.mixins.json, requiredMods=[]]
[15Aug2026 02:26:04.858] [main/DEBUG] [net.neoforged.fml.loading.moddiscovery.ModFileParser/LOADING]: Considering mod file candidate /workspaces/nnnn/servidor_minecraft/mods/puffish_skills-0.17.3-1.21-neoforge.jar
[15Aug2026 02:26:04.858] [main/DEBUG] [net.neoforged.fml.loading.moddiscovery.ModFileInfo/LOADING]: Found valid mod file puffish_skills-0.17.3-1.21-neoforge.jar with {puffish_skills} mods - versions {0.17.3}
[15Aug2026 02:26:04.858] [main/DEBUG] [net.neoforged.fml.loading.moddiscovery.ModFile/LOADING]: Loading mod file /workspaces/nnnn/servidor_minecraft/mods/puffish_skills-0.17.3-1.21-neoforge.jar with languages [LanguageSpec[languageName=javafml, acceptedVersions=[1,)]]
[15Aug2026 02:26:04.858] [main/DEBUG] [net.neoforged.fml.loading.moddiscovery.ModFile/LOADING]: Found mixin config MixinConfig[config=puffish_skills.mixins.json, requiredMods=[]]
[15Aug2026 02:26:04.858] [main/DEBUG] [net.neoforged.fml.loading.moddiscovery.ModFileParser/LOADING]: Considering mod file candidate /workspaces/nnnn/servidor_minecraft/mods/spell_engine-neoforge-1.9.9+1.21.1.jar
[15Aug2026 02:26:04.859] [main/DEBUG] [net.neoforged.fml.loading.moddiscovery.ModFileInfo/LOADING]: Found valid mod file spell_engine-neoforge-1.9.9+1.21.1.jar with {spell_engine} mods - versions {1.9.9}
[15Aug2026 02:26:04.859] [main/DEBUG] [net.neoforged.fml.loading.moddiscovery.ModFile/LOADING]: Loading mod file /workspaces/nnnn/servidor_minecraft/mods/spell_engine-neoforge-1.9.9+1.21.1.jar with languages [LanguageSpec[languageName=javafml, acceptedVersions=[4,)]]
[15Aug2026 02:26:04.859] [main/DEBUG] [net.neoforged.fml.loading.moddiscovery.ModFile/LOADING]: Found mixin config MixinConfig[config=spell_engine.mixins.json, requiredMods=[]]
[15Aug2026 02:26:04.859] [main/DEBUG] [net.neoforged.fml.loading.moddiscovery.ModFile/LOADING]: Found mixin config MixinConfig[config=spell_engine-neoforge.mixins.json, requiredMods=[]]
[15Aug2026 02:26:04.859] [main/DEBUG] [net.neoforged.fml.loading.moddiscovery.ModFileParser/LOADING]: Considering mod file candidate /workspaces/nnnn/servidor_minecraft/mods/colorwheel_patcher-neoforge-1.0.5+mc1.21.1.jar
[15Aug2026 02:26:04.859] [main/DEBUG] [net.neoforged.fml.loading.moddiscovery.ModFileInfo/LOADING]: Found valid mod file colorwheel_patcher-neoforge-1.0.5+mc1.21.1.jar with {colorwheel_patcher} mods - versions {1.0.5+mc1.21.1}
[15Aug2026 02:26:04.860] [main/DEBUG] [net.neoforged.fml.loading.moddiscovery.ModFile/LOADING]: Loading mod file /workspaces/nnnn/servidor_minecraft/mods/colorwheel_patcher-neoforge-1.0.5+mc1.21.1.jar with languages [LanguageSpec[languageName=javafml, acceptedVersions=[4,)]]
[15Aug2026 02:26:04.860] [main/DEBUG] [net.neoforged.fml.loading.moddiscovery.ModFile/LOADING]: Found mixin config MixinConfig[config=colorwheel_patcher.mixins.json, requiredMods=[]]
[15Aug2026 02:26:04.860] [main/DEBUG] [net.neoforged.fml.loading.moddiscovery.ModFileParser/LOADING]: Considering mod file candidate /workspaces/nnnn/servidor_minecraft/mods/abridged-2.0.1-neoforge-1.21.1.jar
[15Aug2026 02:26:04.860] [main/DEBUG] [net.neoforged.fml.loading.moddiscovery.ModFileInfo/LOADING]: Found valid mod file abridged-2.0.1-neoforge-1.21.1.jar with {abridged} mods - versions {2.0.1}
[15Aug2026 02:26:04.860] [main/DEBUG] [net.neoforged.fml.loading.moddiscovery.ModFile/LOADING]: Loading mod file /workspaces/nnnn/servidor_minecraft/mods/abridged-2.0.1-neoforge-1.21.1.jar with languages [LanguageSpec[languageName=javafml, acceptedVersions=[1,)]]
[15Aug2026 02:26:04.860] [main/DEBUG] [net.neoforged.fml.loading.moddiscovery.ModFileParser/LOADING]: Considering mod file candidate /workspaces/nnnn/servidor_minecraft/mods/sodiumleafculling-neoforge-1.0.1-1.21.1.jar
[15Aug2026 02:26:04.860] [main/DEBUG] [net.neoforged.fml.loading.moddiscovery.ModFileInfo/LOADING]: Found valid mod file sodiumleafculling-neoforge-1.0.1-1.21.1.jar with {sodiumleafculling} mods - versions {1.0.1}
[15Aug2026 02:26:04.860] [main/DEBUG] [net.neoforged.fml.loading.moddiscovery.ModFile/LOADING]: Loading mod file /workspaces/nnnn/servidor_minecraft/mods/sodiumleafculling-neoforge-1.0.1-1.21.1.jar with languages [LanguageSpec[languageName=javafml, acceptedVersions=[1,)]]
[15Aug2026 02:26:04.860] [main/DEBUG] [net.neoforged.fml.loading.moddiscovery.ModFile/LOADING]: Found mixin config MixinConfig[config=mixins.sodiumleafculling.json, requiredMods=[]]
[15Aug2026 02:26:04.861] [main/DEBUG] [net.neoforged.fml.loading.moddiscovery.ModFileParser/LOADING]: Considering mod file candidate /workspaces/nnnn/servidor_minecraft/mods/ATi Structures Vanilla V1.4.4 (1.21+).jar
[15Aug2026 02:26:04.861] [main/DEBUG] [net.neoforged.fml.loading.moddiscovery.ModFileInfo/LOADING]: Found valid mod file ATi Structures Vanilla V1.4.4 (1.21+).jar with {atistructures} mods - versions {1.4.0}
[15Aug2026 02:26:04.861] [main/DEBUG] [net.neoforged.fml.loading.moddiscovery.ModFile/LOADING]: Loading mod file /workspaces/nnnn/servidor_minecraft/mods/ATi Structures Vanilla V1.4.4 (1.21+).jar with languages [LanguageSpec[languageName=lowcodefml, acceptedVersions=[1,)]]
[15Aug2026 02:26:04.861] [main/DEBUG] [net.neoforged.fml.loading.moddiscovery.ModFileParser/LOADING]: Considering mod file candidate 
[15Aug2026 02:26:04.862] [main/DEBUG] [net.neoforged.fml.loading.moddiscovery.ModFileInfo/LOADING]: Found valid mod file fabric-model-loading-api-v1-2.1.0+6e8f52c719.jar with {fabric_model_loading_api_v1} mods - versions {2.1.0+6e8f52c719}
[15Aug2026 02:26:04.862] [main/DEBUG] [net.neoforged.fml.loading.moddiscovery.ModFile/LOADING]: Loading mod file  with languages [LanguageSpec[languageName=javafml, acceptedVersions=[1,)]]
[15Aug2026 02:26:04.862] [main/DEBUG] [net.neoforged.fml.loading.moddiscovery.ModFile/LOADING]: Found mixin config MixinConfig[config=fabric-model-loading-api-v1.mixins.json, requiredMods=[]]
[15Aug2026 02:26:04.862] [main/DEBUG] [net.neoforged.fml.loading.moddiscovery.ModFileParser/LOADING]: Considering mod file candidate /workspaces/nnnn/servidor_minecraft/mods/irons_lib-1.21.1-1.0.2.jar
[15Aug2026 02:26:04.862] [main/DEBUG] [net.neoforged.fml.loading.moddiscovery.ModFileInfo/LOADING]: Found valid mod file irons_lib-1.21.1-1.0.2.jar with {irons_lib} mods - versions {1.21.1-1.0.2}
[15Aug2026 02:26:04.862] [main/DEBUG] [net.neoforged.fml.loading.moddiscovery.ModFile/LOADING]: Loading mod file /workspaces/nnnn/servidor_minecraft/mods/irons_lib-1.21.1-1.0.2.jar with languages [LanguageSpec[languageName=javafml, acceptedVersions=[1,)]]
[15Aug2026 02:26:04.862] [main/DEBUG] [net.neoforged.fml.loading.moddiscovery.ModFile/LOADING]: Found mixin config MixinConfig[config=irons_lib.mixins.json, requiredMods=[]]
[15Aug2026 02:26:04.862] [main/DEBUG] [net.neoforged.fml.loading.moddiscovery.ModFileParser/LOADING]: Considering mod file candidate /workspaces/nnnn/servidor_minecraft/mods/lithostitched-1.7.3-neoforge-21.1.jar
[15Aug2026 02:26:04.863] [main/DEBUG] [net.neoforged.fml.loading.moddiscovery.ModFileInfo/LOADING]: Found valid mod file lithostitched-1.7.3-neoforge-21.1.jar with {lithostitched} mods - versions {1.7.3}
[15Aug2026 02:26:04.863] [main/DEBUG] [net.neoforged.fml.loading.moddiscovery.ModFile/LOADING]: Loading mod file /workspaces/nnnn/servidor_minecraft/mods/lithostitched-1.7.3-neoforge-21.1.jar with languages [LanguageSpec[languageName=javafml, acceptedVersions=[1,)]]
[15Aug2026 02:26:04.863] [main/DEBUG] [net.neoforged.fml.loading.moddiscovery.ModFile/LOADING]: Found mixin config MixinConfig[config=lithostitched.mixins.json, requiredMods=[]]
[15Aug2026 02:26:04.863] [main/DEBUG] [net.neoforged.fml.loading.moddiscovery.ModFile/LOADING]: Found mixin config MixinConfig[config=lithostitched.21.1.mixins.json, requiredMods=[]]
[15Aug2026 02:26:04.863] [main/DEBUG] [net.neoforged.fml.loading.moddiscovery.ModFile/LOADING]: Found mixin config MixinConfig[config=lithostitched.neoforge.mixins.json, requiredMods=[]]
[15Aug2026 02:26:04.863] [main/DEBUG] [net.neoforged.fml.loading.moddiscovery.ModFileParser/LOADING]: Considering mod file candidate /workspaces/nnnn/servidor_minecraft/mods/attributefix-neoforge-1.21.1-21.1.3.jar
[15Aug2026 02:26:04.863] [main/DEBUG] [net.neoforged.fml.loading.moddiscovery.ModFileInfo/LOADING]: Found valid mod file attributefix-neoforge-1.21.1-21.1.3.jar with {attributefix} mods - versions {21.1.3}
[15Aug2026 02:26:04.863] [main/DEBUG] [net.neoforged.fml.loading.moddiscovery.ModFile/LOADING]: Loading mod file /workspaces/nnnn/servidor_minecraft/mods/attributefix-neoforge-1.21.1-21.1.3.jar with languages [LanguageSpec[languageName=javafml, acceptedVersions=[4,)]]
[15Aug2026 02:26:04.863] [main/DEBUG] [net.neoforged.fml.loading.moddiscovery.ModFile/LOADING]: Found mixin config MixinConfig[config=attributefix.mixins.json, requiredMods=[]]
[15Aug2026 02:26:04.864] [main/DEBUG] [net.neoforged.fml.loading.moddiscovery.ModFile/LOADING]: Found mixin config MixinConfig[config=attributefix.neoforge.mixins.json, requiredMods=[]]
[15Aug2026 02:26:04.864] [main/DEBUG] [net.neoforged.fml.loading.moddiscovery.ModFileParser/LOADING]: Considering mod file candidate /workspaces/nnnn/servidor_minecraft/mods/fieldguide-neoforge-1.21.1-1.7.5.jar
[15Aug2026 02:26:04.864] [main/DEBUG] [net.neoforged.fml.loading.moddiscovery.ModFileInfo/LOADING]: Found valid mod file fieldguide-neoforge-1.21.1-1.7.5.jar with {fieldguide} mods - versions {1.7.5}
[15Aug2026 02:26:04.864] [main/DEBUG] [net.neoforged.fml.loading.moddiscovery.ModFile/LOADING]: Loading mod file /workspaces/nnnn/servidor_minecraft/mods/fieldguide-neoforge-1.21.1-1.7.5.jar with languages [LanguageSpec[languageName=javafml, acceptedVersions=[4,)]]
[15Aug2026 02:26:04.864] [main/DEBUG] [net.neoforged.fml.loading.moddiscovery.ModFile/LOADING]: Found mixin config MixinConfig[config=fieldguide.mixins.json, requiredMods=[]]
[15Aug2026 02:26:04.864] [main/DEBUG] [net.neoforged.fml.loading.moddiscovery.ModFile/LOADING]: Found mixin config MixinConfig[config=fieldguide.neoforge.mixins.json, requiredMods=[]]
[15Aug2026 02:26:04.864] [main/DEBUG] [net.neoforged.fml.loading.moddiscovery.ModFileParser/LOADING]: Considering mod file candidate /workspaces/nnnn/servidor_minecraft/mods/lithium-neoforge-0.15.3+mc1.21.1.jar
[15Aug2026 02:26:04.864] [main/DEBUG] [net.neoforged.fml.loading.moddiscovery.ModFileInfo/LOADING]: Found valid mod file lithium-neoforge-0.15.3+mc1.21.1.jar with {lithium} mods - versions {0.15.3+mc1.21.1}
[15Aug2026 02:26:04.865] [main/DEBUG] [net.neoforged.fml.loading.moddiscovery.ModFile/LOADING]: Loading mod file /workspaces/nnnn/servidor_minecraft/mods/lithium-neoforge-0.15.3+mc1.21.1.jar with languages [LanguageSpec[languageName=javafml, acceptedVersions=*]]
[15Aug2026 02:26:04.865] [main/DEBUG] [net.neoforged.fml.loading.moddiscovery.ModFile/LOADING]: Found mixin config MixinConfig[config=lithium.mixins.json, requiredMods=[]]
[15Aug2026 02:26:04.865] [main/DEBUG] [net.neoforged.fml.loading.moddiscovery.ModFile/LOADING]: Found mixin config MixinConfig[config=lithium-neoforge.mixins.json, requiredMods=[]]
[15Aug2026 02:26:04.865] [main/DEBUG] [net.neoforged.fml.loading.moddiscovery.ModFileParser/LOADING]: Considering mod file candidate 
[15Aug2026 02:26:04.865] [main/DEBUG] [net.neoforged.fml.loading.moddiscovery.ModFileInfo/LOADING]: Found valid mod file fabric-screen-handler-api-v1-1.3.90+8dbc56dd19.jar with {fabric_screen_handler_api_v1} mods - versions {1.3.90+8dbc56dd19}
[15Aug2026 02:26:04.865] [main/DEBUG] [net.neoforged.fml.loading.moddiscovery.ModFile/LOADING]: Loading mod file  with languages [LanguageSpec[languageName=javafml, acceptedVersions=[1,)]]
[15Aug2026 02:26:04.865] [main/DEBUG] [net.neoforged.fml.loading.moddiscovery.ModFile/LOADING]: Found mixin config MixinConfig[config=fabric-screen-handler-api-v1.mixins.json, requiredMods=[]]
[15Aug2026 02:26:04.865] [main/DEBUG] [net.neoforged.fml.loading.moddiscovery.ModFileParser/LOADING]: Considering mod file candidate /workspaces/nnnn/servidor_minecraft/mods/Pastel-1.1.5.5.jar
[15Aug2026 02:26:04.866] [main/DEBUG] [net.neoforged.fml.loading.moddiscovery.ModFileInfo/LOADING]: Found valid mod file Pastel-1.1.5.5.jar with {pastel} mods - versions {1.1.5.5}
[15Aug2026 02:26:04.866] [main/DEBUG] [net.neoforged.fml.loading.moddiscovery.ModFile/LOADING]: Loading mod file /workspaces/nnnn/servidor_minecraft/mods/Pastel-1.1.5.5.jar with languages [LanguageSpec[languageName=javafml, acceptedVersions=[1,)]]
[15Aug2026 02:26:04.866] [main/DEBUG] [net.neoforged.fml.loading.moddiscovery.ModFile/LOADING]: Found mixin config MixinConfig[config=pastel.mixins.json, requiredMods=[]]
[15Aug2026 02:26:04.866] [main/DEBUG] [net.neoforged.fml.loading.moddiscovery.ModFile/LOADING]: Found mixin config MixinConfig[config=pastel.client.mixins.json, requiredMods=[]]
[15Aug2026 02:26:04.866] [main/DEBUG] [net.neoforged.fml.loading.moddiscovery.ModFileParser/LOADING]: Considering mod file candidate /workspaces/nnnn/servidor_minecraft/mods/letsdo-furniture-neoforge-1.1.4.jar
[15Aug2026 02:26:04.866] [main/DEBUG] [net.neoforged.fml.loading.moddiscovery.ModFileInfo/LOADING]: Found valid mod file letsdo-furniture-neoforge-1.1.4.jar with {furniture} mods - versions {1.1.4}
[15Aug2026 02:26:04.866] [main/DEBUG] [net.neoforged.fml.loading.moddiscovery.ModFile/LOADING]: Loading mod file /workspaces/nnnn/servidor_minecraft/mods/letsdo-furniture-neoforge-1.1.4.jar with languages [LanguageSpec[languageName=javafml, acceptedVersions=[4,)]]
[15Aug2026 02:26:04.866] [main/DEBUG] [net.neoforged.fml.loading.moddiscovery.ModFile/LOADING]: Found mixin config MixinConfig[config=furniture-common.mixins.json, requiredMods=[]]
[15Aug2026 02:26:04.866] [main/DEBUG] [net.neoforged.fml.loading.moddiscovery.ModFileParser/LOADING]: Considering mod file candidate 
[15Aug2026 02:26:04.867] [main/DEBUG] [net.neoforged.fml.loading.moddiscovery.ModFileInfo/LOADING]: Found valid mod file fabric-rendering-v1-5.1.0+1a09bd5a19.jar with {fabric_rendering_v1} mods - versions {5.1.0+1a09bd5a19}
[15Aug2026 02:26:04.867] [main/DEBUG] [net.neoforged.fml.loading.moddiscovery.ModFile/LOADING]: Loading mod file  with languages [LanguageSpec[languageName=javafml, acceptedVersions=[1,)]]
[15Aug2026 02:26:04.867] [main/DEBUG] [net.neoforged.fml.loading.moddiscovery.ModFile/LOADING]: Found mixin config MixinConfig[config=fabric-rendering-v1.mixins.json, requiredMods=[]]
[15Aug2026 02:26:04.867] [main/DEBUG] [net.neoforged.fml.loading.moddiscovery.ModFileParser/LOADING]: Considering mod file candidate /workspaces/nnnn/servidor_minecraft/mods/realmrpg_skeletons-1.1.0-neoforge-1.21.1.jar
[15Aug2026 02:26:04.867] [main/DEBUG] [net.neoforged.fml.loading.moddiscovery.ModFileInfo/LOADING]: Found valid mod file realmrpg_skeletons-1.1.0-neoforge-1.21.1.jar with {realmrpg_skeletons} mods - versions {1.1.0}
[15Aug2026 02:26:04.867] [main/DEBUG] [net.neoforged.fml.loading.moddiscovery.ModFile/LOADING]: Loading mod file /workspaces/nnnn/servidor_minecraft/mods/realmrpg_skeletons-1.1.0-neoforge-1.21.1.jar with languages [LanguageSpec[languageName=javafml, acceptedVersions=[4,)]]
[15Aug2026 02:26:04.867] [main/DEBUG] [net.neoforged.fml.loading.moddiscovery.ModFileParser/LOADING]: Considering mod file candidate 
[15Aug2026 02:26:04.868] [main/DEBUG] [net.neoforged.fml.loading.moddiscovery.ModFileInfo/LOADING]: Found valid mod file fabric-renderer-indigo-1.7.1+9125b6dc19.jar with {fabric_renderer_indigo} mods - versions {1.7.1+9125b6dc19}
[15Aug2026 02:26:04.868] [main/DEBUG] [net.neoforged.fml.loading.moddiscovery.ModFile/LOADING]: Loading mod file  with languages [LanguageSpec[languageName=javafml, acceptedVersions=[1,)]]
[15Aug2026 02:26:04.868] [main/DEBUG] [net.neoforged.fml.loading.moddiscovery.ModFile/LOADING]: Found mixin config MixinConfig[config=fabric-renderer-indigo.mixins.json, requiredMods=[]]
[15Aug2026 02:26:04.868] [main/DEBUG] [net.neoforged.fml.loading.moddiscovery.ModFileParser/LOADING]: Considering mod file candidate /workspaces/nnnn/servidor_minecraft/mods/letsdo-lilis_lucky_lures-neoforge-1.1.3.jar
[15Aug2026 02:26:04.868] [main/DEBUG] [net.neoforged.fml.loading.moddiscovery.ModFileInfo/LOADING]: Found valid mod file letsdo-lilis_lucky_lures-neoforge-1.1.3.jar with {lilis_lucky_lures} mods - versions {1.1.3}
[15Aug2026 02:26:04.868] [main/DEBUG] [net.neoforged.fml.loading.moddiscovery.ModFile/LOADING]: Loading mod file /workspaces/nnnn/servidor_minecraft/mods/letsdo-lilis_lucky_lures-neoforge-1.1.3.jar with languages [LanguageSpec[languageName=javafml, acceptedVersions=[4,)]]
[15Aug2026 02:26:04.868] [main/DEBUG] [net.neoforged.fml.loading.moddiscovery.ModFile/LOADING]: Found mixin config MixinConfig[config=LilisLuckyLures.mixins.json, requiredMods=[]]
[15Aug2026 02:26:04.868] [main/DEBUG] [net.neoforged.fml.loading.moddiscovery.ModFileParser/LOADING]: Considering mod file candidate /workspaces/nnnn/servidor_minecraft/mods/fastasyncworldsave-1.21-2.6.jar
[15Aug2026 02:26:04.869] [main/DEBUG] [net.neoforged.fml.loading.moddiscovery.ModFileInfo/LOADING]: Found valid mod file fastasyncworldsave-1.21-2.6.jar with {fastasyncworldsave} mods - versions {2.6}
[15Aug2026 02:26:04.869] [main/DEBUG] [net.neoforged.fml.loading.moddiscovery.ModFile/LOADING]: Loading mod file /workspaces/nnnn/servidor_minecraft/mods/fastasyncworldsave-1.21-2.6.jar with languages [LanguageSpec[languageName=javafml, acceptedVersions=[4,500)]]
[15Aug2026 02:26:04.869] [main/DEBUG] [net.neoforged.fml.loading.moddiscovery.ModFile/LOADING]: Found mixin config MixinConfig[config=fastasyncworldsave.mixins.json, requiredMods=[]]
[15Aug2026 02:26:04.869] [main/DEBUG] [net.neoforged.fml.loading.moddiscovery.ModFileParser/LOADING]: Considering mod file candidate /workspaces/nnnn/servidor_minecraft/mods/NaturesCompass-1.21.1-3.4.0-neoforge.jar
[15Aug2026 02:26:04.870] [main/DEBUG] [net.neoforged.fml.loading.moddiscovery.ModFileInfo/LOADING]: Found valid mod file NaturesCompass-1.21.1-3.4.0-neoforge.jar with {naturescompass} mods - versions {1.21.1-3.4.0-neoforge}
[15Aug2026 02:26:04.870] [main/DEBUG] [net.neoforged.fml.loading.moddiscovery.ModFile/LOADING]: Loading mod file /workspaces/nnnn/servidor_minecraft/mods/NaturesCompass-1.21.1-3.4.0-neoforge.jar with languages [LanguageSpec[languageName=javafml, acceptedVersions=[4,)]]
[15Aug2026 02:26:04.870] [main/DEBUG] [net.neoforged.fml.loading.moddiscovery.ModFileParser/LOADING]: Considering mod file candidate /workspaces/nnnn/servidor_minecraft/mods/paladins-neoforge-2.7.1+1.21.1.jar
[15Aug2026 02:26:04.870] [main/DEBUG] [net.neoforged.fml.loading.moddiscovery.ModFileInfo/LOADING]: Found valid mod file paladins-neoforge-2.7.1+1.21.1.jar with {paladins} mods - versions {2.7.1}
[15Aug2026 02:26:04.870] [main/DEBUG] [net.neoforged.fml.loading.moddiscovery.ModFile/LOADING]: Loading mod file /workspaces/nnnn/servidor_minecraft/mods/paladins-neoforge-2.7.1+1.21.1.jar with languages [LanguageSpec[languageName=javafml, acceptedVersions=[4,)]]
[15Aug2026 02:26:04.870] [main/DEBUG] [net.neoforged.fml.loading.moddiscovery.ModFile/LOADING]: Found mixin config MixinConfig[config=paladins.mixins.json, requiredMods=[]]
[15Aug2026 02:26:04.870] [main/DEBUG] [net.neoforged.fml.loading.moddiscovery.ModFileParser/LOADING]: Considering mod file candidate /workspaces/nnnn/servidor_minecraft/mods/skill_tree-neoforge-1.4.4+1.21.1.jar
[15Aug2026 02:26:04.871] [main/DEBUG] [net.neoforged.fml.loading.moddiscovery.ModFileInfo/LOADING]: Found valid mod file skill_tree-neoforge-1.4.4+1.21.1.jar with {skill_tree_rpgs} mods - versions {1.4.4}
[15Aug2026 02:26:04.871] [main/DEBUG] [net.neoforged.fml.loading.moddiscovery.ModFile/LOADING]: Loading mod file /workspaces/nnnn/servidor_minecraft/mods/skill_tree-neoforge-1.4.4+1.21.1.jar with languages [LanguageSpec[languageName=javafml, acceptedVersions=[4,)]]
[15Aug2026 02:26:04.871] [main/DEBUG] [net.neoforged.fml.loading.moddiscovery.ModFile/LOADING]: Found mixin config MixinConfig[config=skill_tree_rpgs.mixins.json, requiredMods=[]]
[15Aug2026 02:26:04.871] [main/DEBUG] [net.neoforged.fml.loading.moddiscovery.ModFileParser/LOADING]: Considering mod file candidate /workspaces/nnnn/servidor_minecraft/mods/corpsecurioscompat-1.21.1-NeoForge-4.0.1.jar
[15Aug2026 02:26:04.871] [main/DEBUG] [net.neoforged.fml.loading.moddiscovery.ModFileInfo/LOADING]: Found valid mod file corpsecurioscompat-1.21.1-NeoForge-4.0.1.jar with {corpsecurioscompat} mods - versions {4.0.1}
[15Aug2026 02:26:04.871] [main/DEBUG] [net.neoforged.fml.loading.moddiscovery.ModFile/LOADING]: Loading mod file /workspaces/nnnn/servidor_minecraft/mods/corpsecurioscompat-1.21.1-NeoForge-4.0.1.jar with languages [LanguageSpec[languageName=javafml, acceptedVersions=[4,)]]
[15Aug2026 02:26:04.871] [main/DEBUG] [net.neoforged.fml.loading.moddiscovery.ModFile/LOADING]: Found mixin config MixinConfig[config=corpsecurioscompat.mixins.json, requiredMods=[]]
[15Aug2026 02:26:04.871] [main/DEBUG] [net.neoforged.fml.loading.moddiscovery.ModFileParser/LOADING]: Considering mod file candidate /workspaces/nnnn/servidor_minecraft/mods/shield_api-neoforge-2.2.0.jar
[15Aug2026 02:26:04.872] [main/DEBUG] [net.neoforged.fml.loading.moddiscovery.ModFileInfo/LOADING]: Found valid mod file shield_api-neoforge-2.2.0.jar with {shield_api} mods - versions {2.2.0}
[15Aug2026 02:26:04.872] [main/DEBUG] [net.neoforged.fml.loading.moddiscovery.ModFile/LOADING]: Loading mod file /workspaces/nnnn/servidor_minecraft/mods/shield_api-neoforge-2.2.0.jar with languages [LanguageSpec[languageName=javafml, acceptedVersions=[4,)]]
[15Aug2026 02:26:04.872] [main/DEBUG] [net.neoforged.fml.loading.moddiscovery.ModFile/LOADING]: Found mixin config MixinConfig[config=shield_api.mixins.json, requiredMods=[]]
[15Aug2026 02:26:04.872] [main/DEBUG] [net.neoforged.fml.loading.moddiscovery.ModFileParser/LOADING]: Considering mod file candidate /workspaces/nnnn/servidor_minecraft/mods/sodium-neoforge-0.6.13+mc1.21.1.jar
[15Aug2026 02:26:04.872] [main/DEBUG] [net.neoforged.fml.loading.moddiscovery.ModFileInfo/LOADING]: Found valid mod file sodium-neoforge-0.6.13+mc1.21.1.jar with {sodium} mods - versions {0.6.13+mc1.21.1}
[15Aug2026 02:26:04.872] [main/DEBUG] [net.neoforged.fml.loading.moddiscovery.ModFile/LOADING]: Loading mod file /workspaces/nnnn/servidor_minecraft/mods/sodium-neoforge-0.6.13+mc1.21.1.jar with languages [LanguageSpec[languageName=javafml, acceptedVersions=[4,)]]
[15Aug2026 02:26:04.873] [main/DEBUG] [net.neoforged.fml.loading.moddiscovery.ModFile/LOADING]: Found mixin config MixinConfig[config=sodium-common.mixins.json, requiredMods=[]]
[15Aug2026 02:26:04.873] [main/DEBUG] [net.neoforged.fml.loading.moddiscovery.ModFile/LOADING]: Found mixin config MixinConfig[config=sodium-neoforge.mixins.json, requiredMods=[]]
[15Aug2026 02:26:04.873] [main/DEBUG] [net.neoforged.fml.loading.moddiscovery.ModFileParser/LOADING]: Considering mod file candidate 
[15Aug2026 02:26:04.873] [main/DEBUG] [net.neoforged.fml.loading.moddiscovery.ModFileInfo/LOADING]: Found valid mod file fabric-particles-v1-4.0.2+824f924c19.jar with {fabric_particles_v1} mods - versions {4.0.2+824f924c19}
[15Aug2026 02:26:04.873] [main/DEBUG] [net.neoforged.fml.loading.moddiscovery.ModFile/LOADING]: Loading mod file  with languages [LanguageSpec[languageName=javafml, acceptedVersions=[1,)]]
[15Aug2026 02:26:04.874] [main/DEBUG] [net.neoforged.fml.loading.moddiscovery.ModFile/LOADING]: Found mixin config MixinConfig[config=fabric-particles-v1.client.mixins.json, requiredMods=[]]
[15Aug2026 02:26:04.874] [main/DEBUG] [net.neoforged.fml.loading.moddiscovery.ModFileParser/LOADING]: Considering mod file candidate /workspaces/nnnn/servidor_minecraft/mods/adventuredungeons-neoforge-1.21-1.3.1.jar
[15Aug2026 02:26:04.874] [main/DEBUG] [net.neoforged.fml.loading.moddiscovery.ModFileInfo/LOADING]: Found valid mod file adventuredungeons-neoforge-1.21-1.3.1.jar with {adventuredungeons} mods - versions {1.3.1}
[15Aug2026 02:26:04.874] [main/DEBUG] [net.neoforged.fml.loading.moddiscovery.ModFile/LOADING]: Loading mod file /workspaces/nnnn/servidor_minecraft/mods/adventuredungeons-neoforge-1.21-1.3.1.jar with languages [LanguageSpec[languageName=javafml, acceptedVersions=[4,)]]
[15Aug2026 02:26:04.874] [main/DEBUG] [net.neoforged.fml.loading.moddiscovery.ModFile/LOADING]: Found mixin config MixinConfig[config=adventuredungeons.mixins.json, requiredMods=[]]
[15Aug2026 02:26:04.874] [main/DEBUG] [net.neoforged.fml.loading.moddiscovery.ModFile/LOADING]: Found mixin config MixinConfig[config=adventuredungeons.neoforge.mixins.json, requiredMods=[]]
[15Aug2026 02:26:04.874] [main/DEBUG] [net.neoforged.fml.loading.moddiscovery.ModFileParser/LOADING]: Considering mod file candidate /workspaces/nnnn/servidor_minecraft/mods/chalk-1.6.11.jar
[15Aug2026 02:26:04.875] [main/DEBUG] [net.neoforged.fml.loading.moddiscovery.ModFileInfo/LOADING]: Found valid mod file chalk-1.6.11.jar with {chalk} mods - versions {1.6.11}
[15Aug2026 02:26:04.875] [main/DEBUG] [net.neoforged.fml.loading.moddiscovery.ModFile/LOADING]: Loading mod file /workspaces/nnnn/servidor_minecraft/mods/chalk-1.6.11.jar with languages [LanguageSpec[languageName=javafml, acceptedVersions=[4,)]]
[15Aug2026 02:26:04.875] [main/DEBUG] [net.neoforged.fml.loading.moddiscovery.ModFileInfo/LOADING]: Found valid mod file server-1.21.1-20240808.144430-srg.jar with {minecraft} mods - versions {1.21.1}
[15Aug2026 02:26:04.876] [main/DEBUG] [net.neoforged.fml.loading.moddiscovery.ModFile/LOADING]: Loading mod file /workspaces/nnnn/servidor_minecraft/libraries/net/minecraft/server/1.21.1-20240808.144430/server-1.21.1-20240808.144430-srg.jar with languages [LanguageSpec[languageName=minecraft, acceptedVersions=1]]
[15Aug2026 02:26:04.876] [main/DEBUG] [net.neoforged.fml.loading.moddiscovery.ModFileParser/LOADING]: Considering mod file candidate /workspaces/nnnn/servidor_minecraft/mods/emi-1.1.23+1.21.1+neoforge.jar
[15Aug2026 02:26:04.876] [main/DEBUG] [net.neoforged.fml.loading.moddiscovery.ModFileInfo/LOADING]: Found valid mod file emi-1.1.23+1.21.1+neoforge.jar with {emi} mods - versions {1.1.23+1.21.1+neoforge}
[15Aug2026 02:26:04.876] [main/DEBUG] [net.neoforged.fml.loading.moddiscovery.ModFile/LOADING]: Loading mod file /workspaces/nnnn/servidor_minecraft/mods/emi-1.1.23+1.21.1+neoforge.jar with languages [LanguageSpec[languageName=javafml, acceptedVersions=[1,)]]
[15Aug2026 02:26:04.876] [main/DEBUG] [net.neoforged.fml.loading.moddiscovery.ModFile/LOADING]: Found mixin config MixinConfig[config=emi.mixins.json, requiredMods=[]]
[15Aug2026 02:26:04.876] [main/DEBUG] [net.neoforged.fml.loading.moddiscovery.ModFile/LOADING]: Found mixin config MixinConfig[config=emi-neoforge.mixins.json, requiredMods=[]]
[15Aug2026 02:26:04.876] [main/DEBUG] [net.neoforged.fml.loading.moddiscovery.ModFileParser/LOADING]: Considering mod file candidate /workspaces/nnnn/servidor_minecraft/mods/smoothchunk-1.21-4.1.jar
[15Aug2026 02:26:04.877] [main/DEBUG] [net.neoforged.fml.loading.moddiscovery.ModFileInfo/LOADING]: Found valid mod file smoothchunk-1.21-4.1.jar with {smoothchunk} mods - versions {4.1}
[15Aug2026 02:26:04.877] [main/DEBUG] [net.neoforged.fml.loading.moddiscovery.ModFile/LOADING]: Loading mod file /workspaces/nnnn/servidor_minecraft/mods/smoothchunk-1.21-4.1.jar with languages [LanguageSpec[languageName=javafml, acceptedVersions=[4,500)]]
[15Aug2026 02:26:04.877] [main/DEBUG] [net.neoforged.fml.loading.moddiscovery.ModFile/LOADING]: Found mixin config MixinConfig[config=smoothchunk.mixins.json, requiredMods=[]]
[15Aug2026 02:26:04.877] [main/DEBUG] [net.neoforged.fml.loading.moddiscovery.ModFileParser/LOADING]: Considering mod file candidate 
[15Aug2026 02:26:04.877] [main/DEBUG] [net.neoforged.fml.loading.moddiscovery.ModFileInfo/LOADING]: Found valid mod file fabric-api-base-0.4.42+d1308dedd1.jar with {fabric_api_base} mods - versions {0.4.42+d1308dedd1}
[15Aug2026 02:26:04.877] [main/DEBUG] [net.neoforged.fml.loading.moddiscovery.ModFile/LOADING]: Loading mod file  with languages [LanguageSpec[languageName=javafml, acceptedVersions=[1,)]]
[15Aug2026 02:26:04.878] [main/DEBUG] [net.neoforged.fml.loading.moddiscovery.ModFileParser/LOADING]: Considering mod file candidate /workspaces/nnnn/servidor_minecraft/mods/bettercombat-neoforge-2.3.2+1.21.1.jar
[15Aug2026 02:26:04.878] [main/DEBUG] [net.neoforged.fml.loading.moddiscovery.ModFileInfo/LOADING]: Found valid mod file bettercombat-neoforge-2.3.2+1.21.1.jar with {bettercombat} mods - versions {2.3.2+1.21.1}
[15Aug2026 02:26:04.878] [main/DEBUG] [net.neoforged.fml.loading.moddiscovery.ModFile/LOADING]: Loading mod file /workspaces/nnnn/servidor_minecraft/mods/bettercombat-neoforge-2.3.2+1.21.1.jar with languages [LanguageSpec[languageName=javafml, acceptedVersions=[2,)]]
[15Aug2026 02:26:04.878] [main/DEBUG] [net.neoforged.fml.loading.moddiscovery.ModFile/LOADING]: Found mixin config MixinConfig[config=bettercombat.mixins.json, requiredMods=[]]
[15Aug2026 02:26:04.878] [main/DEBUG] [net.neoforged.fml.loading.moddiscovery.ModFileParser/LOADING]: Considering mod file candidate /workspaces/nnnn/servidor_minecraft/mods/Necronomicon-NeoForge-1.6.0+1.21.jar
[15Aug2026 02:26:04.879] [main/DEBUG] [net.neoforged.fml.loading.moddiscovery.ModFileInfo/LOADING]: Found valid mod file Necronomicon-NeoForge-1.6.0+1.21.jar with {necronomicon} mods - versions {1.6.0}
[15Aug2026 02:26:04.879] [main/DEBUG] [net.neoforged.fml.loading.moddiscovery.ModFile/LOADING]: Loading mod file /workspaces/nnnn/servidor_minecraft/mods/Necronomicon-NeoForge-1.6.0+1.21.jar with languages [LanguageSpec[languageName=javafml, acceptedVersions=*]]
[15Aug2026 02:26:04.879] [main/DEBUG] [net.neoforged.fml.loading.moddiscovery.ModFile/LOADING]: Found mixin config MixinConfig[config=necronomicon-common.mixins.json, requiredMods=[]]
[15Aug2026 02:26:04.879] [main/DEBUG] [net.neoforged.fml.loading.moddiscovery.ModFileParser/LOADING]: Considering mod file candidate /workspaces/nnnn/servidor_minecraft/mods/primal-1.1.6+1.21.jar
[15Aug2026 02:26:04.880] [main/DEBUG] [net.neoforged.fml.loading.moddiscovery.ModFileInfo/LOADING]: Found valid mod file primal-1.1.6+1.21.jar with {primal} mods - versions {1.1.6}
[15Aug2026 02:26:04.880] [main/DEBUG] [net.neoforged.fml.loading.moddiscovery.ModFile/LOADING]: Loading mod file /workspaces/nnnn/servidor_minecraft/mods/primal-1.1.6+1.21.jar with languages [LanguageSpec[languageName=javafml, acceptedVersions=[1,)]]
[15Aug2026 02:26:04.880] [main/DEBUG] [net.neoforged.fml.loading.moddiscovery.ModFile/LOADING]: Found mixin config MixinConfig[config=primal.mixins.json, requiredMods=[]]
[15Aug2026 02:26:04.880] [main/DEBUG] [net.neoforged.fml.loading.moddiscovery.ModFileParser/LOADING]: Considering mod file candidate 
[15Aug2026 02:26:04.881] [main/DEBUG] [net.neoforged.fml.loading.moddiscovery.ModFileInfo/LOADING]: Found valid mod file iteminteractions-neoforge-21.1.4.jar with {iteminteractions} mods - versions {21.1.4}
[15Aug2026 02:26:04.881] [main/DEBUG] [net.neoforged.fml.loading.moddiscovery.ModFile/LOADING]: Loading mod file  with languages [LanguageSpec[languageName=javafml, acceptedVersions=*]]
[15Aug2026 02:26:04.881] [main/DEBUG] [net.neoforged.fml.loading.moddiscovery.ModFile/LOADING]: Found mixin config MixinConfig[config=iteminteractions.common.mixins.json, requiredMods=[]]
[15Aug2026 02:26:04.881] [main/DEBUG] [net.neoforged.fml.loading.moddiscovery.ModFile/LOADING]: Found mixin config MixinConfig[config=iteminteractions.neoforge.mixins.json, requiredMods=[]]
[15Aug2026 02:26:04.881] [main/DEBUG] [net.neoforged.fml.loading.moddiscovery.ModFileParser/LOADING]: Considering mod file candidate /workspaces/nnnn/servidor_minecraft/mods/better_starting_armors-1.0.1-neoforge-1.21.1.jar
[15Aug2026 02:26:04.881] [main/DEBUG] [net.neoforged.fml.loading.moddiscovery.ModFileInfo/LOADING]: Found valid mod file better_starting_armors-1.0.1-neoforge-1.21.1.jar with {better_starting_armors} mods - versions {1.0.1}
[15Aug2026 02:26:04.882] [main/DEBUG] [net.neoforged.fml.loading.moddiscovery.ModFile/LOADING]: Loading mod file /workspaces/nnnn/servidor_minecraft/mods/better_starting_armors-1.0.1-neoforge-1.21.1.jar with languages [LanguageSpec[languageName=javafml, acceptedVersions=[4,)]]
[15Aug2026 02:26:04.882] [main/DEBUG] [net.neoforged.fml.loading.moddiscovery.ModFileParser/LOADING]: Considering mod file candidate 
[15Aug2026 02:26:04.882] [main/DEBUG] [net.neoforged.fml.loading.moddiscovery.ModFileInfo/LOADING]: Found valid mod file fabric-block-api-v1-1.1.0+b0c22bb819.jar with {fabric_block_api_v1} mods - versions {1.1.0+b0c22bb819}
[15Aug2026 02:26:04.882] [main/DEBUG] [net.neoforged.fml.loading.moddiscovery.ModFile/LOADING]: Loading mod file  with languages [LanguageSpec[languageName=javafml, acceptedVersions=[1,)]]
[15Aug2026 02:26:04.882] [main/DEBUG] [net.neoforged.fml.loading.moddiscovery.ModFile/LOADING]: Found mixin config MixinConfig[config=fabric-block-api-v1.mixins.json, requiredMods=[]]
[15Aug2026 02:26:04.882] [main/DEBUG] [net.neoforged.fml.loading.moddiscovery.ModFileParser/LOADING]: Considering mod file candidate 
[15Aug2026 02:26:04.883] [main/DEBUG] [net.neoforged.fml.loading.moddiscovery.ModFileInfo/LOADING]: Found valid mod file fabric-resource-conditions-api-v1-4.3.0+5bdd099819.jar with {fabric_resource_conditions_api_v1} mods - versions {4.3.0+5bdd099819}
[15Aug2026 02:26:04.883] [main/DEBUG] [net.neoforged.fml.loading.moddiscovery.ModFile/LOADING]: Loading mod file  with languages [LanguageSpec[languageName=javafml, acceptedVersions=[1,)]]
[15Aug2026 02:26:04.883] [main/DEBUG] [net.neoforged.fml.loading.moddiscovery.ModFile/LOADING]: Found mixin config MixinConfig[config=fabric-resource-conditions-api-v1.mixins.json, requiredMods=[]]
[15Aug2026 02:26:04.883] [main/DEBUG] [net.neoforged.fml.loading.moddiscovery.ModFileParser/LOADING]: Considering mod file candidate /workspaces/nnnn/servidor_minecraft/mods/fastpaintings-1.21-1.3.0-neoforge.jar
[15Aug2026 02:26:04.883] [main/DEBUG] [net.neoforged.fml.loading.moddiscovery.ModFileInfo/LOADING]: Found valid mod file fastpaintings-1.21-1.3.0-neoforge.jar with {fastpaintings} mods - versions {1.21-1.3.0}
[15Aug2026 02:26:04.883] [main/DEBUG] [net.neoforged.fml.loading.moddiscovery.ModFile/LOADING]: Loading mod file /workspaces/nnnn/servidor_minecraft/mods/fastpaintings-1.21-1.3.0-neoforge.jar with languages [LanguageSpec[languageName=javafml, acceptedVersions=[4,)]]
[15Aug2026 02:26:04.883] [main/DEBUG] [net.neoforged.fml.loading.moddiscovery.ModFile/LOADING]: Found mixin config MixinConfig[config=fastpaintings.mixins.json, requiredMods=[]]
[15Aug2026 02:26:04.884] [main/DEBUG] [net.neoforged.fml.loading.moddiscovery.ModFile/LOADING]: Found mixin config MixinConfig[config=fastpaintings-common.mixins.json, requiredMods=[]]
[15Aug2026 02:26:04.884] [main/DEBUG] [net.neoforged.fml.loading.moddiscovery.ModFileParser/LOADING]: Considering mod file candidate /workspaces/nnnn/servidor_minecraft/mods/Ksyxis-1.4.3.jar
[15Aug2026 02:26:04.884] [main/DEBUG] [net.neoforged.fml.loading.moddiscovery.ModFileInfo/LOADING]: Found valid mod file Ksyxis-1.4.3.jar with {ksyxis} mods - versions {1.4.3}
[15Aug2026 02:26:04.884] [main/DEBUG] [net.neoforged.fml.loading.moddiscovery.ModFile/LOADING]: Loading mod file /workspaces/nnnn/servidor_minecraft/mods/Ksyxis-1.4.3.jar with languages [LanguageSpec[languageName=javafml, acceptedVersions=*]]
[15Aug2026 02:26:04.884] [main/DEBUG] [net.neoforged.fml.loading.moddiscovery.ModFile/LOADING]: Found mixin config MixinConfig[config=ksyxis.mixins.json, requiredMods=[]]
[15Aug2026 02:26:04.884] [main/DEBUG] [net.neoforged.fml.loading.moddiscovery.ModFileParser/LOADING]: Considering mod file candidate 
[15Aug2026 02:26:04.885] [main/DEBUG] [net.neoforged.fml.loading.moddiscovery.ModFileInfo/LOADING]: Found valid mod file thedarkcolour.kffmod-5.11.0.jar with {kotlinforforge} mods - versions {5.11.0}
[15Aug2026 02:26:04.885] [main/DEBUG] [net.neoforged.fml.loading.moddiscovery.ModFile/LOADING]: Loading mod file  with languages [LanguageSpec[languageName=kotlinforforge, acceptedVersions=[5,)]]
[15Aug2026 02:26:04.885] [main/DEBUG] [net.neoforged.fml.loading.moddiscovery.ModFileParser/LOADING]: Considering mod file candidate 
[15Aug2026 02:26:04.885] [main/DEBUG] [net.neoforged.fml.loading.moddiscovery.ModFileInfo/LOADING]: Found valid mod file flywheel-neoforge-1.21.1-1.0.6.jar with {flywheel} mods - versions {1.0.6}
[15Aug2026 02:26:04.886] [main/DEBUG] [net.neoforged.fml.loading.moddiscovery.ModFile/LOADING]: Loading mod file  with languages [LanguageSpec[languageName=javafml, acceptedVersions=[0,)]]
[15Aug2026 02:26:04.886] [main/DEBUG] [net.neoforged.fml.loading.moddiscovery.ModFile/LOADING]: Found mixin config MixinConfig[config=flywheel.backend.mixins.json, requiredMods=[]]
[15Aug2026 02:26:04.886] [main/DEBUG] [net.neoforged.fml.loading.moddiscovery.ModFile/LOADING]: Found mixin config MixinConfig[config=flywheel.impl.mixins.json, requiredMods=[]]
[15Aug2026 02:26:04.886] [main/DEBUG] [net.neoforged.fml.loading.moddiscovery.ModFile/LOADING]: Found mixin config MixinConfig[config=flywheel.impl.neoforge.mixins.json, requiredMods=[]]
[15Aug2026 02:26:04.886] [main/DEBUG] [net.neoforged.fml.loading.moddiscovery.ModFileParser/LOADING]: Considering mod file candidate 
[15Aug2026 02:26:04.886] [main/DEBUG] [net.neoforged.fml.loading.moddiscovery.ModFileInfo/LOADING]: Found valid mod file fabric-item-group-api-v1-4.1.7+e324903319.jar with {fabric_item_group_api_v1} mods - versions {4.1.7+e324903319}
[15Aug2026 02:26:04.886] [main/DEBUG] [net.neoforged.fml.loading.moddiscovery.ModFile/LOADING]: Loading mod file  with languages [LanguageSpec[languageName=javafml, acceptedVersions=[1,)]]
[15Aug2026 02:26:04.886] [main/DEBUG] [net.neoforged.fml.loading.moddiscovery.ModFile/LOADING]: Found mixin config MixinConfig[config=fabric-item-group-api-v1.mixins.json, requiredMods=[]]
[15Aug2026 02:26:04.886] [main/DEBUG] [net.neoforged.fml.loading.moddiscovery.ModFile/LOADING]: Found mixin config MixinConfig[config=fabric-item-group-api-v1.client.mixins.json, requiredMods=[]]
[15Aug2026 02:26:04.886] [main/DEBUG] [net.neoforged.fml.loading.moddiscovery.ModFileParser/LOADING]: Considering mod file candidate /workspaces/nnnn/servidor_minecraft/mods/polymorph-neoforge-1.1.0+1.21.1.jar
[15Aug2026 02:26:04.887] [main/DEBUG] [net.neoforged.fml.loading.moddiscovery.ModFileInfo/LOADING]: Found valid mod file polymorph-neoforge-1.1.0+1.21.1.jar with {polymorph} mods - versions {1.1.0+1.21.1}
[15Aug2026 02:26:04.887] [main/DEBUG] [net.neoforged.fml.loading.moddiscovery.ModFile/LOADING]: Loading mod file /workspaces/nnnn/servidor_minecraft/mods/polymorph-neoforge-1.1.0+1.21.1.jar with languages [LanguageSpec[languageName=javafml, acceptedVersions=[1,)]]
[15Aug2026 02:26:04.887] [main/DEBUG] [net.neoforged.fml.loading.moddiscovery.ModFile/LOADING]: Found mixin config MixinConfig[config=polymorph.mixins.json, requiredMods=[]]
[15Aug2026 02:26:04.887] [main/DEBUG] [net.neoforged.fml.loading.moddiscovery.ModFile/LOADING]: Found mixin config MixinConfig[config=polymorph-compatibility.mixins.json, requiredMods=[]]
[15Aug2026 02:26:04.887] [main/DEBUG] [net.neoforged.fml.loading.moddiscovery.ModFile/LOADING]: Found mixin config MixinConfig[config=polymorph-compatibility.neoforge.mixins.json, requiredMods=[]]
[15Aug2026 02:26:04.887] [main/DEBUG] [net.neoforged.fml.loading.moddiscovery.ModFileParser/LOADING]: Considering mod file candidate /workspaces/nnnn/servidor_minecraft/mods/clutternomore-1.1.9+1.21.1-neoforge.jar
[15Aug2026 02:26:04.888] [main/DEBUG] [net.neoforged.fml.loading.moddiscovery.ModFileInfo/LOADING]: Found valid mod file clutternomore-1.1.9+1.21.1-neoforge.jar with {clutternomore} mods - versions {1.1.9+1.21.1}
[15Aug2026 02:26:04.888] [main/DEBUG] [net.neoforged.fml.loading.moddiscovery.ModFile/LOADING]: Loading mod file /workspaces/nnnn/servidor_minecraft/mods/clutternomore-1.1.9+1.21.1-neoforge.jar with languages [LanguageSpec[languageName=javafml, acceptedVersions=[4,)]]
[15Aug2026 02:26:04.888] [main/DEBUG] [net.neoforged.fml.loading.moddiscovery.ModFile/LOADING]: Found mixin config MixinConfig[config=clutternomore.mixins.json, requiredMods=[]]
[15Aug2026 02:26:04.888] [main/DEBUG] [net.neoforged.fml.loading.moddiscovery.ModFileParser/LOADING]: Considering mod file candidate /workspaces/nnnn/servidor_minecraft/mods/entityculling-neoforge-1.9.5-mc1.21.1.jar
[15Aug2026 02:26:04.888] [main/DEBUG] [net.neoforged.fml.loading.moddiscovery.ModFileInfo/LOADING]: Found valid mod file entityculling-neoforge-1.9.5-mc1.21.1.jar with {entityculling} mods - versions {1.9.5}
[15Aug2026 02:26:04.888] [main/DEBUG] [net.neoforged.fml.loading.moddiscovery.ModFile/LOADING]: Loading mod file /workspaces/nnnn/servidor_minecraft/mods/entityculling-neoforge-1.9.5-mc1.21.1.jar with languages [LanguageSpec[languageName=javafml, acceptedVersions=[1,)]]
[15Aug2026 02:26:04.888] [main/DEBUG] [net.neoforged.fml.loading.moddiscovery.ModFile/LOADING]: Found mixin config MixinConfig[config=entityculling.mixins.json, requiredMods=[]]
[15Aug2026 02:26:04.888] [main/DEBUG] [net.neoforged.fml.loading.moddiscovery.ModFileParser/LOADING]: Considering mod file candidate 
[15Aug2026 02:26:04.889] [main/DEBUG] [net.neoforged.fml.loading.moddiscovery.ModFileInfo/LOADING]: Found valid mod file fabric-registry-sync-v0-5.3.1+f9aace1619.jar with {fabric_registry_sync_v0} mods - versions {5.3.1+f9aace1619}
[15Aug2026 02:26:04.889] [main/DEBUG] [net.neoforged.fml.loading.moddiscovery.ModFile/LOADING]: Loading mod file  with languages [LanguageSpec[languageName=javafml, acceptedVersions=[1,)]]
[15Aug2026 02:26:04.889] [main/DEBUG] [net.neoforged.fml.loading.moddiscovery.ModFile/LOADING]: Found mixin config MixinConfig[config=fabric-registry-sync-v0.mixins.json, requiredMods=[]]
[15Aug2026 02:26:04.889] [main/DEBUG] [net.neoforged.fml.loading.moddiscovery.ModFileParser/LOADING]: Considering mod file candidate /workspaces/nnnn/servidor_minecraft/mods/grim-kingdoms-lost-structures-ruins-vanilla-edition-v1.0.0 1.21+.jar
[15Aug2026 02:26:04.889] [main/DEBUG] [net.neoforged.fml.loading.moddiscovery.ModFileInfo/LOADING]: Found valid mod file grim-kingdoms-lost-structures-ruins-vanilla-edition-v1.0.0 1.21+.jar with {mr_grim_kingdomsloststructuresruinsvanillaedition} mods - versions {1-v1.0.0}
[15Aug2026 02:26:04.889] [main/DEBUG] [net.neoforged.fml.loading.moddiscovery.ModFile/LOADING]: Loading mod file /workspaces/nnnn/servidor_minecraft/mods/grim-kingdoms-lost-structures-ruins-vanilla-edition-v1.0.0 1.21+.jar with languages [LanguageSpec[languageName=javafml, acceptedVersions=[1,)]]
[15Aug2026 02:26:04.889] [main/DEBUG] [net.neoforged.fml.loading.moddiscovery.ModFileParser/LOADING]: Considering mod file candidate /workspaces/nnnn/servidor_minecraft/mods/relics-neoforge-1.3.0+1.21.1.jar
[15Aug2026 02:26:04.890] [main/DEBUG] [net.neoforged.fml.loading.moddiscovery.ModFileInfo/LOADING]: Found valid mod file relics-neoforge-1.3.0+1.21.1.jar with {relics_rpgs} mods - versions {1.3.0}
[15Aug2026 02:26:04.890] [main/DEBUG] [net.neoforged.fml.loading.moddiscovery.ModFile/LOADING]: Loading mod file /workspaces/nnnn/servidor_minecraft/mods/relics-neoforge-1.3.0+1.21.1.jar with languages [LanguageSpec[languageName=javafml, acceptedVersions=[4,)]]
[15Aug2026 02:26:04.890] [main/DEBUG] [net.neoforged.fml.loading.moddiscovery.ModFile/LOADING]: Found mixin config MixinConfig[config=relics_rpgs.mixins.json, requiredMods=[]]
[15Aug2026 02:26:04.890] [main/DEBUG] [net.neoforged.fml.loading.moddiscovery.ModFileParser/LOADING]: Considering mod file candidate 
[15Aug2026 02:26:04.890] [main/DEBUG] [net.neoforged.fml.loading.moddiscovery.ModFileInfo/LOADING]: Found valid mod file fabric-recipe-api-v1-5.0.15+59440bcc19.jar with {fabric_recipe_api_v1} mods - versions {5.0.15+59440bcc19}
[15Aug2026 02:26:04.890] [main/DEBUG] [net.neoforged.fml.loading.moddiscovery.ModFile/LOADING]: Loading mod file  with languages [LanguageSpec[languageName=javafml, acceptedVersions=[1,)]]
[15Aug2026 02:26:04.890] [main/DEBUG] [net.neoforged.fml.loading.moddiscovery.ModFile/LOADING]: Found mixin config MixinConfig[config=fabric-recipe-api-v1.mixins.json, requiredMods=[]]
[15Aug2026 02:26:04.891] [main/DEBUG] [net.neoforged.fml.loading.moddiscovery.ModFileParser/LOADING]: Considering mod file candidate 
[15Aug2026 02:26:04.891] [main/DEBUG] [net.neoforged.fml.loading.moddiscovery.ModFileInfo/LOADING]: Found valid mod file fabric-object-builder-api-v1-15.2.1+cc242efd19.jar with {fabric_object_builder_api_v1} mods - versions {15.2.1+cc242efd19}
[15Aug2026 02:26:04.891] [main/DEBUG] [net.neoforged.fml.loading.moddiscovery.ModFile/LOADING]: Loading mod file  with languages [LanguageSpec[languageName=javafml, acceptedVersions=[1,)]]
[15Aug2026 02:26:04.891] [main/DEBUG] [net.neoforged.fml.loading.moddiscovery.ModFile/LOADING]: Found mixin config MixinConfig[config=fabric-object-builder-v1.mixins.json, requiredMods=[]]
[15Aug2026 02:26:04.891] [main/DEBUG] [net.neoforged.fml.loading.moddiscovery.ModFileParser/LOADING]: Considering mod file candidate /workspaces/nnnn/servidor_minecraft/mods/lootr-neoforge-1.21.1-1.11.37.120.jar
[15Aug2026 02:26:04.892] [main/DEBUG] [net.neoforged.fml.loading.moddiscovery.ModFileInfo/LOADING]: Found valid mod file lootr-neoforge-1.21.1-1.11.37.120.jar with {lootr} mods - versions {1.21.1-1.11.37.120}
[15Aug2026 02:26:04.892] [main/DEBUG] [net.neoforged.fml.loading.moddiscovery.ModFile/LOADING]: Loading mod file /workspaces/nnnn/servidor_minecraft/mods/lootr-neoforge-1.21.1-1.11.37.120.jar with languages [LanguageSpec[languageName=javafml, acceptedVersions=[2,)]]
[15Aug2026 02:26:04.892] [main/DEBUG] [net.neoforged.fml.loading.moddiscovery.ModFile/LOADING]: Found mixin config MixinConfig[config=lootr-common.mixins.json, requiredMods=[]]
[15Aug2026 02:26:04.892] [main/DEBUG] [net.neoforged.fml.loading.moddiscovery.ModFile/LOADING]: Found mixin config MixinConfig[config=lootr-neoforge.mixins.json, requiredMods=[]]
[15Aug2026 02:26:04.892] [main/DEBUG] [net.neoforged.fml.loading.moddiscovery.ModFile/LOADING]: Found mixin config MixinConfig[config=lootr-neoforge-digsite_workshop.mixins.json, requiredMods=[digsite_workshop]]
[15Aug2026 02:26:04.892] [main/DEBUG] [net.neoforged.fml.loading.moddiscovery.ModFileParser/LOADING]: Considering mod file candidate /workspaces/nnnn/servidor_minecraft/mods/pufferfish_unofficial_additions-1.21.1-2.2.8.jar
[15Aug2026 02:26:04.893] [main/DEBUG] [net.neoforged.fml.loading.moddiscovery.ModFileInfo/LOADING]: Found valid mod file pufferfish_unofficial_additions-1.21.1-2.2.8.jar with {pufferfish_unofficial_additions} mods - versions {2.2.8}
[15Aug2026 02:26:04.893] [main/DEBUG] [net.neoforged.fml.loading.moddiscovery.ModFile/LOADING]: Loading mod file /workspaces/nnnn/servidor_minecraft/mods/pufferfish_unofficial_additions-1.21.1-2.2.8.jar with languages [LanguageSpec[languageName=javafml, acceptedVersions=[4,)]]
[15Aug2026 02:26:04.893] [main/DEBUG] [net.neoforged.fml.loading.moddiscovery.ModFile/LOADING]: Found mixin config MixinConfig[config=pufferfish_unofficial_additions.mixins.json, requiredMods=[]]
[15Aug2026 02:26:04.893] [main/DEBUG] [net.neoforged.fml.loading.moddiscovery.ModFileParser/LOADING]: Considering mod file candidate /workspaces/nnnn/servidor_minecraft/mods/mythsandlegends-0.0.8.5.jar
[15Aug2026 02:26:04.893] [main/DEBUG] [net.neoforged.fml.loading.moddiscovery.ModFileInfo/LOADING]: Found valid mod file mythsandlegends-0.0.8.5.jar with {mythsandlegends} mods - versions {0.0.8.5}
[15Aug2026 02:26:04.893] [main/DEBUG] [net.neoforged.fml.loading.moddiscovery.ModFile/LOADING]: Loading mod file /workspaces/nnnn/servidor_minecraft/mods/mythsandlegends-0.0.8.5.jar with languages [LanguageSpec[languageName=javafml, acceptedVersions=[1,)]]
[15Aug2026 02:26:04.893] [main/DEBUG] [net.neoforged.fml.loading.moddiscovery.ModFileParser/LOADING]: Considering mod file candidate /workspaces/nnnn/servidor_minecraft/mods/PuzzlesLib-v21.1.39-1.21.1-NeoForge.jar
[15Aug2026 02:26:04.894] [main/DEBUG] [net.neoforged.fml.loading.moddiscovery.ModFileInfo/LOADING]: Found valid mod file PuzzlesLib-v21.1.39-1.21.1-NeoForge.jar with {puzzleslib} mods - versions {21.1.39}
[15Aug2026 02:26:04.894] [main/DEBUG] [net.neoforged.fml.loading.moddiscovery.ModFile/LOADING]: Loading mod file /workspaces/nnnn/servidor_minecraft/mods/PuzzlesLib-v21.1.39-1.21.1-NeoForge.jar with languages [LanguageSpec[languageName=javafml, acceptedVersions=*]]
[15Aug2026 02:26:04.894] [main/DEBUG] [net.neoforged.fml.loading.moddiscovery.ModFile/LOADING]: Found mixin config MixinConfig[config=puzzleslib.common.mixins.json, requiredMods=[]]
[15Aug2026 02:26:04.894] [main/DEBUG] [net.neoforged.fml.loading.moddiscovery.ModFile/LOADING]: Found mixin config MixinConfig[config=puzzleslib.neoforge.mixins.json, requiredMods=[]]
[15Aug2026 02:26:04.894] [main/DEBUG] [net.neoforged.fml.loading.moddiscovery.ModFileParser/LOADING]: Considering mod file candidate 
[15Aug2026 02:26:04.894] [main/DEBUG] [net.neoforged.fml.loading.moddiscovery.ModFileInfo/LOADING]: Found valid mod file fabric-sound-api-v1-1.0.23+10b84f8419.jar with {fabric_sound_api_v1} mods - versions {1.0.23+10b84f8419}
[15Aug2026 02:26:04.895] [main/DEBUG] [net.neoforged.fml.loading.moddiscovery.ModFile/LOADING]: Loading mod file  with languages [LanguageSpec[languageName=javafml, acceptedVersions=[1,)]]
[15Aug2026 02:26:04.895] [main/DEBUG] [net.neoforged.fml.loading.moddiscovery.ModFile/LOADING]: Found mixin config MixinConfig[config=fabric-sound-api-v1.mixins.json, requiredMods=[]]
[15Aug2026 02:26:04.895] [main/DEBUG] [net.neoforged.fml.loading.moddiscovery.ModFileParser/LOADING]: Considering mod file candidate 
[15Aug2026 02:26:04.896] [main/DEBUG] [net.neoforged.fml.loading.moddiscovery.ModFileInfo/LOADING]: Found valid mod file fabric-message-api-v1-6.0.14+6a754fce19.jar with {fabric_message_api_v1} mods - versions {6.0.14+6a754fce19}
[15Aug2026 02:26:04.896] [main/DEBUG] [net.neoforged.fml.loading.moddiscovery.ModFile/LOADING]: Loading mod file  with languages [LanguageSpec[languageName=javafml, acceptedVersions=[1,)]]
[15Aug2026 02:26:04.896] [main/DEBUG] [net.neoforged.fml.loading.moddiscovery.ModFile/LOADING]: Found mixin config MixinConfig[config=fabric-message-api-v1.mixins.json, requiredMods=[]]
[15Aug2026 02:26:04.896] [main/DEBUG] [net.neoforged.fml.loading.moddiscovery.ModFile/LOADING]: Found mixin config MixinConfig[config=fabric-message-api-v1.client.mixins.json, requiredMods=[]]
[15Aug2026 02:26:04.896] [main/DEBUG] [net.neoforged.fml.loading.moddiscovery.ModFileParser/LOADING]: Considering mod file candidate /workspaces/nnnn/servidor_minecraft/mods/chunksending-1.21-2.9.jar
[15Aug2026 02:26:04.896] [main/DEBUG] [net.neoforged.fml.loading.moddiscovery.ModFileInfo/LOADING]: Found valid mod file chunksending-1.21-2.9.jar with {chunksending} mods - versions {2.9}
[15Aug2026 02:26:04.897] [main/DEBUG] [net.neoforged.fml.loading.moddiscovery.ModFile/LOADING]: Loading mod file /workspaces/nnnn/servidor_minecraft/mods/chunksending-1.21-2.9.jar with languages [LanguageSpec[languageName=javafml, acceptedVersions=[4,500)]]
[15Aug2026 02:26:04.897] [main/DEBUG] [net.neoforged.fml.loading.moddiscovery.ModFile/LOADING]: Found mixin config MixinConfig[config=chunksending.mixins.json, requiredMods=[]]
[15Aug2026 02:26:04.897] [main/DEBUG] [net.neoforged.fml.loading.moddiscovery.ModFileParser/LOADING]: Considering mod file candidate /workspaces/nnnn/servidor_minecraft/mods/defaultoptions-neoforge-1.21.1-21.1.6.jar
[15Aug2026 02:26:04.897] [main/DEBUG] [net.neoforged.fml.loading.moddiscovery.ModFileInfo/LOADING]: Found valid mod file defaultoptions-neoforge-1.21.1-21.1.6.jar with {defaultoptions} mods - versions {21.1.6}
[15Aug2026 02:26:04.897] [main/DEBUG] [net.neoforged.fml.loading.moddiscovery.ModFile/LOADING]: Loading mod file /workspaces/nnnn/servidor_minecraft/mods/defaultoptions-neoforge-1.21.1-21.1.6.jar with languages [LanguageSpec[languageName=javafml, acceptedVersions=[1,)]]
[15Aug2026 02:26:04.897] [main/DEBUG] [net.neoforged.fml.loading.moddiscovery.ModFile/LOADING]: Found mixin config MixinConfig[config=defaultoptions.mixins.json, requiredMods=[]]
[15Aug2026 02:26:04.897] [main/DEBUG] [net.neoforged.fml.loading.moddiscovery.ModFile/LOADING]: Found mixin config MixinConfig[config=defaultoptions.neoforge.mixins.json, requiredMods=[]]
[15Aug2026 02:26:04.897] [main/DEBUG] [net.neoforged.fml.loading.moddiscovery.ModFileParser/LOADING]: Considering mod file candidate 
[15Aug2026 02:26:04.898] [main/DEBUG] [net.neoforged.fml.loading.moddiscovery.ModFileInfo/LOADING]: Found valid mod file kuma-api-neoforge-21.0.7+1.21.jar with {kuma_api} mods - versions {21.0.7}
[15Aug2026 02:26:04.898] [main/DEBUG] [net.neoforged.fml.loading.moddiscovery.ModFile/LOADING]: Loading mod file  with languages [LanguageSpec[languageName=javafml, acceptedVersions=[1,)]]
[15Aug2026 02:26:04.898] [main/DEBUG] [net.neoforged.fml.loading.moddiscovery.ModFile/LOADING]: Found mixin config MixinConfig[config=kuma_api.mixins.json, requiredMods=[]]
[15Aug2026 02:26:04.898] [main/DEBUG] [net.neoforged.fml.loading.moddiscovery.ModFile/LOADING]: Found mixin config MixinConfig[config=kuma_api.neoforge.mixins.json, requiredMods=[]]
[15Aug2026 02:26:04.898] [main/DEBUG] [net.neoforged.fml.loading.moddiscovery.ModFileParser/LOADING]: Considering mod file candidate /workspaces/nnnn/servidor_minecraft/mods/DnT-nether-fortress-overhaul-v2.4 [NeoForge].jar
[15Aug2026 02:26:04.898] [main/DEBUG] [net.neoforged.fml.loading.moddiscovery.ModFileInfo/LOADING]: Found valid mod file DnT-nether-fortress-overhaul-v2.4 [NeoForge].jar with {mr_dungeons_andtavernsnetherfortressoverhaul} mods - versions {1-v2.4}
[15Aug2026 02:26:04.898] [main/DEBUG] [net.neoforged.fml.loading.moddiscovery.ModFile/LOADING]: Loading mod file /workspaces/nnnn/servidor_minecraft/mods/DnT-nether-fortress-overhaul-v2.4 [NeoForge].jar with languages [LanguageSpec[languageName=javafml, acceptedVersions=[1,)]]
[15Aug2026 02:26:04.898] [main/DEBUG] [net.neoforged.fml.loading.moddiscovery.ModFileParser/LOADING]: Considering mod file candidate 
[15Aug2026 02:26:04.899] [main/DEBUG] [net.neoforged.fml.loading.moddiscovery.ModFileInfo/LOADING]: Found valid mod file fabric-renderer-api-v1-3.4.1+9125b6dc19.jar with {fabric_renderer_api_v1} mods - versions {3.4.1+9125b6dc19}
[15Aug2026 02:26:04.899] [main/DEBUG] [net.neoforged.fml.loading.moddiscovery.ModFile/LOADING]: Loading mod file  with languages [LanguageSpec[languageName=javafml, acceptedVersions=[1,)]]
[15Aug2026 02:26:04.899] [main/DEBUG] [net.neoforged.fml.loading.moddiscovery.ModFile/LOADING]: Found mixin config MixinConfig[config=fabric-renderer-api-v1.mixins.json, requiredMods=[]]
[15Aug2026 02:26:04.899] [main/DEBUG] [net.neoforged.fml.loading.moddiscovery.ModFile/LOADING]: Found mixin config MixinConfig[config=fabric-renderer-api-v1.debughud.mixins.json, requiredMods=[]]
[15Aug2026 02:26:04.899] [main/DEBUG] [net.neoforged.fml.loading.moddiscovery.ModFileParser/LOADING]: Considering mod file candidate /workspaces/nnnn/servidor_minecraft/mods/geckolib-neoforge-1.21.1-4.8.4.jar
[15Aug2026 02:26:04.899] [main/DEBUG] [net.neoforged.fml.loading.moddiscovery.ModFileInfo/LOADING]: Found valid mod file geckolib-neoforge-1.21.1-4.8.4.jar with {geckolib} mods - versions {4.8.4}
[15Aug2026 02:26:04.899] [main/DEBUG] [net.neoforged.fml.loading.moddiscovery.ModFile/LOADING]: Loading mod file /workspaces/nnnn/servidor_minecraft/mods/geckolib-neoforge-1.21.1-4.8.4.jar with languages [LanguageSpec[languageName=javafml, acceptedVersions=[4,)]]
[15Aug2026 02:26:04.899] [main/DEBUG] [net.neoforged.fml.loading.moddiscovery.ModFile/LOADING]: Found mixin config MixinConfig[config=geckolib.mixins.json, requiredMods=[]]
[15Aug2026 02:26:04.899] [main/DEBUG] [net.neoforged.fml.loading.moddiscovery.ModFileParser/LOADING]: Considering mod file candidate /workspaces/nnnn/servidor_minecraft/mods/recipeessentials-1.21-4.0.jar
[15Aug2026 02:26:04.900] [main/DEBUG] [net.neoforged.fml.loading.moddiscovery.ModFileInfo/LOADING]: Found valid mod file recipeessentials-1.21-4.0.jar with {recipeessentials} mods - versions {4.0}
[15Aug2026 02:26:04.900] [main/DEBUG] [net.neoforged.fml.loading.moddiscovery.ModFile/LOADING]: Loading mod file /workspaces/nnnn/servidor_minecraft/mods/recipeessentials-1.21-4.0.jar with languages [LanguageSpec[languageName=javafml, acceptedVersions=[4,500)]]
[15Aug2026 02:26:04.900] [main/DEBUG] [net.neoforged.fml.loading.moddiscovery.ModFile/LOADING]: Found mixin config MixinConfig[config=recipeessentials.mixins.json, requiredMods=[]]
[15Aug2026 02:26:04.900] [main/DEBUG] [net.neoforged.fml.loading.moddiscovery.ModFileParser/LOADING]: Considering mod file candidate /workspaces/nnnn/servidor_minecraft/mods/rogues-neoforge-2.7.0+1.21.1.jar
[15Aug2026 02:26:04.900] [main/DEBUG] [net.neoforged.fml.loading.moddiscovery.ModFileInfo/LOADING]: Found valid mod file rogues-neoforge-2.7.0+1.21.1.jar with {rogues} mods - versions {2.7.0}
[15Aug2026 02:26:04.900] [main/DEBUG] [net.neoforged.fml.loading.moddiscovery.ModFile/LOADING]: Loading mod file /workspaces/nnnn/servidor_minecraft/mods/rogues-neoforge-2.7.0+1.21.1.jar with languages [LanguageSpec[languageName=javafml, acceptedVersions=[4,)]]
[15Aug2026 02:26:04.901] [main/DEBUG] [net.neoforged.fml.loading.moddiscovery.ModFile/LOADING]: Found mixin config MixinConfig[config=rogues.mixins.json, requiredMods=[]]
[15Aug2026 02:26:04.901] [main/DEBUG] [net.neoforged.fml.loading.moddiscovery.ModFileParser/LOADING]: Considering mod file candidate 
[15Aug2026 02:26:04.901] [main/DEBUG] [net.neoforged.fml.loading.moddiscovery.ModFileInfo/LOADING]: Found valid mod file fabric-item-api-v1-11.2.0+0c57911319.jar with {fabric_item_api_v1} mods - versions {11.2.0+0c57911319}
[15Aug2026 02:26:04.901] [main/DEBUG] [net.neoforged.fml.loading.moddiscovery.ModFile/LOADING]: Loading mod file  with languages [LanguageSpec[languageName=javafml, acceptedVersions=[1,)]]
[15Aug2026 02:26:04.901] [main/DEBUG] [net.neoforged.fml.loading.moddiscovery.ModFile/LOADING]: Found mixin config MixinConfig[config=fabric-item-api-v1.mixins.json, requiredMods=[]]
[15Aug2026 02:26:04.901] [main/DEBUG] [net.neoforged.fml.loading.moddiscovery.ModFile/LOADING]: Found mixin config MixinConfig[config=fabric-item-api-v1.client.mixins.json, requiredMods=[]]
[15Aug2026 02:26:04.901] [main/DEBUG] [net.neoforged.fml.loading.moddiscovery.ModFileParser/LOADING]: Considering mod file candidate /workspaces/nnnn/servidor_minecraft/mods/Galosphere-1.21.1-1.5.3-NeoForge.jar
[15Aug2026 02:26:04.901] [main/DEBUG] [net.neoforged.fml.loading.moddiscovery.ModFileInfo/LOADING]: Found valid mod file Galosphere-1.21.1-1.5.3-NeoForge.jar with {galosphere} mods - versions {1.5.3}
[15Aug2026 02:26:04.902] [main/DEBUG] [net.neoforged.fml.loading.moddiscovery.ModFile/LOADING]: Loading mod file /workspaces/nnnn/servidor_minecraft/mods/Galosphere-1.21.1-1.5.3-NeoForge.jar with languages [LanguageSpec[languageName=javafml, acceptedVersions=[4,)]]
[15Aug2026 02:26:04.902] [main/DEBUG] [net.neoforged.fml.loading.moddiscovery.ModFile/LOADING]: Found mixin config MixinConfig[config=galosphere.mixins.json, requiredMods=[]]
[15Aug2026 02:26:04.902] [main/DEBUG] [net.neoforged.fml.loading.moddiscovery.ModFileParser/LOADING]: Considering mod file candidate /workspaces/nnnn/servidor_minecraft/mods/reanimal-0.6.0.jar
[15Aug2026 02:26:04.902] [main/DEBUG] [net.neoforged.fml.loading.moddiscovery.ModFileInfo/LOADING]: Found valid mod file reanimal-0.6.0.jar with {reanimal} mods - versions {0.6.0}
[15Aug2026 02:26:04.902] [main/DEBUG] [net.neoforged.fml.loading.moddiscovery.ModFile/LOADING]: Loading mod file /workspaces/nnnn/servidor_minecraft/mods/reanimal-0.6.0.jar with languages [LanguageSpec[languageName=javafml, acceptedVersions=[4,)]]
[15Aug2026 02:26:04.902] [main/DEBUG] [net.neoforged.fml.loading.moddiscovery.ModFile/LOADING]: Found mixin config MixinConfig[config=reanimal.mixins.json, requiredMods=[]]
[15Aug2026 02:26:04.902] [main/DEBUG] [net.neoforged.fml.loading.moddiscovery.ModFileParser/LOADING]: Considering mod file candidate /workspaces/nnnn/servidor_minecraft/mods/connectivity-1.21.1-7.6.jar
[15Aug2026 02:26:04.903] [main/DEBUG] [net.neoforged.fml.loading.moddiscovery.ModFileInfo/LOADING]: Found valid mod file connectivity-1.21.1-7.6.jar with {connectivity} mods - versions {7.6}
[15Aug2026 02:26:04.903] [main/DEBUG] [net.neoforged.fml.loading.moddiscovery.ModFile/LOADING]: Loading mod file /workspaces/nnnn/servidor_minecraft/mods/connectivity-1.21.1-7.6.jar with languages [LanguageSpec[languageName=javafml, acceptedVersions=[4,500)]]
[15Aug2026 02:26:04.903] [main/DEBUG] [net.neoforged.fml.loading.moddiscovery.ModFile/LOADING]: Found mixin config MixinConfig[config=connectivity.mixins.json, requiredMods=[]]
[15Aug2026 02:26:04.903] [main/DEBUG] [net.neoforged.fml.loading.moddiscovery.ModFileParser/LOADING]: Considering mod file candidate /workspaces/nnnn/servidor_minecraft/mods/sophisticatedcore-1.21.1-1.4.38.1847.jar
[15Aug2026 02:26:04.903] [main/DEBUG] [net.neoforged.fml.loading.moddiscovery.ModFileInfo/LOADING]: Found valid mod file sophisticatedcore-1.21.1-1.4.38.1847.jar with {sophisticatedcore} mods - versions {1.4.38}
[15Aug2026 02:26:04.903] [main/DEBUG] [net.neoforged.fml.loading.moddiscovery.ModFile/LOADING]: Loading mod file /workspaces/nnnn/servidor_minecraft/mods/sophisticatedcore-1.21.1-1.4.38.1847.jar with languages [LanguageSpec[languageName=javafml, acceptedVersions=[4,)]]
[15Aug2026 02:26:04.903] [main/DEBUG] [net.neoforged.fml.loading.moddiscovery.ModFile/LOADING]: Found mixin config MixinConfig[config=sophisticatedcore.mixins.json, requiredMods=[]]
[15Aug2026 02:26:04.903] [main/DEBUG] [net.neoforged.fml.loading.moddiscovery.ModFile/LOADING]: Found mixin config MixinConfig[config=sophisticatedcore.create.mixins.json, requiredMods=[create]]
[15Aug2026 02:26:04.903] [main/DEBUG] [net.neoforged.fml.loading.moddiscovery.ModFileParser/LOADING]: Considering mod file candidate 
[15Aug2026 02:26:04.917] [main/DEBUG] [net.neoforged.fml.loading.moddiscovery.ModFileInfo/LOADING]: Found valid mod file emberstextapi-neoforge-1.21.1-2.9.3.jar with {emberstextapi} mods - versions {2.9.3}
[15Aug2026 02:26:04.917] [main/DEBUG] [net.neoforged.fml.loading.moddiscovery.ModFile/LOADING]: Loading mod file  with languages [LanguageSpec[languageName=javafml, acceptedVersions=[4,)]]
[15Aug2026 02:26:04.917] [main/DEBUG] [net.neoforged.fml.loading.moddiscovery.ModFile/LOADING]: Found mixin config MixinConfig[config=emberstextapi.mixins.json, requiredMods=[]]
[15Aug2026 02:26:04.917] [main/DEBUG] [net.neoforged.fml.loading.moddiscovery.ModFileParser/LOADING]: Considering mod file candidate /workspaces/nnnn/servidor_minecraft/mods/boss_checklist-neoforge-5.0.1.jar
[15Aug2026 02:26:04.917] [main/DEBUG] [net.neoforged.fml.loading.moddiscovery.ModFileInfo/LOADING]: Found valid mod file boss_checklist-neoforge-5.0.1.jar with {boss_checklist} mods - versions {5.0.1}
[15Aug2026 02:26:04.917] [main/DEBUG] [net.neoforged.fml.loading.moddiscovery.ModFile/LOADING]: Loading mod file /workspaces/nnnn/servidor_minecraft/mods/boss_checklist-neoforge-5.0.1.jar with languages [LanguageSpec[languageName=javafml, acceptedVersions=[4,)]]
[15Aug2026 02:26:04.918] [main/DEBUG] [net.neoforged.fml.loading.moddiscovery.ModFile/LOADING]: Found mixin config MixinConfig[config=boss_checklist.mixins.json, requiredMods=[]]
[15Aug2026 02:26:04.918] [main/DEBUG] [net.neoforged.fml.loading.moddiscovery.ModFileParser/LOADING]: Considering mod file candidate /workspaces/nnnn/servidor_minecraft/mods/Controlling-neoforge-1.21.1-19.0.5.jar
[15Aug2026 02:26:04.918] [main/DEBUG] [net.neoforged.fml.loading.moddiscovery.ModFileInfo/LOADING]: Found valid mod file Controlling-neoforge-1.21.1-19.0.5.jar with {controlling} mods - versions {19.0.5}
[15Aug2026 02:26:04.918] [main/DEBUG] [net.neoforged.fml.loading.moddiscovery.ModFile/LOADING]: Loading mod file /workspaces/nnnn/servidor_minecraft/mods/Controlling-neoforge-1.21.1-19.0.5.jar with languages [LanguageSpec[languageName=javafml, acceptedVersions=[4,)]]
[15Aug2026 02:26:04.918] [main/DEBUG] [net.neoforged.fml.loading.moddiscovery.ModFile/LOADING]: Found mixin config MixinConfig[config=controlling.mixins.json, requiredMods=[]]
[15Aug2026 02:26:04.918] [main/DEBUG] [net.neoforged.fml.loading.moddiscovery.ModFile/LOADING]: Found mixin config MixinConfig[config=controlling.neoforge.mixins.json, requiredMods=[]]
[15Aug2026 02:26:04.918] [main/DEBUG] [net.neoforged.fml.loading.moddiscovery.ModFileParser/LOADING]: Considering mod file candidate /workspaces/nnnn/servidor_minecraft/mods/Prism-1.21.1-neoforge-1.0.11.jar
[15Aug2026 02:26:04.918] [main/DEBUG] [net.neoforged.fml.loading.moddiscovery.ModFileInfo/LOADING]: Found valid mod file Prism-1.21.1-neoforge-1.0.11.jar with {prism} mods - versions {1.0.11}
[15Aug2026 02:26:04.919] [main/DEBUG] [net.neoforged.fml.loading.moddiscovery.ModFile/LOADING]: Loading mod file /workspaces/nnnn/servidor_minecraft/mods/Prism-1.21.1-neoforge-1.0.11.jar with languages [LanguageSpec[languageName=javafml, acceptedVersions=[1,)]]
[15Aug2026 02:26:04.919] [main/DEBUG] [net.neoforged.fml.loading.moddiscovery.ModFile/LOADING]: Found mixin config MixinConfig[config=prism.mixins.json, requiredMods=[]]
[15Aug2026 02:26:04.919] [main/DEBUG] [net.neoforged.fml.loading.moddiscovery.ModFileParser/LOADING]: Considering mod file candidate 
[15Aug2026 02:26:04.921] [main/DEBUG] [net.neoforged.fml.loading.moddiscovery.ModFileInfo/LOADING]: Found valid mod file fabric-data-attachment-api-v1-1.4.5+26d408aa19.jar with {fabric_data_attachment_api_v1} mods - versions {1.4.5+26d408aa19}
[15Aug2026 02:26:04.921] [main/DEBUG] [net.neoforged.fml.loading.moddiscovery.ModFile/LOADING]: Loading mod file  with languages [LanguageSpec[languageName=javafml, acceptedVersions=[1,)]]
[15Aug2026 02:26:04.921] [main/DEBUG] [net.neoforged.fml.loading.moddiscovery.ModFile/LOADING]: Found mixin config MixinConfig[config=fabric-data-attachment-api-v1.mixins.json, requiredMods=[]]
[15Aug2026 02:26:04.921] [main/DEBUG] [net.neoforged.fml.loading.moddiscovery.ModFileParser/LOADING]: Considering mod file candidate /workspaces/nnnn/servidor_minecraft/mods/FastItemFrames-v21.1.6-1.21.1-NeoForge.jar
[15Aug2026 02:26:04.921] [main/DEBUG] [net.neoforged.fml.loading.moddiscovery.ModFileInfo/LOADING]: Found valid mod file FastItemFrames-v21.1.6-1.21.1-NeoForge.jar with {fastitemframes} mods - versions {21.1.6}
[15Aug2026 02:26:04.921] [main/DEBUG] [net.neoforged.fml.loading.moddiscovery.ModFile/LOADING]: Loading mod file /workspaces/nnnn/servidor_minecraft/mods/FastItemFrames-v21.1.6-1.21.1-NeoForge.jar with languages [LanguageSpec[languageName=javafml, acceptedVersions=*]]
[15Aug2026 02:26:04.922] [main/DEBUG] [net.neoforged.fml.loading.moddiscovery.ModFile/LOADING]: Found mixin config MixinConfig[config=fastitemframes.common.mixins.json, requiredMods=[]]
[15Aug2026 02:26:04.922] [main/DEBUG] [net.neoforged.fml.loading.moddiscovery.ModFile/LOADING]: Found mixin config MixinConfig[config=fastitemframes.neoforge.mixins.json, requiredMods=[]]
[15Aug2026 02:26:04.922] [main/DEBUG] [net.neoforged.fml.loading.moddiscovery.ModFileParser/LOADING]: Considering mod file candidate /workspaces/nnnn/servidor_minecraft/mods/bookshelf-neoforge-1.21.1-21.1.81.jar
[15Aug2026 02:26:04.922] [main/DEBUG] [net.neoforged.fml.loading.moddiscovery.ModFileInfo/LOADING]: Found valid mod file bookshelf-neoforge-1.21.1-21.1.81.jar with {bookshelf} mods - versions {21.1.81}
[15Aug2026 02:26:04.924] [main/DEBUG] [net.neoforged.fml.loading.moddiscovery.ModFile/LOADING]: Loading mod file /workspaces/nnnn/servidor_minecraft/mods/bookshelf-neoforge-1.21.1-21.1.81.jar with languages [LanguageSpec[languageName=javafml, acceptedVersions=[4,)]]
[15Aug2026 02:26:04.924] [main/DEBUG] [net.neoforged.fml.loading.moddiscovery.ModFile/LOADING]: Found mixin config MixinConfig[config=bookshelf.mixins.json, requiredMods=[]]
[15Aug2026 02:26:04.924] [main/DEBUG] [net.neoforged.fml.loading.moddiscovery.ModFile/LOADING]: Found mixin config MixinConfig[config=bookshelf.neoforge.mixins.json, requiredMods=[]]
[15Aug2026 02:26:04.924] [main/DEBUG] [net.neoforged.fml.loading.moddiscovery.ModFileParser/LOADING]: Considering mod file candidate /workspaces/nnnn/servidor_minecraft/mods/sophisticatedbackpacks-1.21.1-3.25.44.1736.jar
[15Aug2026 02:26:04.925] [main/DEBUG] [net.neoforged.fml.loading.moddiscovery.ModFileInfo/LOADING]: Found valid mod file sophisticatedbackpacks-1.21.1-3.25.44.1736.jar with {sophisticatedbackpacks} mods - versions {3.25.44}
[15Aug2026 02:26:04.925] [main/DEBUG] [net.neoforged.fml.loading.moddiscovery.ModFile/LOADING]: Loading mod file /workspaces/nnnn/servidor_minecraft/mods/sophisticatedbackpacks-1.21.1-3.25.44.1736.jar with languages [LanguageSpec[languageName=javafml, acceptedVersions=[4,)]]
[15Aug2026 02:26:04.925] [main/DEBUG] [net.neoforged.fml.loading.moddiscovery.ModFileParser/LOADING]: Considering mod file candidate /workspaces/nnnn/servidor_minecraft/mods/melody_neoforge_1.0.10_MC_1.21.jar
[15Aug2026 02:26:04.925] [main/DEBUG] [net.neoforged.fml.loading.moddiscovery.ModFileInfo/LOADING]: Found valid mod file melody_neoforge_1.0.10_MC_1.21.jar with {melody} mods - versions {1.0.10}
[15Aug2026 02:26:04.925] [main/DEBUG] [net.neoforged.fml.loading.moddiscovery.ModFile/LOADING]: Loading mod file /workspaces/nnnn/servidor_minecraft/mods/melody_neoforge_1.0.10_MC_1.21.jar with languages [LanguageSpec[languageName=javafml, acceptedVersions=[2,)]]
[15Aug2026 02:26:04.925] [main/DEBUG] [net.neoforged.fml.loading.moddiscovery.ModFile/LOADING]: Found mixin config MixinConfig[config=melody.mixins.json, requiredMods=[]]
[15Aug2026 02:26:04.925] [main/DEBUG] [net.neoforged.fml.loading.moddiscovery.ModFile/LOADING]: Found mixin config MixinConfig[config=melody.neoforge.mixins.json, requiredMods=[]]
[15Aug2026 02:26:04.926] [main/DEBUG] [net.neoforged.fml.loading.moddiscovery.ModFileParser/LOADING]: Considering mod file candidate /workspaces/nnnn/servidor_minecraft/mods/ScalableLux-0.1.0.1+neoforge.1cb1e91-all.jar
[15Aug2026 02:26:04.927] [main/DEBUG] [net.neoforged.fml.loading.moddiscovery.ModFileInfo/LOADING]: Found valid mod file ScalableLux-0.1.0.1+neoforge.1cb1e91-all.jar with {scalablelux} mods - versions {0.1.0.1+neoforge.1cb1e91}
[15Aug2026 02:26:04.927] [main/DEBUG] [net.neoforged.fml.loading.moddiscovery.ModFile/LOADING]: Loading mod file /workspaces/nnnn/servidor_minecraft/mods/ScalableLux-0.1.0.1+neoforge.1cb1e91-all.jar with languages [LanguageSpec[languageName=javafml, acceptedVersions=*]]
[15Aug2026 02:26:04.927] [main/DEBUG] [net.neoforged.fml.loading.moddiscovery.ModFile/LOADING]: Found mixin config MixinConfig[config=scalablelux.mixins.json, requiredMods=[]]
[15Aug2026 02:26:04.927] [main/DEBUG] [net.neoforged.fml.loading.moddiscovery.ModFileParser/LOADING]: Considering mod file candidate /workspaces/nnnn/servidor_minecraft/mods/sodiumoptionsapi-neoforge-1.0.10-1.21.1.jar
[15Aug2026 02:26:04.927] [main/DEBUG] [net.neoforged.fml.loading.moddiscovery.ModFileInfo/LOADING]: Found valid mod file sodiumoptionsapi-neoforge-1.0.10-1.21.1.jar with {sodiumoptionsapi} mods - versions {1.0.10}
[15Aug2026 02:26:04.927] [main/DEBUG] [net.neoforged.fml.loading.moddiscovery.ModFile/LOADING]: Loading mod file /workspaces/nnnn/servidor_minecraft/mods/sodiumoptionsapi-neoforge-1.0.10-1.21.1.jar with languages [LanguageSpec[languageName=javafml, acceptedVersions=[1,)]]
[15Aug2026 02:26:04.927] [main/DEBUG] [net.neoforged.fml.loading.moddiscovery.ModFile/LOADING]: Found mixin config MixinConfig[config=mixins.sodiumoptionsapi.json, requiredMods=[]]
[15Aug2026 02:26:04.927] [main/DEBUG] [net.neoforged.fml.loading.moddiscovery.ModFileParser/LOADING]: Considering mod file candidate /workspaces/nnnn/servidor_minecraft/mods/baguettelib-1.21.1-NeoForge-2.0.3.jar
[15Aug2026 02:26:04.928] [main/DEBUG] [net.neoforged.fml.loading.moddiscovery.ModFileInfo/LOADING]: Found valid mod file baguettelib-1.21.1-NeoForge-2.0.3.jar with {baguettelib} mods - versions {2.0.3}
[15Aug2026 02:26:04.928] [main/DEBUG] [net.neoforged.fml.loading.moddiscovery.ModFile/LOADING]: Loading mod file /workspaces/nnnn/servidor_minecraft/mods/baguettelib-1.21.1-NeoForge-2.0.3.jar with languages [LanguageSpec[languageName=javafml, acceptedVersions=[4,)]]
[15Aug2026 02:26:04.928] [main/DEBUG] [net.neoforged.fml.loading.moddiscovery.ModFile/LOADING]: Found mixin config MixinConfig[config=baguettelib.mixins.json, requiredMods=[]]
[15Aug2026 02:26:04.928] [main/DEBUG] [net.neoforged.fml.loading.moddiscovery.ModFileParser/LOADING]: Considering mod file candidate /workspaces/nnnn/servidor_minecraft/mods/shieldexp-neoforge-1.21.1-1.4.1.jar
[15Aug2026 02:26:04.928] [main/DEBUG] [net.neoforged.fml.loading.moddiscovery.ModFileInfo/LOADING]: Found valid mod file shieldexp-neoforge-1.21.1-1.4.1.jar with {shieldexp} mods - versions {1.4.1}
[15Aug2026 02:26:04.928] [main/DEBUG] [net.neoforged.fml.loading.moddiscovery.ModFile/LOADING]: Loading mod file /workspaces/nnnn/servidor_minecraft/mods/shieldexp-neoforge-1.21.1-1.4.1.jar with languages [LanguageSpec[languageName=javafml, acceptedVersions=[4,)]]
[15Aug2026 02:26:04.928] [main/DEBUG] [net.neoforged.fml.loading.moddiscovery.ModFile/LOADING]: Found mixin config MixinConfig[config=shieldexp.mixins.json, requiredMods=[]]
[15Aug2026 02:26:04.928] [main/DEBUG] [net.neoforged.fml.loading.moddiscovery.ModFile/LOADING]: Found mixin config MixinConfig[config=shieldexp.neoforge.mixins.json, requiredMods=[]]
[15Aug2026 02:26:04.928] [main/DEBUG] [net.neoforged.fml.loading.moddiscovery.ModFileParser/LOADING]: Considering mod file candidate /workspaces/nnnn/servidor_minecraft/mods/dragonfight-1.21-4.7.jar
[15Aug2026 02:26:04.929] [main/DEBUG] [net.neoforged.fml.loading.moddiscovery.ModFileInfo/LOADING]: Found valid mod file dragonfight-1.21-4.7.jar with {dragonfight} mods - versions {4.7}
[15Aug2026 02:26:04.929] [main/DEBUG] [net.neoforged.fml.loading.moddiscovery.ModFile/LOADING]: Loading mod file /workspaces/nnnn/servidor_minecraft/mods/dragonfight-1.21-4.7.jar with languages [LanguageSpec[languageName=javafml, acceptedVersions=[4,500)]]
[15Aug2026 02:26:04.929] [main/DEBUG] [net.neoforged.fml.loading.moddiscovery.ModFile/LOADING]: Found mixin config MixinConfig[config=dragonfight.mixins.json, requiredMods=[]]
[15Aug2026 02:26:04.929] [main/DEBUG] [net.neoforged.fml.loading.moddiscovery.ModFileParser/LOADING]: Considering mod file candidate /workspaces/nnnn/servidor_minecraft/mods/forgified-fabric-api-0.116.7+2.2.4+1.21.1.jar
[15Aug2026 02:26:04.929] [main/DEBUG] [net.neoforged.fml.loading.moddiscovery.ModFileInfo/LOADING]: Found valid mod file forgified-fabric-api-0.116.7+2.2.4+1.21.1.jar with {fabric_api,forgified_fabric_api} mods - versions {0.116.7+2.2.4+1.21.1,0.116.7+2.2.4+1.21.1}
[15Aug2026 02:26:04.930] [main/DEBUG] [net.neoforged.fml.loading.moddiscovery.ModFile/LOADING]: Loading mod file /workspaces/nnnn/servidor_minecraft/mods/forgified-fabric-api-0.116.7+2.2.4+1.21.1.jar with languages [LanguageSpec[languageName=lowcodefml, acceptedVersions=[1,)]]
[15Aug2026 02:26:04.930] [main/DEBUG] [net.neoforged.fml.loading.moddiscovery.ModFileParser/LOADING]: Considering mod file candidate 
[15Aug2026 02:26:04.931] [main/DEBUG] [net.neoforged.fml.loading.moddiscovery.ModFileInfo/LOADING]: Found valid mod file fabric-content-registries-v0-8.0.19+5e0d320019.jar with {fabric_content_registries_v0} mods - versions {8.0.19+5e0d320019}
[15Aug2026 02:26:04.931] [main/DEBUG] [net.neoforged.fml.loading.moddiscovery.ModFile/LOADING]: Loading mod file  with languages [LanguageSpec[languageName=javafml, acceptedVersions=[1,)]]
[15Aug2026 02:26:04.931] [main/DEBUG] [net.neoforged.fml.loading.moddiscovery.ModFile/LOADING]: Found mixin config MixinConfig[config=fabric-content-registries-v0.mixins.json, requiredMods=[]]
[15Aug2026 02:26:04.931] [main/DEBUG] [net.neoforged.fml.loading.moddiscovery.ModFileParser/LOADING]: Considering mod file candidate /workspaces/nnnn/servidor_minecraft/mods/konkrete_neoforge_1.9.9_MC_1.21.jar
[15Aug2026 02:26:04.932] [main/DEBUG] [net.neoforged.fml.loading.moddiscovery.ModFileInfo/LOADING]: Found valid mod file konkrete_neoforge_1.9.9_MC_1.21.jar with {konkrete} mods - versions {1.9.9}
[15Aug2026 02:26:04.932] [main/DEBUG] [net.neoforged.fml.loading.moddiscovery.ModFile/LOADING]: Loading mod file /workspaces/nnnn/servidor_minecraft/mods/konkrete_neoforge_1.9.9_MC_1.21.jar with languages [LanguageSpec[languageName=javafml, acceptedVersions=[2,)]]
[15Aug2026 02:26:04.932] [main/DEBUG] [net.neoforged.fml.loading.moddiscovery.ModFile/LOADING]: Found mixin config MixinConfig[config=konkrete.mixins.json, requiredMods=[]]
[15Aug2026 02:26:04.932] [main/DEBUG] [net.neoforged.fml.loading.moddiscovery.ModFile/LOADING]: Found mixin config MixinConfig[config=konkrete.neoforge.mixins.json, requiredMods=[]]
[15Aug2026 02:26:04.932] [main/DEBUG] [net.neoforged.fml.loading.moddiscovery.ModFileParser/LOADING]: Considering mod file candidate /workspaces/nnnn/servidor_minecraft/mods/sodiumdynamiclights-neoforge-1.0.10-1.21.1.jar
[15Aug2026 02:26:04.932] [main/DEBUG] [net.neoforged.fml.loading.moddiscovery.ModFileInfo/LOADING]: Found valid mod file sodiumdynamiclights-neoforge-1.0.10-1.21.1.jar with {sodiumdynamiclights} mods - versions {1.0.9}
[15Aug2026 02:26:04.932] [main/DEBUG] [net.neoforged.fml.loading.moddiscovery.ModFile/LOADING]: Loading mod file /workspaces/nnnn/servidor_minecraft/mods/sodiumdynamiclights-neoforge-1.0.10-1.21.1.jar with languages [LanguageSpec[languageName=javafml, acceptedVersions=[1,)]]
[15Aug2026 02:26:04.932] [main/DEBUG] [net.neoforged.fml.loading.moddiscovery.ModFile/LOADING]: Found mixin config MixinConfig[config=mixins.sodiumdynamiclights.json, requiredMods=[]]
[15Aug2026 02:26:04.932] [main/DEBUG] [net.neoforged.fml.loading.moddiscovery.ModFileParser/LOADING]: Considering mod file candidate /workspaces/nnnn/servidor_minecraft/mods/letsdo-bloomingnature-neoforge-1.1.10.jar
[15Aug2026 02:26:04.933] [main/DEBUG] [net.neoforged.fml.loading.moddiscovery.ModFileInfo/LOADING]: Found valid mod file letsdo-bloomingnature-neoforge-1.1.10.jar with {bloomingnature} mods - versions {1.1.10}
[15Aug2026 02:26:04.933] [main/DEBUG] [net.neoforged.fml.loading.moddiscovery.ModFile/LOADING]: Loading mod file /workspaces/nnnn/servidor_minecraft/mods/letsdo-bloomingnature-neoforge-1.1.10.jar with languages [LanguageSpec[languageName=javafml, acceptedVersions=[4,)]]
[15Aug2026 02:26:04.933] [main/DEBUG] [net.neoforged.fml.loading.moddiscovery.ModFile/LOADING]: Found mixin config MixinConfig[config=bloomingnature.mixins.json, requiredMods=[]]
[15Aug2026 02:26:04.933] [main/DEBUG] [net.neoforged.fml.loading.moddiscovery.ModFileParser/LOADING]: Considering mod file candidate /workspaces/nnnn/servidor_minecraft/mods/luckysshowcase-neoforge-1.21.1-21.1.0.jar
[15Aug2026 02:26:04.933] [main/DEBUG] [net.neoforged.fml.loading.moddiscovery.ModFileInfo/LOADING]: Found valid mod file luckysshowcase-neoforge-1.21.1-21.1.0.jar with {luckysshowcase} mods - versions {21.1.0}
[15Aug2026 02:26:04.933] [main/DEBUG] [net.neoforged.fml.loading.moddiscovery.ModFile/LOADING]: Loading mod file /workspaces/nnnn/servidor_minecraft/mods/luckysshowcase-neoforge-1.21.1-21.1.0.jar with languages [LanguageSpec[languageName=javafml, acceptedVersions=[1,)]]
[15Aug2026 02:26:04.933] [main/DEBUG] [net.neoforged.fml.loading.moddiscovery.ModFile/LOADING]: Found mixin config MixinConfig[config=luckysshowcase.mixins.json, requiredMods=[]]
[15Aug2026 02:26:04.933] [main/DEBUG] [net.neoforged.fml.loading.moddiscovery.ModFile/LOADING]: Found mixin config MixinConfig[config=luckysshowcase.neoforge.mixins.json, requiredMods=[]]
[15Aug2026 02:26:04.933] [main/DEBUG] [net.neoforged.fml.loading.moddiscovery.ModFileParser/LOADING]: Considering mod file candidate /workspaces/nnnn/servidor_minecraft/mods/lukis-strongholds-v1.0 -1.21-1.21.4.jar
[15Aug2026 02:26:04.934] [main/DEBUG] [net.neoforged.fml.loading.moddiscovery.ModFileInfo/LOADING]: Found valid mod file lukis-strongholds-v1.0 -1.21-1.21.4.jar with {mr_lukis_strongholds} mods - versions {1-v1.0}
[15Aug2026 02:26:04.934] [main/DEBUG] [net.neoforged.fml.loading.moddiscovery.ModFile/LOADING]: Loading mod file /workspaces/nnnn/servidor_minecraft/mods/lukis-strongholds-v1.0 -1.21-1.21.4.jar with languages [LanguageSpec[languageName=javafml, acceptedVersions=[1,)]]
[15Aug2026 02:26:04.934] [main/DEBUG] [net.neoforged.fml.loading.moddiscovery.ModFileParser/LOADING]: Considering mod file candidate /workspaces/nnnn/servidor_minecraft/mods/starcatcher-2.3.9-NEOFORGE-1.21.1.jar
[15Aug2026 02:26:04.935] [main/DEBUG] [net.neoforged.fml.loading.moddiscovery.ModFileInfo/LOADING]: Found valid mod file starcatcher-2.3.9-NEOFORGE-1.21.1.jar with {starcatcher} mods - versions {2.3.9-NEOFORGE-1.21.1}
[15Aug2026 02:26:04.935] [main/DEBUG] [net.neoforged.fml.loading.moddiscovery.ModFile/LOADING]: Loading mod file /workspaces/nnnn/servidor_minecraft/mods/starcatcher-2.3.9-NEOFORGE-1.21.1.jar with languages [LanguageSpec[languageName=javafml, acceptedVersions=[2,]]]
[15Aug2026 02:26:04.935] [main/DEBUG] [net.neoforged.fml.loading.moddiscovery.ModFile/LOADING]: Found mixin config MixinConfig[config=starcatcher.mixins.json, requiredMods=[]]
[15Aug2026 02:26:04.935] [main/DEBUG] [net.neoforged.fml.loading.moddiscovery.ModFileParser/LOADING]: Considering mod file candidate /workspaces/nnnn/servidor_minecraft/mods/fast-ip-ping-v1.0.11-mc1.21.1-neoforge.jar
[15Aug2026 02:26:04.936] [main/DEBUG] [net.neoforged.fml.loading.moddiscovery.ModFileInfo/LOADING]: Found valid mod file fast-ip-ping-v1.0.11-mc1.21.1-neoforge.jar with {fastipping} mods - versions {1.0.11}
[15Aug2026 02:26:04.936] [main/DEBUG] [net.neoforged.fml.loading.moddiscovery.ModFile/LOADING]: Loading mod file /workspaces/nnnn/servidor_minecraft/mods/fast-ip-ping-v1.0.11-mc1.21.1-neoforge.jar with languages [LanguageSpec[languageName=javafml, acceptedVersions=[1,)]]
[15Aug2026 02:26:04.936] [main/DEBUG] [net.neoforged.fml.loading.moddiscovery.ModFile/LOADING]: Found mixin config MixinConfig[config=fastipping.mixins.json, requiredMods=[]]
[15Aug2026 02:26:04.936] [main/DEBUG] [net.neoforged.fml.loading.moddiscovery.ModFileParser/LOADING]: Considering mod file candidate 
[15Aug2026 02:26:04.936] [main/DEBUG] [net.neoforged.fml.loading.moddiscovery.ModFileInfo/LOADING]: Found valid mod file fabric-api-lookup-api-v1-1.6.71+c290471319.jar with {fabric_api_lookup_api_v1} mods - versions {1.6.71+c290471319}
[15Aug2026 02:26:04.936] [main/DEBUG] [net.neoforged.fml.loading.moddiscovery.ModFile/LOADING]: Loading mod file  with languages [LanguageSpec[languageName=javafml, acceptedVersions=[1,)]]
[15Aug2026 02:26:04.936] [main/DEBUG] [net.neoforged.fml.loading.moddiscovery.ModFile/LOADING]: Found mixin config MixinConfig[config=fabric-api-lookup-api-v1.mixins.json, requiredMods=[]]
[15Aug2026 02:26:04.936] [main/DEBUG] [net.neoforged.fml.loading.moddiscovery.ModFileParser/LOADING]: Considering mod file candidate /workspaces/nnnn/servidor_minecraft/mods/getittogetherdrops-neoforge-1.21.5-1.4.jar
[15Aug2026 02:26:04.937] [main/DEBUG] [net.neoforged.fml.loading.moddiscovery.ModFileInfo/LOADING]: Found valid mod file getittogetherdrops-neoforge-1.21.5-1.4.jar with {getittogetherdrops} mods - versions {1.4}
[15Aug2026 02:26:04.937] [main/DEBUG] [net.neoforged.fml.loading.moddiscovery.ModFile/LOADING]: Loading mod file /workspaces/nnnn/servidor_minecraft/mods/getittogetherdrops-neoforge-1.21.5-1.4.jar with languages [LanguageSpec[languageName=javafml, acceptedVersions=[1,)]]
[15Aug2026 02:26:04.937] [main/DEBUG] [net.neoforged.fml.loading.moddiscovery.ModFile/LOADING]: Found mixin config MixinConfig[config=getittogetherdrops.mixins.json, requiredMods=[]]
[15Aug2026 02:26:04.937] [main/DEBUG] [net.neoforged.fml.loading.moddiscovery.ModFileParser/LOADING]: Considering mod file candidate /workspaces/nnnn/servidor_minecraft/mods/endrem-neoforge-1.21.X-6.0.2.jar
[15Aug2026 02:26:04.937] [main/DEBUG] [net.neoforged.fml.loading.moddiscovery.ModFileInfo/LOADING]: Found valid mod file endrem-neoforge-1.21.X-6.0.2.jar with {endrem} mods - versions {6.0.2}
[15Aug2026 02:26:04.937] [main/DEBUG] [net.neoforged.fml.loading.moddiscovery.ModFile/LOADING]: Loading mod file /workspaces/nnnn/servidor_minecraft/mods/endrem-neoforge-1.21.X-6.0.2.jar with languages [LanguageSpec[languageName=javafml, acceptedVersions=[4,)]]
[15Aug2026 02:26:04.937] [main/DEBUG] [net.neoforged.fml.loading.moddiscovery.ModFile/LOADING]: Found mixin config MixinConfig[config=endrem.mixins.json, requiredMods=[]]
[15Aug2026 02:26:04.937] [main/DEBUG] [net.neoforged.fml.loading.moddiscovery.ModFile/LOADING]: Found mixin config MixinConfig[config=endrem.neoforge.mixins.json, requiredMods=[]]
[15Aug2026 02:26:04.937] [main/DEBUG] [net.neoforged.fml.loading.moddiscovery.ModFileParser/LOADING]: Considering mod file candidate /workspaces/nnnn/servidor_minecraft/mods/Chunky-NeoForge-1.4.23.jar
[15Aug2026 02:26:04.938] [main/DEBUG] [net.neoforged.fml.loading.moddiscovery.ModFileInfo/LOADING]: Found valid mod file Chunky-NeoForge-1.4.23.jar with {chunky} mods - versions {1.4.23}
[15Aug2026 02:26:04.938] [main/DEBUG] [net.neoforged.fml.loading.moddiscovery.ModFile/LOADING]: Loading mod file /workspaces/nnnn/servidor_minecraft/mods/Chunky-NeoForge-1.4.23.jar with languages [LanguageSpec[languageName=javafml, acceptedVersions=[3,)]]
[15Aug2026 02:26:04.938] [main/DEBUG] [net.neoforged.fml.loading.moddiscovery.ModFileParser/LOADING]: Considering mod file candidate /workspaces/nnnn/servidor_minecraft/mods/born_in_chaos_[Neoforge]_1.21.1_1.7.5.jar
[15Aug2026 02:26:04.938] [main/DEBUG] [net.neoforged.fml.loading.moddiscovery.ModFileInfo/LOADING]: Found valid mod file born_in_chaos_[Neoforge]_1.21.1_1.7.5.jar with {born_in_chaos_v1} mods - versions {1.7.5}
[15Aug2026 02:26:04.938] [main/DEBUG] [net.neoforged.fml.loading.moddiscovery.ModFile/LOADING]: Loading mod file /workspaces/nnnn/servidor_minecraft/mods/born_in_chaos_[Neoforge]_1.21.1_1.7.5.jar with languages [LanguageSpec[languageName=javafml, acceptedVersions=[4,)]]
[15Aug2026 02:26:04.938] [main/DEBUG] [net.neoforged.fml.loading.moddiscovery.ModFileParser/LOADING]: Considering mod file candidate /workspaces/nnnn/servidor_minecraft/mods/lionfishapi-2.7-fix-fix.jar
[15Aug2026 02:26:04.939] [main/DEBUG] [net.neoforged.fml.loading.moddiscovery.ModFileInfo/LOADING]: Found valid mod file lionfishapi-2.7-fix-fix.jar with {lionfishapi} mods - versions {2.7}
[15Aug2026 02:26:04.939] [main/DEBUG] [net.neoforged.fml.loading.moddiscovery.ModFile/LOADING]: Loading mod file /workspaces/nnnn/servidor_minecraft/mods/lionfishapi-2.7-fix-fix.jar with languages [LanguageSpec[languageName=javafml, acceptedVersions=[4,)]]
[15Aug2026 02:26:04.939] [main/DEBUG] [net.neoforged.fml.loading.moddiscovery.ModFile/LOADING]: Found mixin config MixinConfig[config=lionfishapi.mixins.json, requiredMods=[]]
[15Aug2026 02:26:04.939] [main/DEBUG] [net.neoforged.fml.loading.moddiscovery.ModFileParser/LOADING]: Considering mod file candidate /workspaces/nnnn/servidor_minecraft/mods/bountiful-neoforge-8.0.0-beta.2.jar
[15Aug2026 02:26:04.939] [main/DEBUG] [net.neoforged.fml.loading.moddiscovery.ModFileInfo/LOADING]: Found valid mod file bountiful-neoforge-8.0.0-beta.2.jar with {bountiful} mods - versions {8.0.0-beta.2}
[15Aug2026 02:26:04.939] [main/DEBUG] [net.neoforged.fml.loading.moddiscovery.ModFile/LOADING]: Loading mod file /workspaces/nnnn/servidor_minecraft/mods/bountiful-neoforge-8.0.0-beta.2.jar with languages [LanguageSpec[languageName=kotlinforforge, acceptedVersions=[4,)]]
[15Aug2026 02:26:04.939] [main/DEBUG] [net.neoforged.fml.loading.moddiscovery.ModFile/LOADING]: Found mixin config MixinConfig[config=bountiful.mixins.json, requiredMods=[]]
[15Aug2026 02:26:04.939] [main/DEBUG] [net.neoforged.fml.loading.moddiscovery.ModFileParser/LOADING]: Considering mod file candidate /workspaces/nnnn/servidor_minecraft/mods/spell_power-neoforge-1.4.6+1.21.1.jar
[15Aug2026 02:26:04.939] [main/DEBUG] [net.neoforged.fml.loading.moddiscovery.ModFileInfo/LOADING]: Found valid mod file spell_power-neoforge-1.4.6+1.21.1.jar with {spell_power} mods - versions {1.4.6+1.21.1}
[15Aug2026 02:26:04.940] [main/DEBUG] [net.neoforged.fml.loading.moddiscovery.ModFile/LOADING]: Loading mod file /workspaces/nnnn/servidor_minecraft/mods/spell_power-neoforge-1.4.6+1.21.1.jar with languages [LanguageSpec[languageName=javafml, acceptedVersions=[4,)]]
[15Aug2026 02:26:04.940] [main/DEBUG] [net.neoforged.fml.loading.moddiscovery.ModFile/LOADING]: Found mixin config MixinConfig[config=spell_power.mixins.json, requiredMods=[]]
[15Aug2026 02:26:04.940] [main/DEBUG] [net.neoforged.fml.loading.moddiscovery.ModFileParser/LOADING]: Considering mod file candidate /workspaces/nnnn/servidor_minecraft/mods/L_Ender's Cataclysm 1.21.1-3.27.jar
[15Aug2026 02:26:04.940] [main/DEBUG] [net.neoforged.fml.loading.moddiscovery.ModFileInfo/LOADING]: Found valid mod file L_Ender's Cataclysm 1.21.1-3.27.jar with {cataclysm} mods - versions {3.27}
[15Aug2026 02:26:04.940] [main/DEBUG] [net.neoforged.fml.loading.moddiscovery.ModFile/LOADING]: Loading mod file /workspaces/nnnn/servidor_minecraft/mods/L_Ender's Cataclysm 1.21.1-3.27.jar with languages [LanguageSpec[languageName=javafml, acceptedVersions=[4,)]]
[15Aug2026 02:26:04.940] [main/DEBUG] [net.neoforged.fml.loading.moddiscovery.ModFile/LOADING]: Found mixin config MixinConfig[config=cataclysm.mixins.json, requiredMods=[]]
[15Aug2026 02:26:04.940] [main/DEBUG] [net.neoforged.fml.loading.moddiscovery.ModFileParser/LOADING]: Considering mod file candidate /workspaces/nnnn/servidor_minecraft/mods/collective-1.21.1-8.22.jar
[15Aug2026 02:26:04.941] [main/DEBUG] [net.neoforged.fml.loading.moddiscovery.ModFileInfo/LOADING]: Found valid mod file collective-1.21.1-8.22.jar with {collective} mods - versions {8.22}
[15Aug2026 02:26:04.941] [main/DEBUG] [net.neoforged.fml.loading.moddiscovery.ModFile/LOADING]: Loading mod file /workspaces/nnnn/servidor_minecraft/mods/collective-1.21.1-8.22.jar with languages [LanguageSpec[languageName=javafml, acceptedVersions=*]]
[15Aug2026 02:26:04.941] [main/DEBUG] [net.neoforged.fml.loading.moddiscovery.ModFile/LOADING]: Found mixin config MixinConfig[config=collective_neoforge.mixins.json, requiredMods=[]]
[15Aug2026 02:26:04.941] [main/DEBUG] [net.neoforged.fml.loading.moddiscovery.ModFileParser/LOADING]: Considering mod file candidate /workspaces/nnnn/servidor_minecraft/mods/boundless-8.jar
[15Aug2026 02:26:04.941] [main/DEBUG] [net.neoforged.fml.loading.moddiscovery.ModFileInfo/LOADING]: Found valid mod file boundless-8.jar with {boundless} mods - versions {8}
[15Aug2026 02:26:04.941] [main/DEBUG] [net.neoforged.fml.loading.moddiscovery.ModFile/LOADING]: Loading mod file /workspaces/nnnn/servidor_minecraft/mods/boundless-8.jar with languages [LanguageSpec[languageName=javafml, acceptedVersions=[4,)]]
[15Aug2026 02:26:04.941] [main/DEBUG] [net.neoforged.fml.loading.moddiscovery.ModFileParser/LOADING]: Considering mod file candidate /workspaces/nnnn/servidor_minecraft/mods/saintsdragons-1.20.1-0.6.1-NEOFORGE-ALPHA-HOTFIX.jar
[15Aug2026 02:26:04.941] [main/DEBUG] [net.neoforged.fml.loading.moddiscovery.ModFileInfo/LOADING]: Found valid mod file saintsdragons-1.20.1-0.6.1-NEOFORGE-ALPHA-HOTFIX.jar with {saintsdragons} mods - versions {0.6.1}
[15Aug2026 02:26:04.941] [main/DEBUG] [net.neoforged.fml.loading.moddiscovery.ModFile/LOADING]: Loading mod file /workspaces/nnnn/servidor_minecraft/mods/saintsdragons-1.20.1-0.6.1-NEOFORGE-ALPHA-HOTFIX.jar with languages [LanguageSpec[languageName=javafml, acceptedVersions=[4,)]]
[15Aug2026 02:26:04.942] [main/DEBUG] [net.neoforged.fml.loading.moddiscovery.ModFile/LOADING]: Found mixin config MixinConfig[config=saintsdragons-neoforge.mixins.json, requiredMods=[]]
[15Aug2026 02:26:04.942] [main/DEBUG] [net.neoforged.fml.loading.moddiscovery.ModFile/LOADING]: Found mixin config MixinConfig[config=saintsdragons-neoforge-multipart.mixins.json, requiredMods=[]]
[15Aug2026 02:26:04.942] [main/DEBUG] [net.neoforged.fml.loading.moddiscovery.ModFileParser/LOADING]: Considering mod file candidate /workspaces/nnnn/servidor_minecraft/mods/Gobber-NeoForge-1.21.1-2.10.15.jar
[15Aug2026 02:26:04.942] [main/DEBUG] [net.neoforged.fml.loading.moddiscovery.ModFileInfo/LOADING]: Found valid mod file Gobber-NeoForge-1.21.1-2.10.15.jar with {gobber2} mods - versions {2.10.15}
[15Aug2026 02:26:04.942] [main/DEBUG] [net.neoforged.fml.loading.moddiscovery.ModFile/LOADING]: Loading mod file /workspaces/nnnn/servidor_minecraft/mods/Gobber-NeoForge-1.21.1-2.10.15.jar with languages [LanguageSpec[languageName=javafml, acceptedVersions=[4,)]]
[15Aug2026 02:26:04.942] [main/DEBUG] [net.neoforged.fml.loading.moddiscovery.ModFile/LOADING]: Found mixin config MixinConfig[config=gobber2.mixins.json, requiredMods=[]]
[15Aug2026 02:26:04.942] [main/DEBUG] [net.neoforged.fml.loading.moddiscovery.ModFileParser/LOADING]: Considering mod file candidate /workspaces/nnnn/servidor_minecraft/mods/hominid-1.3.2.jar
[15Aug2026 02:26:04.943] [main/DEBUG] [net.neoforged.fml.loading.moddiscovery.ModFileInfo/LOADING]: Found valid mod file hominid-1.3.2.jar with {hominid} mods - versions {1.3.2}
[15Aug2026 02:26:04.943] [main/DEBUG] [net.neoforged.fml.loading.moddiscovery.ModFile/LOADING]: Loading mod file /workspaces/nnnn/servidor_minecraft/mods/hominid-1.3.2.jar with languages [LanguageSpec[languageName=javafml, acceptedVersions=[4,)]]
[15Aug2026 02:26:04.943] [main/DEBUG] [net.neoforged.fml.loading.moddiscovery.ModFileParser/LOADING]: Considering mod file candidate /workspaces/nnnn/servidor_minecraft/mods/architectury-13.0.8-neoforge.jar
[15Aug2026 02:26:04.943] [main/DEBUG] [net.neoforged.fml.loading.moddiscovery.ModFileInfo/LOADING]: Found valid mod file architectury-13.0.8-neoforge.jar with {architectury} mods - versions {13.0.8}
[15Aug2026 02:26:04.943] [main/DEBUG] [net.neoforged.fml.loading.moddiscovery.ModFile/LOADING]: Loading mod file /workspaces/nnnn/servidor_minecraft/mods/architectury-13.0.8-neoforge.jar with languages [LanguageSpec[languageName=javafml, acceptedVersions=[1,)]]
[15Aug2026 02:26:04.943] [main/DEBUG] [net.neoforged.fml.loading.moddiscovery.ModFile/LOADING]: Found mixin config MixinConfig[config=architectury.mixins.json, requiredMods=[]]
[15Aug2026 02:26:04.943] [main/DEBUG] [net.neoforged.fml.loading.moddiscovery.ModFile/LOADING]: Found mixin config MixinConfig[config=architectury-common.mixins.json, requiredMods=[]]
[15Aug2026 02:26:04.943] [main/DEBUG] [net.neoforged.fml.loading.moddiscovery.ModFileParser/LOADING]: Considering mod file candidate 
[15Aug2026 02:26:04.943] [main/DEBUG] [net.neoforged.fml.loading.moddiscovery.ModFileInfo/LOADING]: Found valid mod file fabric-loot-api-v2-3.0.15+a3ee712d19.jar with {fabric_loot_api_v2} mods - versions {3.0.15+a3ee712d19}
[15Aug2026 02:26:04.944] [main/DEBUG] [net.neoforged.fml.loading.moddiscovery.ModFile/LOADING]: Loading mod file  with languages [LanguageSpec[languageName=javafml, acceptedVersions=[1,)]]
[15Aug2026 02:26:04.944] [main/DEBUG] [net.neoforged.fml.loading.moddiscovery.ModFile/LOADING]: Found mixin config MixinConfig[config=fabric-loot-api-v2.mixins.json, requiredMods=[]]
[15Aug2026 02:26:04.944] [main/DEBUG] [net.neoforged.fml.loading.moddiscovery.ModFileParser/LOADING]: Considering mod file candidate 
[15Aug2026 02:26:04.944] [main/DEBUG] [net.neoforged.fml.loading.moddiscovery.ModFileInfo/LOADING]: Found valid mod file fabric-loot-api-v3-1.0.3+333dfad919.jar with {fabric_loot_api_v3} mods - versions {1.0.3+333dfad919}
[15Aug2026 02:26:04.944] [main/DEBUG] [net.neoforged.fml.loading.moddiscovery.ModFile/LOADING]: Loading mod file  with languages [LanguageSpec[languageName=javafml, acceptedVersions=[1,)]]
[15Aug2026 02:26:04.944] [main/DEBUG] [net.neoforged.fml.loading.moddiscovery.ModFile/LOADING]: Found mixin config MixinConfig[config=fabric-loot-api-v3.mixins.json, requiredMods=[]]
[15Aug2026 02:26:04.944] [main/DEBUG] [net.neoforged.fml.loading.moddiscovery.ModFileParser/LOADING]: Considering mod file candidate /workspaces/nnnn/servidor_minecraft/mods/cupboard-1.21-3.5.jar
[15Aug2026 02:26:04.944] [main/DEBUG] [net.neoforged.fml.loading.moddiscovery.ModFileInfo/LOADING]: Found valid mod file cupboard-1.21-3.5.jar with {cupboard} mods - versions {3.5}
[15Aug2026 02:26:04.944] [main/DEBUG] [net.neoforged.fml.loading.moddiscovery.ModFile/LOADING]: Loading mod file /workspaces/nnnn/servidor_minecraft/mods/cupboard-1.21-3.5.jar with languages [LanguageSpec[languageName=javafml, acceptedVersions=[4,500)]]
[15Aug2026 02:26:04.945] [main/DEBUG] [net.neoforged.fml.loading.moddiscovery.ModFile/LOADING]: Found mixin config MixinConfig[config=cupboard.mixins.json, requiredMods=[]]
[15Aug2026 02:26:04.945] [main/DEBUG] [net.neoforged.fml.loading.moddiscovery.ModFileParser/LOADING]: Considering mod file candidate 
[15Aug2026 02:26:04.945] [main/DEBUG] [net.neoforged.fml.loading.moddiscovery.ModFileInfo/LOADING]: Found valid mod file fabric-networking-api-v1-4.3.0+30a980d919.jar with {fabric_networking_api_v1} mods - versions {4.3.0+30a980d919}
[15Aug2026 02:26:04.945] [main/DEBUG] [net.neoforged.fml.loading.moddiscovery.ModFile/LOADING]: Loading mod file  with languages [LanguageSpec[languageName=javafml, acceptedVersions=[1,)]]
[15Aug2026 02:26:04.945] [main/DEBUG] [net.neoforged.fml.loading.moddiscovery.ModFile/LOADING]: Found mixin config MixinConfig[config=fabric-networking-api-v1.mixins.json, requiredMods=[]]
[15Aug2026 02:26:04.945] [main/DEBUG] [net.neoforged.fml.loading.moddiscovery.ModFile/LOADING]: Found mixin config MixinConfig[config=fabric-networking-api-v1.client.mixins.json, requiredMods=[]]
[15Aug2026 02:26:04.945] [main/DEBUG] [net.neoforged.fml.loading.moddiscovery.ModFileParser/LOADING]: Considering mod file candidate /workspaces/nnnn/servidor_minecraft/mods/puffish_attributes-0.8.2-1.21-neoforge.jar
[15Aug2026 02:26:04.945] [main/DEBUG] [net.neoforged.fml.loading.moddiscovery.ModFileInfo/LOADING]: Found valid mod file puffish_attributes-0.8.2-1.21-neoforge.jar with {puffish_attributes} mods - versions {0.8.2}
[15Aug2026 02:26:04.945] [main/DEBUG] [net.neoforged.fml.loading.moddiscovery.ModFile/LOADING]: Loading mod file /workspaces/nnnn/servidor_minecraft/mods/puffish_attributes-0.8.2-1.21-neoforge.jar with languages [LanguageSpec[languageName=javafml, acceptedVersions=[1,)]]
[15Aug2026 02:26:04.945] [main/DEBUG] [net.neoforged.fml.loading.moddiscovery.ModFile/LOADING]: Found mixin config MixinConfig[config=puffish_attributes.mixins.json, requiredMods=[]]
[15Aug2026 02:26:04.946] [main/DEBUG] [net.neoforged.fml.loading.moddiscovery.ModFileParser/LOADING]: Considering mod file candidate 
[15Aug2026 02:26:04.946] [main/DEBUG] [net.neoforged.fml.loading.moddiscovery.ModFileInfo/LOADING]: Found valid mod file fabric-lifecycle-events-v1-2.6.0+e40d8add19.jar with {fabric_lifecycle_events_v1} mods - versions {2.6.0+e40d8add19}
[15Aug2026 02:26:04.946] [main/DEBUG] [net.neoforged.fml.loading.moddiscovery.ModFile/LOADING]: Loading mod file  with languages [LanguageSpec[languageName=javafml, acceptedVersions=[1,)]]
[15Aug2026 02:26:04.946] [main/DEBUG] [net.neoforged.fml.loading.moddiscovery.ModFile/LOADING]: Found mixin config MixinConfig[config=fabric-lifecycle-events-v1.mixins.json, requiredMods=[]]
[15Aug2026 02:26:04.946] [main/DEBUG] [net.neoforged.fml.loading.moddiscovery.ModFile/LOADING]: Found mixin config MixinConfig[config=fabric-lifecycle-events-v1.client.mixins.json, requiredMods=[]]
[15Aug2026 02:26:04.946] [main/DEBUG] [net.neoforged.fml.loading.moddiscovery.ModFileParser/LOADING]: Considering mod file candidate 
[15Aug2026 02:26:04.947] [main/DEBUG] [net.neoforged.fml.loading.moddiscovery.ModFileInfo/LOADING]: Found valid mod file percale-neoforge-1.0.0-beta.1.jar with {percale} mods - versions {1.0.0-beta.1}
[15Aug2026 02:26:04.947] [main/DEBUG] [net.neoforged.fml.loading.moddiscovery.ModFile/LOADING]: Loading mod file  with languages [LanguageSpec[languageName=kotlinforforge, acceptedVersions=[5,)]]
[15Aug2026 02:26:04.947] [main/DEBUG] [net.neoforged.fml.loading.moddiscovery.ModFileParser/LOADING]: Considering mod file candidate 
[15Aug2026 02:26:04.947] [main/DEBUG] [net.neoforged.fml.loading.moddiscovery.ModFileInfo/LOADING]: Found valid mod file fabric-key-binding-api-v1-1.0.47+62cc7ce119.jar with {fabric_key_binding_api_v1} mods - versions {1.0.47+62cc7ce119}
[15Aug2026 02:26:04.947] [main/DEBUG] [net.neoforged.fml.loading.moddiscovery.ModFile/LOADING]: Loading mod file  with languages [LanguageSpec[languageName=javafml, acceptedVersions=[1,)]]
[15Aug2026 02:26:04.947] [main/DEBUG] [net.neoforged.fml.loading.moddiscovery.ModFile/LOADING]: Found mixin config MixinConfig[config=fabric-key-binding-api-v1.mixins.json, requiredMods=[]]
[15Aug2026 02:26:04.947] [main/DEBUG] [net.neoforged.fml.loading.moddiscovery.ModFileParser/LOADING]: Considering mod file candidate 
[15Aug2026 02:26:04.947] [main/DEBUG] [net.neoforged.fml.loading.moddiscovery.ModFileInfo/LOADING]: Found valid mod file fabric-transfer-api-v1-5.4.3+a25cb45619.jar with {fabric_transfer_api_v1} mods - versions {5.4.3+a25cb45619}
[15Aug2026 02:26:04.947] [main/DEBUG] [net.neoforged.fml.loading.moddiscovery.ModFile/LOADING]: Loading mod file  with languages [LanguageSpec[languageName=javafml, acceptedVersions=[1,)]]
[15Aug2026 02:26:04.948] [main/DEBUG] [net.neoforged.fml.loading.moddiscovery.ModFile/LOADING]: Found mixin config MixinConfig[config=fabric-transfer-api-v1.mixins.json, requiredMods=[]]
[15Aug2026 02:26:04.948] [main/DEBUG] [net.neoforged.fml.loading.moddiscovery.ModFileParser/LOADING]: Considering mod file candidate /workspaces/nnnn/servidor_minecraft/mods/Armageddon for 1.21.1 (v2.0.8c) - The Madness Update.jar
[15Aug2026 02:26:04.948] [main/DEBUG] [net.neoforged.fml.loading.moddiscovery.ModFileInfo/LOADING]: Found valid mod file Armageddon for 1.21.1 (v2.0.8c) - The Madness Update.jar with {armageddon_mod} mods - versions {2.0.8}
[15Aug2026 02:26:04.948] [main/DEBUG] [net.neoforged.fml.loading.moddiscovery.ModFile/LOADING]: Loading mod file /workspaces/nnnn/servidor_minecraft/mods/Armageddon for 1.21.1 (v2.0.8c) - The Madness Update.jar with languages [LanguageSpec[languageName=javafml, acceptedVersions=[4,)]]
[15Aug2026 02:26:04.948] [main/DEBUG] [net.neoforged.fml.loading.moddiscovery.ModFile/LOADING]: Found mixin config MixinConfig[config=mixins.armageddon_mod.json, requiredMods=[]]
[15Aug2026 02:26:04.948] [main/DEBUG] [net.neoforged.fml.loading.moddiscovery.ModFileParser/LOADING]: Considering mod file candidate /workspaces/nnnn/servidor_minecraft/mods/owo-lib-neoforge-0.12.15.5-beta.1+1.21.jar
[15Aug2026 02:26:04.948] [main/DEBUG] [net.neoforged.fml.loading.moddiscovery.ModFileInfo/LOADING]: Found valid mod file owo-lib-neoforge-0.12.15.5-beta.1+1.21.jar with {owo} mods - versions {0.12.15.5-beta.1+1.21}
[15Aug2026 02:26:04.949] [main/DEBUG] [net.neoforged.fml.loading.moddiscovery.ModFile/LOADING]: Loading mod file /workspaces/nnnn/servidor_minecraft/mods/owo-lib-neoforge-0.12.15.5-beta.1+1.21.jar with languages [LanguageSpec[languageName=javafml, acceptedVersions=[1,)]]
[15Aug2026 02:26:04.949] [main/DEBUG] [net.neoforged.fml.loading.moddiscovery.ModFile/LOADING]: Found mixin config MixinConfig[config=owo.mixins.json, requiredMods=[]]
[15Aug2026 02:26:04.949] [main/DEBUG] [net.neoforged.fml.loading.moddiscovery.ModFileParser/LOADING]: Considering mod file candidate /workspaces/nnnn/servidor_minecraft/mods/sophisticatedstorage-1.21.1-1.5.46.1717.jar
[15Aug2026 02:26:04.949] [main/DEBUG] [net.neoforged.fml.loading.moddiscovery.ModFileInfo/LOADING]: Found valid mod file sophisticatedstorage-1.21.1-1.5.46.1717.jar with {sophisticatedstorage} mods - versions {1.5.46}
[15Aug2026 02:26:04.949] [main/DEBUG] [net.neoforged.fml.loading.moddiscovery.ModFile/LOADING]: Loading mod file /workspaces/nnnn/servidor_minecraft/mods/sophisticatedstorage-1.21.1-1.5.46.1717.jar with languages [LanguageSpec[languageName=javafml, acceptedVersions=[4,)]]
[15Aug2026 02:26:04.949] [main/DEBUG] [net.neoforged.fml.loading.moddiscovery.ModFileParser/LOADING]: Considering mod file candidate /workspaces/nnnn/servidor_minecraft/mods/OctoLib-NEOFORGE-0.6.2+1.21.jar
[15Aug2026 02:26:04.950] [main/DEBUG] [net.neoforged.fml.loading.moddiscovery.ModFileInfo/LOADING]: Found valid mod file OctoLib-NEOFORGE-0.6.2+1.21.jar with {octolib} mods - versions {0.6.2}
[15Aug2026 02:26:04.950] [main/DEBUG] [net.neoforged.fml.loading.moddiscovery.ModFile/LOADING]: Loading mod file /workspaces/nnnn/servidor_minecraft/mods/OctoLib-NEOFORGE-0.6.2+1.21.jar with languages [LanguageSpec[languageName=javafml, acceptedVersions=[4,)]]
[15Aug2026 02:26:04.950] [main/DEBUG] [net.neoforged.fml.loading.moddiscovery.ModFile/LOADING]: Found mixin config MixinConfig[config=octolib-common.mixins.json, requiredMods=[]]
[15Aug2026 02:26:04.950] [main/DEBUG] [net.neoforged.fml.loading.moddiscovery.ModFileParser/LOADING]: Considering mod file candidate /workspaces/nnnn/servidor_minecraft/mods/sharedadvancements-neoforge-1.21.X-6.1.0.jar
[15Aug2026 02:26:04.950] [main/DEBUG] [net.neoforged.fml.loading.moddiscovery.ModFileInfo/LOADING]: Found valid mod file sharedadvancements-neoforge-1.21.X-6.1.0.jar with {sharedadvancements} mods - versions {6.1.0}
[15Aug2026 02:26:04.950] [main/DEBUG] [net.neoforged.fml.loading.moddiscovery.ModFile/LOADING]: Loading mod file /workspaces/nnnn/servidor_minecraft/mods/sharedadvancements-neoforge-1.21.X-6.1.0.jar with languages [LanguageSpec[languageName=javafml, acceptedVersions=[4,)]]
[15Aug2026 02:26:04.950] [main/DEBUG] [net.neoforged.fml.loading.moddiscovery.ModFile/LOADING]: Found mixin config MixinConfig[config=sharedadvancements.mixins.json, requiredMods=[]]
[15Aug2026 02:26:04.950] [main/DEBUG] [net.neoforged.fml.loading.moddiscovery.ModFileParser/LOADING]: Considering mod file candidate 
[15Aug2026 02:26:04.951] [main/DEBUG] [net.neoforged.fml.loading.moddiscovery.ModFileInfo/LOADING]: Found valid mod file fabric-resource-loader-v0-1.3.1+4ea8954419.jar with {fabric_resource_loader_v0} mods - versions {1.3.1+4ea8954419}
[15Aug2026 02:26:04.951] [main/DEBUG] [net.neoforged.fml.loading.moddiscovery.ModFile/LOADING]: Loading mod file  with languages [LanguageSpec[languageName=javafml, acceptedVersions=[1,)]]
[15Aug2026 02:26:04.951] [main/DEBUG] [net.neoforged.fml.loading.moddiscovery.ModFile/LOADING]: Found mixin config MixinConfig[config=fabric-resource-loader-v0.mixins.json, requiredMods=[]]
[15Aug2026 02:26:04.951] [main/DEBUG] [net.neoforged.fml.loading.moddiscovery.ModFile/LOADING]: Found mixin config MixinConfig[config=fabric-resource-loader-v0.client.mixins.json, requiredMods=[]]
[15Aug2026 02:26:04.951] [main/DEBUG] [net.neoforged.fml.loading.moddiscovery.ModFileParser/LOADING]: Considering mod file candidate 
[15Aug2026 02:26:04.951] [main/DEBUG] [net.neoforged.fml.loading.moddiscovery.ModFileInfo/LOADING]: Found valid mod file TRender-1.0.10-1.21.1-neoforge-SNAPSHOT.jar with {trender} mods - versions {1.0.10}
[15Aug2026 02:26:04.951] [main/DEBUG] [net.neoforged.fml.loading.moddiscovery.ModFile/LOADING]: Loading mod file  with languages [LanguageSpec[languageName=javafml, acceptedVersions=[1,)]]
[15Aug2026 02:26:04.951] [main/DEBUG] [net.neoforged.fml.loading.moddiscovery.ModFile/LOADING]: Found mixin config MixinConfig[config=trender.mixins.json, requiredMods=[]]
[15Aug2026 02:26:04.951] [main/DEBUG] [net.neoforged.fml.loading.moddiscovery.ModFileParser/LOADING]: Considering mod file candidate /workspaces/nnnn/servidor_minecraft/mods/bundle-api-neoforge-1.1.0.jar
[15Aug2026 02:26:04.951] [main/DEBUG] [net.neoforged.fml.loading.moddiscovery.ModFileInfo/LOADING]: Found valid mod file bundle-api-neoforge-1.1.0.jar with {bundleapi} mods - versions {1.1.0}
[15Aug2026 02:26:04.951] [main/DEBUG] [net.neoforged.fml.loading.moddiscovery.ModFile/LOADING]: Loading mod file /workspaces/nnnn/servidor_minecraft/mods/bundle-api-neoforge-1.1.0.jar with languages [LanguageSpec[languageName=javafml, acceptedVersions=[4,)]]
[15Aug2026 02:26:04.952] [main/DEBUG] [net.neoforged.fml.loading.moddiscovery.ModFile/LOADING]: Found mixin config MixinConfig[config=bundleapi.mixins.json, requiredMods=[]]
[15Aug2026 02:26:04.952] [main/DEBUG] [net.neoforged.fml.loading.moddiscovery.ModFileParser/LOADING]: Considering mod file candidate /workspaces/nnnn/servidor_minecraft/mods/chloride-NEOFORGE-mc1.21.1-v1.7.7.jar
[15Aug2026 02:26:04.952] [main/DEBUG] [net.neoforged.fml.loading.moddiscovery.ModFileInfo/LOADING]: Found valid mod file chloride-NEOFORGE-mc1.21.1-v1.7.7.jar with {chloride} mods - versions {1.7.7}
[15Aug2026 02:26:04.952] [main/DEBUG] [net.neoforged.fml.loading.moddiscovery.ModFile/LOADING]: Loading mod file /workspaces/nnnn/servidor_minecraft/mods/chloride-NEOFORGE-mc1.21.1-v1.7.7.jar with languages [LanguageSpec[languageName=javafml, acceptedVersions=[4,5)]]
[15Aug2026 02:26:04.952] [main/DEBUG] [net.neoforged.fml.loading.moddiscovery.ModFile/LOADING]: Found mixin config MixinConfig[config=chloride.mixin.json, requiredMods=[]]
[15Aug2026 02:26:04.952] [main/DEBUG] [net.neoforged.fml.loading.moddiscovery.ModFileParser/LOADING]: Considering mod file candidate /workspaces/nnnn/servidor_minecraft/mods/create-1.21.1-6.0.10.jar
[15Aug2026 02:26:04.952] [main/DEBUG] [net.neoforged.fml.loading.moddiscovery.ModFileInfo/LOADING]: Found valid mod file create-1.21.1-6.0.10.jar with {create} mods - versions {6.0.10}
[15Aug2026 02:26:04.953] [main/DEBUG] [net.neoforged.fml.loading.moddiscovery.ModFile/LOADING]: Loading mod file /workspaces/nnnn/servidor_minecraft/mods/create-1.21.1-6.0.10.jar with languages [LanguageSpec[languageName=javafml, acceptedVersions=[0,)]]
[15Aug2026 02:26:04.953] [main/DEBUG] [net.neoforged.fml.loading.moddiscovery.ModFile/LOADING]: Found mixin config MixinConfig[config=create.mixins.json, requiredMods=[]]
[15Aug2026 02:26:04.953] [main/DEBUG] [net.neoforged.fml.loading.moddiscovery.ModFileParser/LOADING]: Considering mod file candidate /workspaces/nnnn/servidor_minecraft/mods/Clumps-neoforge-1.21.1-19.0.0.1.jar
[15Aug2026 02:26:04.953] [main/DEBUG] [net.neoforged.fml.loading.moddiscovery.ModFileInfo/LOADING]: Found valid mod file Clumps-neoforge-1.21.1-19.0.0.1.jar with {clumps} mods - versions {19.0.0.1}
[15Aug2026 02:26:04.953] [main/DEBUG] [net.neoforged.fml.loading.moddiscovery.ModFile/LOADING]: Loading mod file /workspaces/nnnn/servidor_minecraft/mods/Clumps-neoforge-1.21.1-19.0.0.1.jar with languages [LanguageSpec[languageName=javafml, acceptedVersions=[4,)]]
[15Aug2026 02:26:04.953] [main/DEBUG] [net.neoforged.fml.loading.moddiscovery.ModFile/LOADING]: Found mixin config MixinConfig[config=clumps.mixins.json, requiredMods=[]]
[15Aug2026 02:26:04.953] [main/DEBUG] [net.neoforged.fml.loading.moddiscovery.ModFileParser/LOADING]: Considering mod file candidate /workspaces/nnnn/servidor_minecraft/mods/numismaticoverhaul-1.21.1-2.0.1.jar
[15Aug2026 02:26:04.953] [main/DEBUG] [net.neoforged.fml.loading.moddiscovery.ModFileInfo/LOADING]: Found valid mod file numismaticoverhaul-1.21.1-2.0.1.jar with {numismaticoverhaul} mods - versions {2.0.1}
[15Aug2026 02:26:04.953] [main/DEBUG] [net.neoforged.fml.loading.moddiscovery.ModFile/LOADING]: Loading mod file /workspaces/nnnn/servidor_minecraft/mods/numismaticoverhaul-1.21.1-2.0.1.jar with languages [LanguageSpec[languageName=javafml, acceptedVersions=[4,)]]
[15Aug2026 02:26:04.953] [main/DEBUG] [net.neoforged.fml.loading.moddiscovery.ModFile/LOADING]: Found mixin config MixinConfig[config=numismaticoverhaul.mixins.json, requiredMods=[]]
[15Aug2026 02:26:04.953] [main/DEBUG] [net.neoforged.fml.loading.moddiscovery.ModFileParser/LOADING]: Considering mod file candidate /workspaces/nnnn/servidor_minecraft/mods/artifacts-neoforge-13.2.1.jar
[15Aug2026 02:26:04.954] [main/DEBUG] [net.neoforged.fml.loading.moddiscovery.ModFileInfo/LOADING]: Found valid mod file artifacts-neoforge-13.2.1.jar with {artifacts} mods - versions {13.2.1}
[15Aug2026 02:26:04.954] [main/DEBUG] [net.neoforged.fml.loading.moddiscovery.ModFile/LOADING]: Loading mod file /workspaces/nnnn/servidor_minecraft/mods/artifacts-neoforge-13.2.1.jar with languages [LanguageSpec[languageName=javafml, acceptedVersions=*]]
[15Aug2026 02:26:04.954] [main/DEBUG] [net.neoforged.fml.loading.moddiscovery.ModFile/LOADING]: Found mixin config MixinConfig[config=mixins.artifacts.common.json, requiredMods=[]]
[15Aug2026 02:26:04.954] [main/DEBUG] [net.neoforged.fml.loading.moddiscovery.ModFile/LOADING]: Found mixin config MixinConfig[config=mixins.artifacts.neoforge.json, requiredMods=[]]
[15Aug2026 02:26:04.954] [main/DEBUG] [net.neoforged.fml.loading.moddiscovery.ModFileParser/LOADING]: Considering mod file candidate /workspaces/nnnn/servidor_minecraft/mods/configured-neoforge-1.21.1-2.6.3.jar
[15Aug2026 02:26:04.954] [main/DEBUG] [net.neoforged.fml.loading.moddiscovery.ModFileInfo/LOADING]: Found valid mod file configured-neoforge-1.21.1-2.6.3.jar with {configured} mods - versions {2.6.3}
[15Aug2026 02:26:04.954] [main/DEBUG] [net.neoforged.fml.loading.moddiscovery.ModFile/LOADING]: Loading mod file /workspaces/nnnn/servidor_minecraft/mods/configured-neoforge-1.21.1-2.6.3.jar with languages [LanguageSpec[languageName=javafml, acceptedVersions=[2,)]]
[15Aug2026 02:26:04.954] [main/DEBUG] [net.neoforged.fml.loading.moddiscovery.ModFileParser/LOADING]: Considering mod file candidate /workspaces/nnnn/servidor_minecraft/mods/jewelry-neoforge-2.3.2+1.21.1.jar
[15Aug2026 02:26:04.955] [main/DEBUG] [net.neoforged.fml.loading.moddiscovery.ModFileInfo/LOADING]: Found valid mod file jewelry-neoforge-2.3.2+1.21.1.jar with {jewelry} mods - versions {2.3.2}
[15Aug2026 02:26:04.955] [main/DEBUG] [net.neoforged.fml.loading.moddiscovery.ModFile/LOADING]: Loading mod file /workspaces/nnnn/servidor_minecraft/mods/jewelry-neoforge-2.3.2+1.21.1.jar with languages [LanguageSpec[languageName=javafml, acceptedVersions=[4,)]]
[15Aug2026 02:26:04.955] [main/DEBUG] [net.neoforged.fml.loading.moddiscovery.ModFile/LOADING]: Found mixin config MixinConfig[config=jewelry.mixins.json, requiredMods=[]]
[15Aug2026 02:26:04.955] [main/DEBUG] [net.neoforged.fml.loading.moddiscovery.ModFileParser/LOADING]: Considering mod file candidate /workspaces/nnnn/servidor_minecraft/mods/default_skill_trees-1.1.jar
[15Aug2026 02:26:04.955] [main/DEBUG] [net.neoforged.fml.loading.moddiscovery.ModFileInfo/LOADING]: Found valid mod file default_skill_trees-1.1.jar with {default_skill_trees} mods - versions {1.1}
[15Aug2026 02:26:04.955] [main/DEBUG] [net.neoforged.fml.loading.moddiscovery.ModFile/LOADING]: Loading mod file /workspaces/nnnn/servidor_minecraft/mods/default_skill_trees-1.1.jar with languages [LanguageSpec[languageName=lowcodefml, acceptedVersions=[1,)]]
[15Aug2026 02:26:04.955] [main/DEBUG] [net.neoforged.fml.loading.moddiscovery.ModFileParser/LOADING]: Considering mod file candidate /workspaces/nnnn/servidor_minecraft/mods/lukis-grand-capitals-1.1.3.jar
[15Aug2026 02:26:04.955] [main/DEBUG] [net.neoforged.fml.loading.moddiscovery.ModFileInfo/LOADING]: Found valid mod file lukis-grand-capitals-1.1.3.jar with {mr_lukis_grandcapitals} mods - versions {1.1.3}
[15Aug2026 02:26:04.955] [main/DEBUG] [net.neoforged.fml.loading.moddiscovery.ModFile/LOADING]: Loading mod file /workspaces/nnnn/servidor_minecraft/mods/lukis-grand-capitals-1.1.3.jar with languages [LanguageSpec[languageName=javafml, acceptedVersions=[1,)]]
[15Aug2026 02:26:04.955] [main/DEBUG] [net.neoforged.fml.loading.moddiscovery.ModFileParser/LOADING]: Considering mod file candidate /workspaces/nnnn/servidor_minecraft/mods/ExplorersCompass-1.21.1-3.4.0-neoforge.jar
[15Aug2026 02:26:04.956] [main/DEBUG] [net.neoforged.fml.loading.moddiscovery.ModFileInfo/LOADING]: Found valid mod file ExplorersCompass-1.21.1-3.4.0-neoforge.jar with {explorerscompass} mods - versions {1.21.1-3.4.0-neoforge}
[15Aug2026 02:26:04.956] [main/DEBUG] [net.neoforged.fml.loading.moddiscovery.ModFile/LOADING]: Loading mod file /workspaces/nnnn/servidor_minecraft/mods/ExplorersCompass-1.21.1-3.4.0-neoforge.jar with languages [LanguageSpec[languageName=javafml, acceptedVersions=[4,)]]
[15Aug2026 02:26:04.956] [main/DEBUG] [net.neoforged.fml.loading.moddiscovery.ModFileParser/LOADING]: Considering mod file candidate /workspaces/nnnn/servidor_minecraft/mods/farsight-1.21.1-4.5.jar
[15Aug2026 02:26:04.956] [main/DEBUG] [net.neoforged.fml.loading.moddiscovery.ModFileInfo/LOADING]: Found valid mod file farsight-1.21.1-4.5.jar with {farsight_view} mods - versions {4.5}
[15Aug2026 02:26:04.956] [main/DEBUG] [net.neoforged.fml.loading.moddiscovery.ModFile/LOADING]: Loading mod file /workspaces/nnnn/servidor_minecraft/mods/farsight-1.21.1-4.5.jar with languages [LanguageSpec[languageName=javafml, acceptedVersions=[4,500)]]
[15Aug2026 02:26:04.956] [main/DEBUG] [net.neoforged.fml.loading.moddiscovery.ModFile/LOADING]: Found mixin config MixinConfig[config=farsight.mixins.json, requiredMods=[]]
[15Aug2026 02:26:04.956] [main/DEBUG] [net.neoforged.fml.loading.moddiscovery.ModFileParser/LOADING]: Considering mod file candidate /workspaces/nnnn/servidor_minecraft/mods/beginnersdelight-0.4.0+1.21.1-neoforge.jar
[15Aug2026 02:26:04.957] [main/DEBUG] [net.neoforged.fml.loading.moddiscovery.ModFileInfo/LOADING]: Found valid mod file beginnersdelight-0.4.0+1.21.1-neoforge.jar with {beginnersdelight} mods - versions {0.4.0}
[15Aug2026 02:26:04.957] [main/DEBUG] [net.neoforged.fml.loading.moddiscovery.ModFile/LOADING]: Loading mod file /workspaces/nnnn/servidor_minecraft/mods/beginnersdelight-0.4.0+1.21.1-neoforge.jar with languages [LanguageSpec[languageName=javafml, acceptedVersions=[4,)]]
[15Aug2026 02:26:04.957] [main/DEBUG] [net.neoforged.fml.loading.moddiscovery.ModFileParser/LOADING]: Considering mod file candidate /workspaces/nnnn/servidor_minecraft/mods/soul_incursion-1.1.3-neoforge-1.21.1.jar
[15Aug2026 02:26:04.957] [main/DEBUG] [net.neoforged.fml.loading.moddiscovery.ModFileInfo/LOADING]: Found valid mod file soul_incursion-1.1.3-neoforge-1.21.1.jar with {soul_incursion} mods - versions {1.1.3}
[15Aug2026 02:26:04.957] [main/DEBUG] [net.neoforged.fml.loading.moddiscovery.ModFile/LOADING]: Loading mod file /workspaces/nnnn/servidor_minecraft/mods/soul_incursion-1.1.3-neoforge-1.21.1.jar with languages [LanguageSpec[languageName=javafml, acceptedVersions=[4,)]]
[15Aug2026 02:26:04.957] [main/DEBUG] [net.neoforged.fml.loading.moddiscovery.ModFileParser/LOADING]: Considering mod file candidate 
[15Aug2026 02:26:04.958] [main/DEBUG] [net.neoforged.fml.loading.moddiscovery.ModFileInfo/LOADING]: Found valid mod file fabric-transitive-access-wideners-v1-6.2.0+6c854b6f19.jar with {fabric_transitive_access_wideners_v1} mods - versions {6.2.0+6c854b6f19}
[15Aug2026 02:26:04.958] [main/DEBUG] [net.neoforged.fml.loading.moddiscovery.ModFile/LOADING]: Loading mod file  with languages [LanguageSpec[languageName=lowcodefml, acceptedVersions=[1,)]]
[15Aug2026 02:26:04.958] [main/DEBUG] [net.neoforged.fml.loading.moddiscovery.ModFileParser/LOADING]: Considering mod file candidate /workspaces/nnnn/servidor_minecraft/mods/arsenal-neoforge-1.4.2+1.21.1.jar
[15Aug2026 02:26:04.958] [main/DEBUG] [net.neoforged.fml.loading.moddiscovery.ModFileInfo/LOADING]: Found valid mod file arsenal-neoforge-1.4.2+1.21.1.jar with {arsenal} mods - versions {1.4.2}
[15Aug2026 02:26:04.958] [main/DEBUG] [net.neoforged.fml.loading.moddiscovery.ModFile/LOADING]: Loading mod file /workspaces/nnnn/servidor_minecraft/mods/arsenal-neoforge-1.4.2+1.21.1.jar with languages [LanguageSpec[languageName=javafml, acceptedVersions=[4,)]]
[15Aug2026 02:26:04.958] [main/DEBUG] [net.neoforged.fml.loading.moddiscovery.ModFile/LOADING]: Found mixin config MixinConfig[config=arsenal.mixins.json, requiredMods=[]]
[15Aug2026 02:26:04.958] [main/DEBUG] [net.neoforged.fml.loading.moddiscovery.ModFileParser/LOADING]: Considering mod file candidate /workspaces/nnnn/servidor_minecraft/mods/moonlight-neoforge-1.21.1-3.0.7.jar
[15Aug2026 02:26:04.959] [main/DEBUG] [net.neoforged.fml.loading.moddiscovery.ModFileInfo/LOADING]: Found valid mod file moonlight-neoforge-1.21.1-3.0.7.jar with {moonlight} mods - versions {1.21.1-3.0.7}
[15Aug2026 02:26:04.959] [main/DEBUG] [net.neoforged.fml.loading.moddiscovery.ModFile/LOADING]: Loading mod file /workspaces/nnnn/servidor_minecraft/mods/moonlight-neoforge-1.21.1-3.0.7.jar with languages [LanguageSpec[languageName=javafml, acceptedVersions=*]]
[15Aug2026 02:26:04.959] [main/DEBUG] [net.neoforged.fml.loading.moddiscovery.ModFile/LOADING]: Found mixin config MixinConfig[config=moonlight.mixins.json, requiredMods=[]]
[15Aug2026 02:26:04.959] [main/DEBUG] [net.neoforged.fml.loading.moddiscovery.ModFile/LOADING]: Found mixin config MixinConfig[config=moonlight-common.mixins.json, requiredMods=[]]
[15Aug2026 02:26:04.959] [main/DEBUG] [net.neoforged.fml.loading.moddiscovery.ModFileParser/LOADING]: Considering mod file candidate /workspaces/nnnn/servidor_minecraft/mods/regions-unexplored-0.6+beta4-neoforge-21.1.jar
[15Aug2026 02:26:04.960] [main/DEBUG] [net.neoforged.fml.loading.moddiscovery.ModFileInfo/LOADING]: Found valid mod file regions-unexplored-0.6+beta4-neoforge-21.1.jar with {regions_unexplored} mods - versions {0.6+beta4}
[15Aug2026 02:26:04.960] [main/DEBUG] [net.neoforged.fml.loading.moddiscovery.ModFile/LOADING]: Loading mod file /workspaces/nnnn/servidor_minecraft/mods/regions-unexplored-0.6+beta4-neoforge-21.1.jar with languages [LanguageSpec[languageName=javafml, acceptedVersions=[1,)]]
[15Aug2026 02:26:04.960] [main/DEBUG] [net.neoforged.fml.loading.moddiscovery.ModFile/LOADING]: Found mixin config MixinConfig[config=regions_unexplored.mixins.json, requiredMods=[]]
[15Aug2026 02:26:04.960] [main/DEBUG] [net.neoforged.fml.loading.moddiscovery.ModFile/LOADING]: Found mixin config MixinConfig[config=regions_unexplored.neoforge.mixins.json, requiredMods=[]]
[15Aug2026 02:26:04.960] [main/DEBUG] [net.neoforged.fml.loading.moddiscovery.ModFileParser/LOADING]: Considering mod file candidate 
[15Aug2026 02:26:04.960] [main/DEBUG] [net.neoforged.fml.loading.moddiscovery.ModFileInfo/LOADING]: Found valid mod file fabric-blockrenderlayer-v1-1.1.52+c290471319.jar with {fabric_blockrenderlayer_v1} mods - versions {1.1.52+c290471319}
[15Aug2026 02:26:04.960] [main/DEBUG] [net.neoforged.fml.loading.moddiscovery.ModFile/LOADING]: Loading mod file  with languages [LanguageSpec[languageName=javafml, acceptedVersions=[1,)]]
[15Aug2026 02:26:04.960] [main/DEBUG] [net.neoforged.fml.loading.moddiscovery.ModFile/LOADING]: Found mixin config MixinConfig[config=fabric-blockrenderlayer-v1.mixins.json, requiredMods=[]]
[15Aug2026 02:26:04.960] [main/DEBUG] [net.neoforged.fml.loading.moddiscovery.ModFileParser/LOADING]: Considering mod file candidate /workspaces/nnnn/servidor_minecraft/mods/silent-lib-1.21.1-neoforge-10.6.0.jar
[15Aug2026 02:26:04.961] [main/DEBUG] [net.neoforged.fml.loading.moddiscovery.ModFileInfo/LOADING]: Found valid mod file silent-lib-1.21.1-neoforge-10.6.0.jar with {silentlib} mods - versions {10.6.0}
[15Aug2026 02:26:04.961] [main/DEBUG] [net.neoforged.fml.loading.moddiscovery.ModFile/LOADING]: Loading mod file /workspaces/nnnn/servidor_minecraft/mods/silent-lib-1.21.1-neoforge-10.6.0.jar with languages [LanguageSpec[languageName=javafml, acceptedVersions=[4,)]]
[15Aug2026 02:26:04.961] [main/DEBUG] [net.neoforged.fml.loading.moddiscovery.ModFileParser/LOADING]: Considering mod file candidate /workspaces/nnnn/servidor_minecraft/mods/enderscape-neoforge-1.0.9+mc1.21.1.jar
[15Aug2026 02:26:04.961] [main/DEBUG] [net.neoforged.fml.loading.moddiscovery.ModFileInfo/LOADING]: Found valid mod file enderscape-neoforge-1.0.9+mc1.21.1.jar with {enderscape} mods - versions {1.0.9}
[15Aug2026 02:26:04.961] [main/DEBUG] [net.neoforged.fml.loading.moddiscovery.ModFile/LOADING]: Loading mod file /workspaces/nnnn/servidor_minecraft/mods/enderscape-neoforge-1.0.9+mc1.21.1.jar with languages [LanguageSpec[languageName=javafml, acceptedVersions=[1,)]]
[15Aug2026 02:26:04.961] [main/DEBUG] [net.neoforged.fml.loading.moddiscovery.ModFile/LOADING]: Found mixin config MixinConfig[config=enderscape.mixins.json, requiredMods=[]]
[15Aug2026 02:26:04.961] [main/DEBUG] [net.neoforged.fml.loading.moddiscovery.ModFile/LOADING]: Found mixin config MixinConfig[config=enderscape.client.mixins.json, requiredMods=[]]
[15Aug2026 02:26:04.962] [main/DEBUG] [net.neoforged.fml.loading.moddiscovery.ModFileParser/LOADING]: Considering mod file candidate /workspaces/nnnn/servidor_minecraft/mods/azurelibarmor-neo-1.21.1-3.1.3.jar
[15Aug2026 02:26:04.962] [main/DEBUG] [net.neoforged.fml.loading.moddiscovery.ModFileInfo/LOADING]: Found valid mod file azurelibarmor-neo-1.21.1-3.1.3.jar with {azurelibarmor} mods - versions {3.1.3}
[15Aug2026 02:26:04.962] [main/DEBUG] [net.neoforged.fml.loading.moddiscovery.ModFile/LOADING]: Loading mod file /workspaces/nnnn/servidor_minecraft/mods/azurelibarmor-neo-1.21.1-3.1.3.jar with languages [LanguageSpec[languageName=javafml, acceptedVersions=[3,)]]
[15Aug2026 02:26:04.962] [main/DEBUG] [net.neoforged.fml.loading.moddiscovery.ModFile/LOADING]: Found mixin config MixinConfig[config=azurelibarmor.mixins.json, requiredMods=[]]
[15Aug2026 02:26:04.962] [main/DEBUG] [net.neoforged.fml.loading.moddiscovery.ModFile/LOADING]: Found mixin config MixinConfig[config=azurelibarmor.neo.mixins.json, requiredMods=[]]
[15Aug2026 02:26:04.962] [main/DEBUG] [net.neoforged.fml.loading.moddiscovery.ModFile/LOADING]: Found mixin config MixinConfig[config=azurelibarmor.neo2.mixins.json, requiredMods=[]]
[15Aug2026 02:26:04.962] [main/DEBUG] [net.neoforged.fml.loading.moddiscovery.ModFileParser/LOADING]: Considering mod file candidate /workspaces/nnnn/servidor_minecraft/mods/Iceberg-1.21.1-neoforge-1.3.2.jar
[15Aug2026 02:26:04.963] [main/DEBUG] [net.neoforged.fml.loading.moddiscovery.ModFileInfo/LOADING]: Found valid mod file Iceberg-1.21.1-neoforge-1.3.2.jar with {iceberg} mods - versions {1.3.2}
[15Aug2026 02:26:04.963] [main/DEBUG] [net.neoforged.fml.loading.moddiscovery.ModFile/LOADING]: Loading mod file /workspaces/nnnn/servidor_minecraft/mods/Iceberg-1.21.1-neoforge-1.3.2.jar with languages [LanguageSpec[languageName=javafml, acceptedVersions=[1,)]]
[15Aug2026 02:26:04.963] [main/DEBUG] [net.neoforged.fml.loading.moddiscovery.ModFile/LOADING]: Found mixin config MixinConfig[config=iceberg.mixins.json, requiredMods=[]]
[15Aug2026 02:26:04.963] [main/DEBUG] [net.neoforged.fml.loading.moddiscovery.ModFile/LOADING]: Found mixin config MixinConfig[config=iceberg.neoforge.mixins.json, requiredMods=[]]
[15Aug2026 02:26:04.963] [main/DEBUG] [net.neoforged.fml.loading.moddiscovery.ModFileParser/LOADING]: Considering mod file candidate /workspaces/nnnn/servidor_minecraft/mods/ranged_weapon_api-neoforge-2.3.3+1.21.1.jar
[15Aug2026 02:26:04.963] [main/DEBUG] [net.neoforged.fml.loading.moddiscovery.ModFileInfo/LOADING]: Found valid mod file ranged_weapon_api-neoforge-2.3.3+1.21.1.jar with {ranged_weapon_api} mods - versions {2.3.3+1.21.1}
[15Aug2026 02:26:04.963] [main/DEBUG] [net.neoforged.fml.loading.moddiscovery.ModFile/LOADING]: Loading mod file /workspaces/nnnn/servidor_minecraft/mods/ranged_weapon_api-neoforge-2.3.3+1.21.1.jar with languages [LanguageSpec[languageName=javafml, acceptedVersions=[4,)]]
[15Aug2026 02:26:04.963] [main/DEBUG] [net.neoforged.fml.loading.moddiscovery.ModFile/LOADING]: Found mixin config MixinConfig[config=ranged_weapon_api.mixins.json, requiredMods=[]]
[15Aug2026 02:26:04.963] [main/DEBUG] [net.neoforged.fml.loading.moddiscovery.ModFileParser/LOADING]: Considering mod file candidate /workspaces/nnnn/servidor_minecraft/mods/create-stuff-additions1.21.1_v2.1.2.jar
[15Aug2026 02:26:04.964] [main/DEBUG] [net.neoforged.fml.loading.moddiscovery.ModFileInfo/LOADING]: Found valid mod file create-stuff-additions1.21.1_v2.1.2.jar with {create_sa} mods - versions {2.1.2}
[15Aug2026 02:26:04.964] [main/DEBUG] [net.neoforged.fml.loading.moddiscovery.ModFile/LOADING]: Loading mod file /workspaces/nnnn/servidor_minecraft/mods/create-stuff-additions1.21.1_v2.1.2.jar with languages [LanguageSpec[languageName=javafml, acceptedVersions=[4,)]]
[15Aug2026 02:26:04.964] [main/DEBUG] [net.neoforged.fml.loading.moddiscovery.ModFile/LOADING]: Found mixin config MixinConfig[config=mixins.create_sa.json, requiredMods=[]]
[15Aug2026 02:26:04.965] [main/DEBUG] [net.neoforged.fml.loading.moddiscovery.ModFileParser/LOADING]: Considering mod file candidate 
[15Aug2026 02:26:04.965] [main/DEBUG] [net.neoforged.fml.loading.moddiscovery.ModFileInfo/LOADING]: Found valid mod file fabric-gametest-api-v1-2.0.5+29f188ce19.jar with {fabric_gametest_api_v1} mods - versions {2.0.5+29f188ce19}
[15Aug2026 02:26:04.965] [main/DEBUG] [net.neoforged.fml.loading.moddiscovery.ModFile/LOADING]: Loading mod file  with languages [LanguageSpec[languageName=javafml, acceptedVersions=[1,)]]
[15Aug2026 02:26:04.965] [main/DEBUG] [net.neoforged.fml.loading.moddiscovery.ModFile/LOADING]: Found mixin config MixinConfig[config=fabric-gametest-api-v1.mixins.json, requiredMods=[]]
[15Aug2026 02:26:04.965] [main/DEBUG] [net.neoforged.fml.loading.moddiscovery.ModFileParser/LOADING]: Considering mod file candidate /workspaces/nnnn/servidor_minecraft/mods/nopackcompatcheck-0.1.0-neoforge-mc1.21+.jar
[15Aug2026 02:26:04.966] [main/DEBUG] [net.neoforged.fml.loading.moddiscovery.ModFileInfo/LOADING]: Found valid mod file nopackcompatcheck-0.1.0-neoforge-mc1.21+.jar with {nopackcompatcheck} mods - versions {0.1.0-neoforge-mc1.21}
[15Aug2026 02:26:04.966] [main/DEBUG] [net.neoforged.fml.loading.moddiscovery.ModFile/LOADING]: Loading mod file /workspaces/nnnn/servidor_minecraft/mods/nopackcompatcheck-0.1.0-neoforge-mc1.21+.jar with languages [LanguageSpec[languageName=javafml, acceptedVersions=[4,)]]
[15Aug2026 02:26:04.966] [main/DEBUG] [net.neoforged.fml.loading.moddiscovery.ModFile/LOADING]: Found mixin config MixinConfig[config=nopackcompatcheck.mixins.json, requiredMods=[]]
[15Aug2026 02:26:04.966] [main/DEBUG] [net.neoforged.fml.loading.moddiscovery.ModFileParser/LOADING]: Considering mod file candidate /workspaces/nnnn/servidor_minecraft/mods/irons_spellbooks-1.21.1-3.15.6.jar
[15Aug2026 02:26:04.967] [main/DEBUG] [net.neoforged.fml.loading.moddiscovery.ModFileInfo/LOADING]: Found valid mod file irons_spellbooks-1.21.1-3.15.6.jar with {irons_spellbooks} mods - versions {1.21.1-3.15.6}
[15Aug2026 02:26:04.967] [main/DEBUG] [net.neoforged.fml.loading.moddiscovery.ModFile/LOADING]: Loading mod file /workspaces/nnnn/servidor_minecraft/mods/irons_spellbooks-1.21.1-3.15.6.jar with languages [LanguageSpec[languageName=javafml, acceptedVersions=[4,)]]
[15Aug2026 02:26:04.967] [main/DEBUG] [net.neoforged.fml.loading.moddiscovery.ModFile/LOADING]: Found mixin config MixinConfig[config=irons_spellbooks.mixins.json, requiredMods=[]]
[15Aug2026 02:26:04.967] [main/DEBUG] [net.neoforged.fml.loading.moddiscovery.ModFileParser/LOADING]: Considering mod file candidate /workspaces/nnnn/servidor_minecraft/mods/EternalNether-v21.1.3-1.21.1-NeoForge.jar
[15Aug2026 02:26:04.967] [main/DEBUG] [net.neoforged.fml.loading.moddiscovery.ModFileInfo/LOADING]: Found valid mod file EternalNether-v21.1.3-1.21.1-NeoForge.jar with {eternalnether} mods - versions {21.1.3}
[15Aug2026 02:26:04.967] [main/DEBUG] [net.neoforged.fml.loading.moddiscovery.ModFile/LOADING]: Loading mod file /workspaces/nnnn/servidor_minecraft/mods/EternalNether-v21.1.3-1.21.1-NeoForge.jar with languages [LanguageSpec[languageName=javafml, acceptedVersions=*]]
[15Aug2026 02:26:04.967] [main/DEBUG] [net.neoforged.fml.loading.moddiscovery.ModFile/LOADING]: Found mixin config MixinConfig[config=eternalnether.common.mixins.json, requiredMods=[]]
[15Aug2026 02:26:04.967] [main/DEBUG] [net.neoforged.fml.loading.moddiscovery.ModFile/LOADING]: Found mixin config MixinConfig[config=eternalnether.neoforge.mixins.json, requiredMods=[]]
[15Aug2026 02:26:04.967] [main/DEBUG] [net.neoforged.fml.loading.moddiscovery.ModFileParser/LOADING]: Considering mod file candidate 
[15Aug2026 02:26:04.968] [main/DEBUG] [net.neoforged.fml.loading.moddiscovery.ModFileInfo/LOADING]: Found valid mod file fabric-biome-api-v1-13.0.31+1e62d33c19.jar with {fabric_biome_api_v1} mods - versions {13.0.31+1e62d33c19}
[15Aug2026 02:26:04.968] [main/DEBUG] [net.neoforged.fml.loading.moddiscovery.ModFile/LOADING]: Loading mod file  with languages [LanguageSpec[languageName=javafml, acceptedVersions=[1,)]]
[15Aug2026 02:26:04.968] [main/DEBUG] [net.neoforged.fml.loading.moddiscovery.ModFile/LOADING]: Found mixin config MixinConfig[config=fabric-biome-api-v1.mixins.json, requiredMods=[]]
[15Aug2026 02:26:04.968] [main/DEBUG] [net.neoforged.fml.loading.moddiscovery.ModFileParser/LOADING]: Considering mod file candidate /workspaces/nnnn/servidor_minecraft/mods/modonomicon-1.21.1-neoforge-1.120.1.jar
[15Aug2026 02:26:04.968] [main/DEBUG] [net.neoforged.fml.loading.moddiscovery.ModFileInfo/LOADING]: Found valid mod file modonomicon-1.21.1-neoforge-1.120.1.jar with {modonomicon} mods - versions {1.120.1}
[15Aug2026 02:26:04.968] [main/DEBUG] [net.neoforged.fml.loading.moddiscovery.ModFile/LOADING]: Loading mod file /workspaces/nnnn/servidor_minecraft/mods/modonomicon-1.21.1-neoforge-1.120.1.jar with languages [LanguageSpec[languageName=javafml, acceptedVersions=[3,)]]
[15Aug2026 02:26:04.969] [main/DEBUG] [net.neoforged.fml.loading.moddiscovery.ModFileParser/LOADING]: Considering mod file candidate /workspaces/nnnn/servidor_minecraft/mods/fancymenu_neoforge_3.9.0_MC_1.21.1.jar
[15Aug2026 02:26:04.969] [main/DEBUG] [net.neoforged.fml.loading.moddiscovery.ModFileInfo/LOADING]: Found valid mod file fancymenu_neoforge_3.9.0_MC_1.21.1.jar with {fancymenu} mods - versions {3.9.0}
[15Aug2026 02:26:04.969] [main/DEBUG] [net.neoforged.fml.loading.moddiscovery.ModFile/LOADING]: Loading mod file /workspaces/nnnn/servidor_minecraft/mods/fancymenu_neoforge_3.9.0_MC_1.21.1.jar with languages [LanguageSpec[languageName=javafml, acceptedVersions=[2,)]]
[15Aug2026 02:26:04.969] [main/DEBUG] [net.neoforged.fml.loading.moddiscovery.ModFile/LOADING]: Found mixin config MixinConfig[config=fancymenu.mixins.json, requiredMods=[]]
[15Aug2026 02:26:04.969] [main/DEBUG] [net.neoforged.fml.loading.moddiscovery.ModFile/LOADING]: Found mixin config MixinConfig[config=fancymenu.neoforge.mixins.json, requiredMods=[]]
[15Aug2026 02:26:04.969] [main/DEBUG] [net.neoforged.fml.loading.moddiscovery.ModFileParser/LOADING]: Considering mod file candidate /workspaces/nnnn/servidor_minecraft/mods/letsdo-wildernature-neoforge-1.1.3.jar
[15Aug2026 02:26:04.970] [main/DEBUG] [net.neoforged.fml.loading.moddiscovery.ModFileInfo/LOADING]: Found valid mod file letsdo-wildernature-neoforge-1.1.3.jar with {wildernature} mods - versions {1.1.3}
[15Aug2026 02:26:04.970] [main/DEBUG] [net.neoforged.fml.loading.moddiscovery.ModFile/LOADING]: Loading mod file /workspaces/nnnn/servidor_minecraft/mods/letsdo-wildernature-neoforge-1.1.3.jar with languages [LanguageSpec[languageName=javafml, acceptedVersions=[4,)]]
[15Aug2026 02:26:04.970] [main/DEBUG] [net.neoforged.fml.loading.moddiscovery.ModFileParser/LOADING]: Considering mod file candidate /workspaces/nnnn/servidor_minecraft/mods/colorwheel-neoforge-1.2.5+mc1.21.1.jar
[15Aug2026 02:26:04.970] [main/DEBUG] [net.neoforged.fml.loading.moddiscovery.ModFileInfo/LOADING]: Found valid mod file colorwheel-neoforge-1.2.5+mc1.21.1.jar with {colorwheel} mods - versions {1.2.5+mc1.21.1}
[15Aug2026 02:26:04.970] [main/DEBUG] [net.neoforged.fml.loading.moddiscovery.ModFile/LOADING]: Loading mod file /workspaces/nnnn/servidor_minecraft/mods/colorwheel-neoforge-1.2.5+mc1.21.1.jar with languages [LanguageSpec[languageName=javafml, acceptedVersions=[4,)]]
[15Aug2026 02:26:04.970] [main/DEBUG] [net.neoforged.fml.loading.moddiscovery.ModFile/LOADING]: Found mixin config MixinConfig[config=colorwheel.mixins.json, requiredMods=[]]
[15Aug2026 02:26:04.970] [main/DEBUG] [net.neoforged.fml.loading.moddiscovery.ModFile/LOADING]: Found mixin config MixinConfig[config=colorwheel.neoforge.mixins.json, requiredMods=[]]
[15Aug2026 02:26:04.970] [main/DEBUG] [net.neoforged.fml.loading.moddiscovery.ModFileParser/LOADING]: Considering mod file candidate /workspaces/nnnn/servidor_minecraft/mods/kaleidoscopecookery-1.3.0-neoforge+mc1.21.1.jar
[15Aug2026 02:26:04.971] [main/DEBUG] [net.neoforged.fml.loading.moddiscovery.ModFileInfo/LOADING]: Found valid mod file kaleidoscopecookery-1.3.0-neoforge+mc1.21.1.jar with {kaleidoscope_cookery} mods - versions {1.3.0-neoforge+mc1.21.1}
[15Aug2026 02:26:04.971] [main/DEBUG] [net.neoforged.fml.loading.moddiscovery.ModFile/LOADING]: Loading mod file /workspaces/nnnn/servidor_minecraft/mods/kaleidoscopecookery-1.3.0-neoforge+mc1.21.1.jar with languages [LanguageSpec[languageName=javafml, acceptedVersions=[4,)]]
[15Aug2026 02:26:04.971] [main/DEBUG] [net.neoforged.fml.loading.moddiscovery.ModFile/LOADING]: Found mixin config MixinConfig[config=kaleidoscope_cookery.mixins.json, requiredMods=[]]
[15Aug2026 02:26:04.971] [main/DEBUG] [net.neoforged.fml.loading.moddiscovery.ModFileParser/LOADING]: Considering mod file candidate 
[15Aug2026 02:26:04.971] [main/DEBUG] [net.neoforged.fml.loading.moddiscovery.ModFileInfo/LOADING]: Found valid mod file expandability-neoforge-12.0.0.jar with {expandability} mods - versions {12.0.0}
[15Aug2026 02:26:04.971] [main/DEBUG] [net.neoforged.fml.loading.moddiscovery.ModFile/LOADING]: Loading mod file  with languages [LanguageSpec[languageName=javafml, acceptedVersions=[2,)]]
[15Aug2026 02:26:04.971] [main/DEBUG] [net.neoforged.fml.loading.moddiscovery.ModFile/LOADING]: Found mixin config MixinConfig[config=expandability-common.mixins.json, requiredMods=[]]
[15Aug2026 02:26:04.971] [main/DEBUG] [net.neoforged.fml.loading.moddiscovery.ModFile/LOADING]: Found mixin config MixinConfig[config=expandability.mixins.json, requiredMods=[]]
[15Aug2026 02:26:04.971] [main/DEBUG] [net.neoforged.fml.loading.moddiscovery.ModFileParser/LOADING]: Considering mod file candidate 
[15Aug2026 02:26:04.972] [main/DEBUG] [net.neoforged.fml.loading.moddiscovery.ModFileInfo/LOADING]: Found valid mod file fabric-data-generation-api-v1-20.2.34+a4c3605619.jar with {fabric_data_generation_api_v1} mods - versions {20.2.34+a4c3605619}
[15Aug2026 02:26:04.972] [main/DEBUG] [net.neoforged.fml.loading.moddiscovery.ModFile/LOADING]: Loading mod file  with languages [LanguageSpec[languageName=javafml, acceptedVersions=[1,)]]
[15Aug2026 02:26:04.972] [main/DEBUG] [net.neoforged.fml.loading.moddiscovery.ModFile/LOADING]: Found mixin config MixinConfig[config=fabric-data-generation-api-v1.mixins.json, requiredMods=[]]
[15Aug2026 02:26:04.972] [main/DEBUG] [net.neoforged.fml.loading.moddiscovery.ModFileParser/LOADING]: Considering mod file candidate /workspaces/nnnn/servidor_minecraft/mods/OverflowingBars-v21.1.1-1.21.1-NeoForge.jar
[15Aug2026 02:26:04.973] [main/DEBUG] [net.neoforged.fml.loading.moddiscovery.ModFileInfo/LOADING]: Found valid mod file OverflowingBars-v21.1.1-1.21.1-NeoForge.jar with {overflowingbars} mods - versions {21.1.1}
[15Aug2026 02:26:04.973] [main/DEBUG] [net.neoforged.fml.loading.moddiscovery.ModFile/LOADING]: Loading mod file /workspaces/nnnn/servidor_minecraft/mods/OverflowingBars-v21.1.1-1.21.1-NeoForge.jar with languages [LanguageSpec[languageName=javafml, acceptedVersions=*]]
[15Aug2026 02:26:04.973] [main/DEBUG] [net.neoforged.fml.loading.moddiscovery.ModFile/LOADING]: Found mixin config MixinConfig[config=overflowingbars.common.mixins.json, requiredMods=[]]
[15Aug2026 02:26:04.973] [main/DEBUG] [net.neoforged.fml.loading.moddiscovery.ModFile/LOADING]: Found mixin config MixinConfig[config=overflowingbars.neoforge.mixins.json, requiredMods=[]]
[15Aug2026 02:26:04.973] [main/DEBUG] [net.neoforged.fml.loading.moddiscovery.ModFileParser/LOADING]: Considering mod file candidate 
[15Aug2026 02:26:04.973] [main/DEBUG] [net.neoforged.fml.loading.moddiscovery.ModFileInfo/LOADING]: Found valid mod file fabric-events-interaction-v0-0.7.13+86e0887119.jar with {fabric_events_interaction_v0} mods - versions {0.7.13+86e0887119}
[15Aug2026 02:26:04.973] [main/DEBUG] [net.neoforged.fml.loading.moddiscovery.ModFile/LOADING]: Loading mod file  with languages [LanguageSpec[languageName=javafml, acceptedVersions=[1,)]]
[15Aug2026 02:26:04.973] [main/DEBUG] [net.neoforged.fml.loading.moddiscovery.ModFile/LOADING]: Found mixin config MixinConfig[config=fabric-events-interaction-v0.mixins.json, requiredMods=[]]
[15Aug2026 02:26:04.973] [main/DEBUG] [net.neoforged.fml.loading.moddiscovery.ModFile/LOADING]: Found mixin config MixinConfig[config=fabric-events-interaction-v0.client.mixins.json, requiredMods=[]]
[15Aug2026 02:26:04.974] [main/DEBUG] [net.neoforged.fml.loading.moddiscovery.ModFile/LOADING]: Loading mod file  with languages []
[15Aug2026 02:26:04.974] [main/DEBUG] [net.neoforged.fml.loading.moddiscovery.ModFile/LOADING]: Loading mod file  with languages []
[15Aug2026 02:26:04.974] [main/DEBUG] [net.neoforged.fml.loading.moddiscovery.ModFile/LOADING]: Loading mod file  with languages []
[15Aug2026 02:26:04.974] [main/DEBUG] [net.neoforged.fml.loading.moddiscovery.ModFile/LOADING]: Loading mod file  with languages []
[15Aug2026 02:26:04.976] [main/DEBUG] [net.neoforged.fml.loading.moddiscovery.ModValidator/SCAN]: Found 233 mod files with 230 mods
[15Aug2026 02:26:04.977] [main/DEBUG] [cpw.mods.modlauncher.TransformationServiceDecorator/MODLAUNCHER]: End scan trigger - transformation service fml
[15Aug2026 02:26:05.033] [main/DEBUG] [net.neoforged.fml.util.ServiceLoaderUtil/CORE]: Found 5 implementations of IModLanguageLoader:
[15Aug2026 02:26:05.033] [main/DEBUG] [net.neoforged.fml.util.ServiceLoaderUtil/CORE]: 	thedarkcolour.kotlinforforge.neoforge.KotlinLanguageLoader from kotlinforforge-5.11.0-all.jar > thedarkcolour.kfflang-5.11.0.jar
[15Aug2026 02:26:05.034] [main/DEBUG] [net.neoforged.fml.util.ServiceLoaderUtil/CORE]: 	net.fabricmc.loader.impl.bootstrap.FabricLoaderHackyInjector from forgified-fabric-api-0.116.7+2.2.4+1.21.1.jar > forgified-fabric-loader-2.5.68+0.18.4+1.21.1-full.jar
[15Aug2026 02:26:05.034] [main/DEBUG] [net.neoforged.fml.util.ServiceLoaderUtil/CORE]: 	net.neoforged.fml.javafmlmod.FMLJavaModLanguageProvider from loader-4.0.43.jar
[15Aug2026 02:26:05.034] [main/DEBUG] [net.neoforged.fml.util.ServiceLoaderUtil/CORE]: 	net.neoforged.fml.lowcodemod.LowCodeModLanguageProvider from loader-4.0.43.jar
[15Aug2026 02:26:05.034] [main/DEBUG] [net.neoforged.fml.util.ServiceLoaderUtil/CORE]: 	net.neoforged.fml.mclanguageprovider.MinecraftModLanguageProvider from loader-4.0.43.jar
[15Aug2026 02:26:05.034] [main/DEBUG] [net.neoforged.fml.loading.LanguageProviderLoader/CORE]: Found language provider kotlinforforge, version 5.11.0
[15Aug2026 02:26:05.035] [main/DEBUG] [net.neoforged.fml.loading.LanguageProviderLoader/CORE]: Found language provider __fabric_loader_bootstrap, version 2.5.68+0.18.4+1.21.1-full
[15Aug2026 02:26:05.035] [main/DEBUG] [net.neoforged.fml.loading.LanguageProviderLoader/CORE]: Found language provider javafml, version 4.0.43
[15Aug2026 02:26:05.035] [main/DEBUG] [net.neoforged.fml.loading.LanguageProviderLoader/CORE]: Found language provider lowcodefml, version 4.0.43
[15Aug2026 02:26:05.035] [main/DEBUG] [net.neoforged.fml.loading.LanguageProviderLoader/CORE]: Found language provider minecraft, version 4.0.43
[15Aug2026 02:26:05.043] [main/DEBUG] [net.neoforged.fml.loading.ModSorter/]: Configured system mods: [minecraft, neoforge]
[15Aug2026 02:26:05.043] [main/DEBUG] [net.neoforged.fml.loading.ModSorter/]: Found system mod: minecraft
[15Aug2026 02:26:05.043] [main/DEBUG] [net.neoforged.fml.loading.ModSorter/]: Found system mod: neoforge
[15Aug2026 02:26:05.048] [main/DEBUG] [net.neoforged.fml.loading.ModSorter/LOADING]: Found 561 mod requirements (518 mandatory, 43 optional)
[15Aug2026 02:26:05.050] [main/DEBUG] [net.neoforged.fml.loading.ModSorter/LOADING]: Found 4 mod requirements missing (4 mandatory, 0 optional)
[15Aug2026 02:26:05.051] [main/ERROR] [net.neoforged.fml.loading.ModSorter/LOADING]: Missing or unsupported mandatory dependencies:
	Mod ID: 'trimmed', Requested by: 'enderscape', Expected range: '[3.0.0,)', Actual version: '[MISSING]'
	Mod ID: 'reeses_sodium_options', Requested by: 'sodiumoptionsapi', Expected range: '*', Actual version: '[MISSING]'
	Mod ID: 'structure_pool_api', Requested by: 'rogues', Expected range: '*', Actual version: '[MISSING]'
	Mod ID: 'fzzy_config', Requested by: 'particle_core', Expected range: '[0.7.5,)', Actual version: '[MISSING]'
[15Aug2026 02:26:05.055] [main/DEBUG] [net.neoforged.fml.loading.FMLLoader/SCAN]: Adding Access Transformer in /workspaces/nnnn/servidor_minecraft/libraries/net/neoforged/neoforge/21.1.248/neoforge-21.1.248-universal.jar
[15Aug2026 02:26:05.061] [main/DEBUG] [AXFORM/AXFORM]: Loading access transformer accesstransformer.cfg
[15Aug2026 02:26:05.190] [main/DEBUG] [AXFORM/AXFORM]: Loaded access transformer accesstransformer.cfg
[15Aug2026 02:26:05.191] [main/DEBUG] [mixin/]: Adding mixin platform agents for container net.neoforged.fml.loading.mixin.FMLMixinContainerHandle@d257579
[15Aug2026 02:26:05.191] [main/DEBUG] [mixin/]: Instancing new MixinPlatformAgentMinecraftForge for net.neoforged.fml.loading.mixin.FMLMixinContainerHandle@d257579
[15Aug2026 02:26:05.191] [main/DEBUG] [mixin/]: MixinPlatformAgentMinecraftForge rejected container net.neoforged.fml.loading.mixin.FMLMixinContainerHandle@d257579
[15Aug2026 02:26:05.191] [main/DEBUG] [mixin/]: Instancing new MixinPlatformAgentDefault for net.neoforged.fml.loading.mixin.FMLMixinContainerHandle@d257579
[15Aug2026 02:26:05.191] [main/DEBUG] [mixin/]: MixinPlatformAgentDefault accepted container net.neoforged.fml.loading.mixin.FMLMixinContainerHandle@d257579
[15Aug2026 02:26:05.191] [main/DEBUG] [mixin/]: Instancing new FMLMixinPlatformAgent for net.neoforged.fml.loading.mixin.FMLMixinContainerHandle@d257579
[15Aug2026 02:26:05.191] [main/DEBUG] [mixin/]: FMLMixinPlatformAgent accepted container net.neoforged.fml.loading.mixin.FMLMixinContainerHandle@d257579
[15Aug2026 02:26:05.199] [main/DEBUG] [cpw.mods.modlauncher.TransformationServicesHandler/MODLAUNCHER]: Transformation services loading transformers
[15Aug2026 02:26:05.199] [main/DEBUG] [cpw.mods.modlauncher.TransformationServiceDecorator/MODLAUNCHER]: Initializing transformers for transformation service mixin
[15Aug2026 02:26:05.199] [main/DEBUG] [cpw.mods.modlauncher.TransformationServiceDecorator/MODLAUNCHER]: Initialized transformers for transformation service mixin
[15Aug2026 02:26:05.199] [main/DEBUG] [cpw.mods.modlauncher.TransformationServiceDecorator/MODLAUNCHER]: Initializing transformers for transformation service fml
[15Aug2026 02:26:05.199] [main/DEBUG] [net.neoforged.fml.loading.FMLServiceProvider/LOADING]: Loading coremod transformers
[15Aug2026 02:26:05.200] [main/DEBUG] [net.neoforged.fml.loading.FMLServiceProvider/CORE]: Not loading coremod script-engine since no mod requested it
[15Aug2026 02:26:05.201] [main/DEBUG] [net.neoforged.fml.util.ServiceLoaderUtil/CORE]: Found 1 implementations of ICoreMod:
[15Aug2026 02:26:05.201] [main/DEBUG] [net.neoforged.fml.util.ServiceLoaderUtil/CORE]: 	net.neoforged.neoforge.coremods.NeoForgeCoreMod from neoforge-21.1.248-universal.jar > net.neoforged.neoforge-coremods-21.1.248.jar
[15Aug2026 02:26:05.208] [main/DEBUG] [net.neoforged.fml.loading.FMLServiceProvider/CORE]: Adding [Target[className=net.minecraft.world.level.biome.Biome, elementName=, elementDescriptor=, targetType=cpw.mods.modlauncher.api.TargetType@4f5991f6]] transformer from core-mod net.neoforged.neoforge.coremods.NeoForgeCoreMod@611640f0 in neoforge-21.1.248-universal.jar > net.neoforged.neoforge-coremods-21.1.248.jar
[15Aug2026 02:26:05.208] [main/DEBUG] [net.neoforged.fml.loading.FMLServiceProvider/CORE]: Adding [Target[className=net.minecraft.world.level.levelgen.structure.Structure, elementName=, elementDescriptor=, targetType=cpw.mods.modlauncher.api.TargetType@4f5991f6]] transformer from core-mod net.neoforged.neoforge.coremods.NeoForgeCoreMod@611640f0 in neoforge-21.1.248-universal.jar > net.neoforged.neoforge-coremods-21.1.248.jar
[15Aug2026 02:26:05.209] [main/DEBUG] [net.neoforged.fml.loading.FMLServiceProvider/CORE]: Adding [Target[className=net.minecraft.world.level.block.FlowerPotBlock, elementName=, elementDescriptor=, targetType=cpw.mods.modlauncher.api.TargetType@4f5991f6]] transformer from core-mod net.neoforged.neoforge.coremods.NeoForgeCoreMod@611640f0 in neoforge-21.1.248-universal.jar > net.neoforged.neoforge-coremods-21.1.248.jar
[15Aug2026 02:26:05.209] [main/DEBUG] [net.neoforged.fml.loading.FMLServiceProvider/CORE]: Adding [Target[className=net/minecraft/world/level/NaturalSpawner, elementName=, elementDescriptor=, targetType=cpw.mods.modlauncher.api.TargetType@4f5991f6], Target[className=net/minecraft/world/entity/ai/village/VillageSiege, elementName=, elementDescriptor=, targetType=cpw.mods.modlauncher.api.TargetType@4f5991f6], Target[className=net/minecraft/server/commands/RaidCommand, elementName=, elementDescriptor=, targetType=cpw.mods.modlauncher.api.TargetType@4f5991f6], Target[className=net/minecraft/world/level/levelgen/PatrolSpawner, elementName=, elementDescriptor=, targetType=cpw.mods.modlauncher.api.TargetType@4f5991f6], Target[className=net/minecraft/world/level/levelgen/structure/structures/WoodlandMansionPieces$WoodlandMansionPiece, elementName=, elementDescriptor=, targetType=cpw.mods.modlauncher.api.TargetType@4f5991f6], Target[className=net/minecraft/server/commands/SummonCommand, elementName=, elementDescriptor=, targetType=cpw.mods.modlauncher.api.TargetType@4f5991f6], Target[className=net/minecraft/world/entity/monster/Evoker$EvokerSummonSpellGoal, elementName=, elementDescriptor=, targetType=cpw.mods.modlauncher.api.TargetType@4f5991f6], Target[className=net/minecraft/world/entity/monster/Strider, elementName=, elementDescriptor=, targetType=cpw.mods.modlauncher.api.TargetType@4f5991f6], Target[className=net/minecraft/world/entity/animal/horse/SkeletonTrapGoal, elementName=, elementDescriptor=, targetType=cpw.mods.modlauncher.api.TargetType@4f5991f6], Target[className=net/minecraft/world/entity/npc/CatSpawner, elementName=, elementDescriptor=, targetType=cpw.mods.modlauncher.api.TargetType@4f5991f6], Target[className=net/minecraft/world/entity/EntityType, elementName=, elementDescriptor=, targetType=cpw.mods.modlauncher.api.TargetType@4f5991f6], Target[className=net/minecraft/world/level/levelgen/structure/structures/SwampHutPiece, elementName=, elementDescriptor=, targetType=cpw.mods.modlauncher.api.TargetType@4f5991f6], Target[className=net/minecraft/world/entity/animal/frog/Tadpole, elementName=, elementDescriptor=, targetType=cpw.mods.modlauncher.api.TargetType@4f5991f6], Target[className=net/minecraft/world/level/levelgen/structure/templatesystem/StructureTemplate, elementName=, elementDescriptor=, targetType=cpw.mods.modlauncher.api.TargetType@4f5991f6], Target[className=net/minecraft/world/level/levelgen/structure/structures/OceanMonumentPieces$OceanMonumentPiece, elementName=, elementDescriptor=, targetType=cpw.mods.modlauncher.api.TargetType@4f5991f6], Target[className=net/minecraft/world/entity/monster/Spider, elementName=, elementDescriptor=, targetType=cpw.mods.modlauncher.api.TargetType@4f5991f6], Target[className=net/minecraft/world/entity/raid/Raid, elementName=, elementDescriptor=, targetType=cpw.mods.modlauncher.api.TargetType@4f5991f6], Target[className=net/minecraft/world/level/levelgen/structure/structures/OceanRuinPieces$OceanRuinPiece, elementName=, elementDescriptor=, targetType=cpw.mods.modlauncher.api.TargetType@4f5991f6], Target[className=net/minecraft/world/entity/monster/Zombie, elementName=, elementDescriptor=, targetType=cpw.mods.modlauncher.api.TargetType@4f5991f6], Target[className=net/minecraft/world/level/levelgen/PhantomSpawner, elementName=, elementDescriptor=, targetType=cpw.mods.modlauncher.api.TargetType@4f5991f6], Target[className=net/minecraft/world/entity/monster/ZombieVillager, elementName=, elementDescriptor=, targetType=cpw.mods.modlauncher.api.TargetType@4f5991f6], Target[className=net/minecraft/world/entity/npc/Villager, elementName=, elementDescriptor=, targetType=cpw.mods.modlauncher.api.TargetType@4f5991f6]] transformer from core-mod net.neoforged.neoforge.coremods.NeoForgeCoreMod@611640f0 in neoforge-21.1.248-universal.jar > net.neoforged.neoforge-coremods-21.1.248.jar
[15Aug2026 02:26:05.210] [main/DEBUG] [cpw.mods.modlauncher.TransformStore/MODLAUNCHER]: Adding transformer net.neoforged.neoforge.coremods.ReplaceFieldWithGetterAccess@6ebc9573 to Target : cpw.mods.modlauncher.api.TargetType@4f5991f6 {Lnet/minecraft/world/level/biome/Biome;} {} {V}
[15Aug2026 02:26:05.211] [main/DEBUG] [cpw.mods.modlauncher.TransformStore/MODLAUNCHER]: Adding transformer net.neoforged.neoforge.coremods.ReplaceFieldWithGetterAccess@36c2d629 to Target : cpw.mods.modlauncher.api.TargetType@4f5991f6 {Lnet/minecraft/world/level/levelgen/structure/Structure;} {} {V}
[15Aug2026 02:26:05.211] [main/DEBUG] [cpw.mods.modlauncher.TransformStore/MODLAUNCHER]: Adding transformer net.neoforged.neoforge.coremods.ReplaceFieldWithGetterAccess@55fee662 to Target : cpw.mods.modlauncher.api.TargetType@4f5991f6 {Lnet/minecraft/world/level/block/FlowerPotBlock;} {} {V}
[15Aug2026 02:26:05.211] [main/DEBUG] [cpw.mods.modlauncher.TransformStore/MODLAUNCHER]: Adding transformer net.neoforged.neoforge.coremods.MethodRedirector@54089484 to Target : cpw.mods.modlauncher.api.TargetType@4f5991f6 {Lnet/minecraft/world/level/NaturalSpawner;} {} {V}
[15Aug2026 02:26:05.211] [main/DEBUG] [cpw.mods.modlauncher.TransformStore/MODLAUNCHER]: Adding transformer net.neoforged.neoforge.coremods.MethodRedirector@54089484 to Target : cpw.mods.modlauncher.api.TargetType@4f5991f6 {Lnet/minecraft/world/entity/ai/village/VillageSiege;} {} {V}
[15Aug2026 02:26:05.211] [main/DEBUG] [cpw.mods.modlauncher.TransformStore/MODLAUNCHER]: Adding transformer net.neoforged.neoforge.coremods.MethodRedirector@54089484 to Target : cpw.mods.modlauncher.api.TargetType@4f5991f6 {Lnet/minecraft/server/commands/RaidCommand;} {} {V}
[15Aug2026 02:26:05.212] [main/DEBUG] [cpw.mods.modlauncher.TransformStore/MODLAUNCHER]: Adding transformer net.neoforged.neoforge.coremods.MethodRedirector@54089484 to Target : cpw.mods.modlauncher.api.TargetType@4f5991f6 {Lnet/minecraft/world/level/levelgen/PatrolSpawner;} {} {V}
[15Aug2026 02:26:05.212] [main/DEBUG] [cpw.mods.modlauncher.TransformStore/MODLAUNCHER]: Adding transformer net.neoforged.neoforge.coremods.MethodRedirector@54089484 to Target : cpw.mods.modlauncher.api.TargetType@4f5991f6 {Lnet/minecraft/world/level/levelgen/structure/structures/WoodlandMansionPieces$WoodlandMansionPiece;} {} {V}
[15Aug2026 02:26:05.212] [main/DEBUG] [cpw.mods.modlauncher.TransformStore/MODLAUNCHER]: Adding transformer net.neoforged.neoforge.coremods.MethodRedirector@54089484 to Target : cpw.mods.modlauncher.api.TargetType@4f5991f6 {Lnet/minecraft/server/commands/SummonCommand;} {} {V}
[15Aug2026 02:26:05.212] [main/DEBUG] [cpw.mods.modlauncher.TransformStore/MODLAUNCHER]: Adding transformer net.neoforged.neoforge.coremods.MethodRedirector@54089484 to Target : cpw.mods.modlauncher.api.TargetType@4f5991f6 {Lnet/minecraft/world/entity/monster/Evoker$EvokerSummonSpellGoal;} {} {V}
[15Aug2026 02:26:05.212] [main/DEBUG] [cpw.mods.modlauncher.TransformStore/MODLAUNCHER]: Adding transformer net.neoforged.neoforge.coremods.MethodRedirector@54089484 to Target : cpw.mods.modlauncher.api.TargetType@4f5991f6 {Lnet/minecraft/world/entity/monster/Strider;} {} {V}
[15Aug2026 02:26:05.212] [main/DEBUG] [cpw.mods.modlauncher.TransformStore/MODLAUNCHER]: Adding transformer net.neoforged.neoforge.coremods.MethodRedirector@54089484 to Target : cpw.mods.modlauncher.api.TargetType@4f5991f6 {Lnet/minecraft/world/entity/animal/horse/SkeletonTrapGoal;} {} {V}
[15Aug2026 02:26:05.212] [main/DEBUG] [cpw.mods.modlauncher.TransformStore/MODLAUNCHER]: Adding transformer net.neoforged.neoforge.coremods.MethodRedirector@54089484 to Target : cpw.mods.modlauncher.api.TargetType@4f5991f6 {Lnet/minecraft/world/entity/npc/CatSpawner;} {} {V}
[15Aug2026 02:26:05.212] [main/DEBUG] [cpw.mods.modlauncher.TransformStore/MODLAUNCHER]: Adding transformer net.neoforged.neoforge.coremods.MethodRedirector@54089484 to Target : cpw.mods.modlauncher.api.TargetType@4f5991f6 {Lnet/minecraft/world/entity/EntityType;} {} {V}
[15Aug2026 02:26:05.212] [main/DEBUG] [cpw.mods.modlauncher.TransformStore/MODLAUNCHER]: Adding transformer net.neoforged.neoforge.coremods.MethodRedirector@54089484 to Target : cpw.mods.modlauncher.api.TargetType@4f5991f6 {Lnet/minecraft/world/level/levelgen/structure/structures/SwampHutPiece;} {} {V}
[15Aug2026 02:26:05.212] [main/DEBUG] [cpw.mods.modlauncher.TransformStore/MODLAUNCHER]: Adding transformer net.neoforged.neoforge.coremods.MethodRedirector@54089484 to Target : cpw.mods.modlauncher.api.TargetType@4f5991f6 {Lnet/minecraft/world/entity/animal/frog/Tadpole;} {} {V}
[15Aug2026 02:26:05.212] [main/DEBUG] [cpw.mods.modlauncher.TransformStore/MODLAUNCHER]: Adding transformer net.neoforged.neoforge.coremods.MethodRedirector@54089484 to Target : cpw.mods.modlauncher.api.TargetType@4f5991f6 {Lnet/minecraft/world/level/levelgen/structure/templatesystem/StructureTemplate;} {} {V}
[15Aug2026 02:26:05.212] [main/DEBUG] [cpw.mods.modlauncher.TransformStore/MODLAUNCHER]: Adding transformer net.neoforged.neoforge.coremods.MethodRedirector@54089484 to Target : cpw.mods.modlauncher.api.TargetType@4f5991f6 {Lnet/minecraft/world/level/levelgen/structure/structures/OceanMonumentPieces$OceanMonumentPiece;} {} {V}
[15Aug2026 02:26:05.212] [main/DEBUG] [cpw.mods.modlauncher.TransformStore/MODLAUNCHER]: Adding transformer net.neoforged.neoforge.coremods.MethodRedirector@54089484 to Target : cpw.mods.modlauncher.api.TargetType@4f5991f6 {Lnet/minecraft/world/entity/monster/Spider;} {} {V}
[15Aug2026 02:26:05.212] [main/DEBUG] [cpw.mods.modlauncher.TransformStore/MODLAUNCHER]: Adding transformer net.neoforged.neoforge.coremods.MethodRedirector@54089484 to Target : cpw.mods.modlauncher.api.TargetType@4f5991f6 {Lnet/minecraft/world/entity/raid/Raid;} {} {V}
[15Aug2026 02:26:05.212] [main/DEBUG] [cpw.mods.modlauncher.TransformStore/MODLAUNCHER]: Adding transformer net.neoforged.neoforge.coremods.MethodRedirector@54089484 to Target : cpw.mods.modlauncher.api.TargetType@4f5991f6 {Lnet/minecraft/world/level/levelgen/structure/structures/OceanRuinPieces$OceanRuinPiece;} {} {V}
[15Aug2026 02:26:05.212] [main/DEBUG] [cpw.mods.modlauncher.TransformStore/MODLAUNCHER]: Adding transformer net.neoforged.neoforge.coremods.MethodRedirector@54089484 to Target : cpw.mods.modlauncher.api.TargetType@4f5991f6 {Lnet/minecraft/world/entity/monster/Zombie;} {} {V}
[15Aug2026 02:26:05.212] [main/DEBUG] [cpw.mods.modlauncher.TransformStore/MODLAUNCHER]: Adding transformer net.neoforged.neoforge.coremods.MethodRedirector@54089484 to Target : cpw.mods.modlauncher.api.TargetType@4f5991f6 {Lnet/minecraft/world/level/levelgen/PhantomSpawner;} {} {V}
[15Aug2026 02:26:05.212] [main/DEBUG] [cpw.mods.modlauncher.TransformStore/MODLAUNCHER]: Adding transformer net.neoforged.neoforge.coremods.MethodRedirector@54089484 to Target : cpw.mods.modlauncher.api.TargetType@4f5991f6 {Lnet/minecraft/world/entity/monster/ZombieVillager;} {} {V}
[15Aug2026 02:26:05.212] [main/DEBUG] [cpw.mods.modlauncher.TransformStore/MODLAUNCHER]: Adding transformer net.neoforged.neoforge.coremods.MethodRedirector@54089484 to Target : cpw.mods.modlauncher.api.TargetType@4f5991f6 {Lnet/minecraft/world/entity/npc/Villager;} {} {V}
[15Aug2026 02:26:05.212] [main/DEBUG] [cpw.mods.modlauncher.TransformationServiceDecorator/MODLAUNCHER]: Initialized transformers for transformation service fml
[15Aug2026 02:26:06.054] [main/DEBUG] [mixin/]: Processing prepare() for PlatformAgent[MixinPlatformAgentDefault:ModLauncher Root Container(ModLauncher:4f56a0a2)]
[15Aug2026 02:26:06.055] [main/DEBUG] [mixin/]: Processing prepare() for PlatformAgent[MixinPlatformAgentDefault:net.neoforged.fml.loading.mixin.FMLMixinContainerHandle@d257579]
[15Aug2026 02:26:06.055] [main/DEBUG] [mixin/]: Processing prepare() for PlatformAgent[FMLMixinPlatformAgent:null]
[15Aug2026 02:26:06.113] [main/DEBUG] [mixin/]: Processing launch tasks for PlatformAgent[MixinPlatformAgentDefault:ModLauncher Root Container(ModLauncher:4f56a0a2)]
[15Aug2026 02:26:06.113] [main/DEBUG] [mixin/]: Adding mixin platform agents for container SecureJarResource(mixin_synthetic)
[15Aug2026 02:26:06.113] [main/DEBUG] [mixin/]: Instancing new MixinPlatformAgentMinecraftForge for SecureJarResource(mixin_synthetic)
[15Aug2026 02:26:06.113] [main/DEBUG] [mixin/]: MixinPlatformAgentMinecraftForge rejected container SecureJarResource(mixin_synthetic)
[15Aug2026 02:26:06.113] [main/DEBUG] [mixin/]: Instancing new MixinPlatformAgentDefault for SecureJarResource(mixin_synthetic)
[15Aug2026 02:26:06.113] [main/DEBUG] [mixin/]: MixinPlatformAgentDefault accepted container SecureJarResource(mixin_synthetic)
[15Aug2026 02:26:06.113] [main/DEBUG] [mixin/]: Instancing new FMLMixinPlatformAgent for SecureJarResource(mixin_synthetic)
[15Aug2026 02:26:06.113] [main/DEBUG] [mixin/]: FMLMixinPlatformAgent rejected container SecureJarResource(mixin_synthetic)
[15Aug2026 02:26:06.113] [main/DEBUG] [mixin/]: Processing prepare() for PlatformAgent[MixinPlatformAgentDefault:SecureJarResource(mixin_synthetic)]
[15Aug2026 02:26:06.113] [main/DEBUG] [mixin/]: Adding mixin platform agents for container SecureJarResource(minecraft)
[15Aug2026 02:26:06.113] [main/DEBUG] [mixin/]: Instancing new MixinPlatformAgentMinecraftForge for SecureJarResource(minecraft)
[15Aug2026 02:26:06.113] [main/DEBUG] [mixin/]: MixinPlatformAgentMinecraftForge rejected container SecureJarResource(minecraft)
[15Aug2026 02:26:06.113] [main/DEBUG] [mixin/]: Instancing new MixinPlatformAgentDefault for SecureJarResource(minecraft)
[15Aug2026 02:26:06.114] [main/DEBUG] [mixin/]: MixinPlatformAgentDefault accepted container SecureJarResource(minecraft)
[15Aug2026 02:26:06.114] [main/DEBUG] [mixin/]: Instancing new FMLMixinPlatformAgent for SecureJarResource(minecraft)
[15Aug2026 02:26:06.114] [main/DEBUG] [mixin/]: FMLMixinPlatformAgent rejected container SecureJarResource(minecraft)
[15Aug2026 02:26:06.114] [main/DEBUG] [mixin/]: Processing prepare() for PlatformAgent[MixinPlatformAgentDefault:SecureJarResource(minecraft)]
[15Aug2026 02:26:06.114] [main/DEBUG] [mixin/]: Adding mixin platform agents for container SecureJarResource(neoforge)
[15Aug2026 02:26:06.114] [main/DEBUG] [mixin/]: Instancing new MixinPlatformAgentMinecraftForge for SecureJarResource(neoforge)
[15Aug2026 02:26:06.114] [main/DEBUG] [mixin/]: MixinPlatformAgentMinecraftForge rejected container SecureJarResource(neoforge)
[15Aug2026 02:26:06.114] [main/DEBUG] [mixin/]: Instancing new MixinPlatformAgentDefault for SecureJarResource(neoforge)
[15Aug2026 02:26:06.114] [main/DEBUG] [mixin/]: MixinPlatformAgentDefault accepted container SecureJarResource(neoforge)
[15Aug2026 02:26:06.114] [main/DEBUG] [mixin/]: Instancing new FMLMixinPlatformAgent for SecureJarResource(neoforge)
[15Aug2026 02:26:06.114] [main/DEBUG] [mixin/]: FMLMixinPlatformAgent rejected container SecureJarResource(neoforge)
[15Aug2026 02:26:06.114] [main/DEBUG] [mixin/]: Processing prepare() for PlatformAgent[MixinPlatformAgentDefault:SecureJarResource(neoforge)]
[15Aug2026 02:26:06.114] [main/DEBUG] [mixin/]: Adding mixin platform agents for container SecureJarResource(mixinsquared.neoforge)
[15Aug2026 02:26:06.114] [main/DEBUG] [mixin/]: Instancing new MixinPlatformAgentMinecraftForge for SecureJarResource(mixinsquared.neoforge)
[15Aug2026 02:26:06.114] [main/DEBUG] [mixin/]: MixinPlatformAgentMinecraftForge rejected container SecureJarResource(mixinsquared.neoforge)
[15Aug2026 02:26:06.114] [main/DEBUG] [mixin/]: Instancing new MixinPlatformAgentDefault for SecureJarResource(mixinsquared.neoforge)
[15Aug2026 02:26:06.114] [main/DEBUG] [mixin/]: MixinPlatformAgentDefault accepted container SecureJarResource(mixinsquared.neoforge)
[15Aug2026 02:26:06.114] [main/DEBUG] [mixin/]: Instancing new FMLMixinPlatformAgent for SecureJarResource(mixinsquared.neoforge)
[15Aug2026 02:26:06.114] [main/DEBUG] [mixin/]: FMLMixinPlatformAgent rejected container SecureJarResource(mixinsquared.neoforge)
[15Aug2026 02:26:06.114] [main/DEBUG] [mixin/]: Processing prepare() for PlatformAgent[MixinPlatformAgentDefault:SecureJarResource(mixinsquared.neoforge)]
[15Aug2026 02:26:06.114] [main/DEBUG] [mixin/]: Registering mixin config: mixinsquared.init.mixins.json source=SecureJarResource(mixinsquared.neoforge)
[15Aug2026 02:26:06.116] [main/DEBUG] [mixin/]: Adding mixin platform agents for container SecureJarResource(thedarkcolour.kfflib)
[15Aug2026 02:26:06.116] [main/DEBUG] [mixin/]: Instancing new MixinPlatformAgentMinecraftForge for SecureJarResource(thedarkcolour.kfflib)
[15Aug2026 02:26:06.116] [main/DEBUG] [mixin/]: MixinPlatformAgentMinecraftForge rejected container SecureJarResource(thedarkcolour.kfflib)
[15Aug2026 02:26:06.116] [main/DEBUG] [mixin/]: Instancing new MixinPlatformAgentDefault for SecureJarResource(thedarkcolour.kfflib)
[15Aug2026 02:26:06.116] [main/DEBUG] [mixin/]: MixinPlatformAgentDefault accepted container SecureJarResource(thedarkcolour.kfflib)
[15Aug2026 02:26:06.116] [main/DEBUG] [mixin/]: Instancing new FMLMixinPlatformAgent for SecureJarResource(thedarkcolour.kfflib)
[15Aug2026 02:26:06.116] [main/DEBUG] [mixin/]: FMLMixinPlatformAgent rejected container SecureJarResource(thedarkcolour.kfflib)
[15Aug2026 02:26:06.116] [main/DEBUG] [mixin/]: Processing prepare() for PlatformAgent[MixinPlatformAgentDefault:SecureJarResource(thedarkcolour.kfflib)]
[15Aug2026 02:26:06.116] [main/DEBUG] [mixin/]: Adding mixin platform agents for container SecureJarResource(mixinextras.neoforge)
[15Aug2026 02:26:06.116] [main/DEBUG] [mixin/]: Instancing new MixinPlatformAgentMinecraftForge for SecureJarResource(mixinextras.neoforge)
[15Aug2026 02:26:06.116] [main/DEBUG] [mixin/]: MixinPlatformAgentMinecraftForge rejected container SecureJarResource(mixinextras.neoforge)
[15Aug2026 02:26:06.116] [main/DEBUG] [mixin/]: Instancing new MixinPlatformAgentDefault for SecureJarResource(mixinextras.neoforge)
[15Aug2026 02:26:06.116] [main/DEBUG] [mixin/]: MixinPlatformAgentDefault accepted container SecureJarResource(mixinextras.neoforge)
[15Aug2026 02:26:06.116] [main/DEBUG] [mixin/]: Instancing new FMLMixinPlatformAgent for SecureJarResource(mixinextras.neoforge)
[15Aug2026 02:26:06.116] [main/DEBUG] [mixin/]: FMLMixinPlatformAgent rejected container SecureJarResource(mixinextras.neoforge)
[15Aug2026 02:26:06.116] [main/DEBUG] [mixin/]: Processing prepare() for PlatformAgent[MixinPlatformAgentDefault:SecureJarResource(mixinextras.neoforge)]
[15Aug2026 02:26:06.116] [main/DEBUG] [mixin/]: Registering mixin config: mixinextras.init.mixins.json source=SecureJarResource(mixinextras.neoforge)
[15Aug2026 02:26:06.117] [main/DEBUG] [mixin/]: Adding mixin platform agents for container SecureJarResource(Registrate.MC1._21._67)
[15Aug2026 02:26:06.117] [main/DEBUG] [mixin/]: Instancing new MixinPlatformAgentMinecraftForge for SecureJarResource(Registrate.MC1._21._67)
[15Aug2026 02:26:06.117] [main/DEBUG] [mixin/]: MixinPlatformAgentMinecraftForge rejected container SecureJarResource(Registrate.MC1._21._67)
[15Aug2026 02:26:06.117] [main/DEBUG] [mixin/]: Instancing new MixinPlatformAgentDefault for SecureJarResource(Registrate.MC1._21._67)
[15Aug2026 02:26:06.117] [main/DEBUG] [mixin/]: MixinPlatformAgentDefault accepted container SecureJarResource(Registrate.MC1._21._67)
[15Aug2026 02:26:06.117] [main/DEBUG] [mixin/]: Instancing new FMLMixinPlatformAgent for SecureJarResource(Registrate.MC1._21._67)
[15Aug2026 02:26:06.118] [main/DEBUG] [mixin/]: FMLMixinPlatformAgent rejected container SecureJarResource(Registrate.MC1._21._67)
[15Aug2026 02:26:06.118] [main/DEBUG] [mixin/]: Processing prepare() for PlatformAgent[MixinPlatformAgentDefault:SecureJarResource(Registrate.MC1._21._67)]
[15Aug2026 02:26:06.118] [main/DEBUG] [mixin/]: inject() running with 9 agents
[15Aug2026 02:26:06.118] [main/DEBUG] [mixin/]: Processing inject() for PlatformAgent[MixinPlatformAgentDefault:ModLauncher Root Container(ModLauncher:4f56a0a2)]
[15Aug2026 02:26:06.118] [main/DEBUG] [mixin/]: Processing inject() for PlatformAgent[MixinPlatformAgentDefault:net.neoforged.fml.loading.mixin.FMLMixinContainerHandle@d257579]
[15Aug2026 02:26:06.118] [main/DEBUG] [mixin/]: Processing inject() for PlatformAgent[FMLMixinPlatformAgent:null]
[15Aug2026 02:26:06.118] [main/DEBUG] [mixin/]: Processing inject() for PlatformAgent[MixinPlatformAgentDefault:SecureJarResource(mixin_synthetic)]
[15Aug2026 02:26:06.118] [main/DEBUG] [mixin/]: Processing inject() for PlatformAgent[MixinPlatformAgentDefault:SecureJarResource(minecraft)]
[15Aug2026 02:26:06.118] [main/DEBUG] [mixin/]: Processing inject() for PlatformAgent[MixinPlatformAgentDefault:SecureJarResource(neoforge)]
[15Aug2026 02:26:06.118] [main/DEBUG] [mixin/]: Processing inject() for PlatformAgent[MixinPlatformAgentDefault:SecureJarResource(mixinsquared.neoforge)]
[15Aug2026 02:26:06.118] [main/DEBUG] [mixin/]: Processing inject() for PlatformAgent[MixinPlatformAgentDefault:SecureJarResource(thedarkcolour.kfflib)]
[15Aug2026 02:26:06.118] [main/DEBUG] [mixin/]: Processing inject() for PlatformAgent[MixinPlatformAgentDefault:SecureJarResource(mixinextras.neoforge)]
[15Aug2026 02:26:06.118] [main/DEBUG] [mixin/]: Processing inject() for PlatformAgent[MixinPlatformAgentDefault:SecureJarResource(Registrate.MC1._21._67)]
[15Aug2026 02:26:06.118] [main/INFO] [net.fabricmc.loader.impl.bootstrap.FabricLoaderBootstrap/]: Propagating FML mod list to Fabric Loader
[15Aug2026 02:26:06.135] [main/INFO] [cpw.mods.modlauncher.LaunchServiceHandler/MODLAUNCHER]: Launching target 'forgeserver' with arguments [nogui]
[15Aug2026 02:26:06.183] [main/DEBUG] [mixin/]: Preparing mixins for MixinEnvironment[DEFAULT]
[15Aug2026 02:26:06.184] [main/DEBUG] [mixin/]: Selecting config neoforge.mixins.json
[15Aug2026 02:26:06.189] [main/DEBUG] [mixin/]: Selecting config mixinsquared.init.mixins.json
[15Aug2026 02:26:06.247] [main/DEBUG] [mixin/]: Registering new target selector for @mixinsquared:handler with com.bawnorton.mixinsquared.selector.DynamicSelectorHandler
[15Aug2026 02:26:06.257] [main/DEBUG] [mixin/]: Selecting config mixinextras.init.mixins.json
[15Aug2026 02:26:06.321] [main/DEBUG] [MixinExtras|Service/]: com.llamalad7.mixinextras.service.MixinExtrasServiceImpl(version=0.5.3) is taking over from null
[15Aug2026 02:26:06.348] [main/DEBUG] [mixin/]: Registering new injector for @Inject with org.spongepowered.asm.mixin.injection.struct.CallbackInjectionInfo
[15Aug2026 02:26:06.350] [main/DEBUG] [mixin/]: Registering new injector for @ModifyArg with org.spongepowered.asm.mixin.injection.struct.ModifyArgInjectionInfo
[15Aug2026 02:26:06.351] [main/DEBUG] [mixin/]: Registering new injector for @ModifyArgs with org.spongepowered.asm.mixin.injection.struct.ModifyArgsInjectionInfo
[15Aug2026 02:26:06.352] [main/DEBUG] [mixin/]: Registering new injector for @Redirect with org.spongepowered.asm.mixin.injection.struct.RedirectInjectionInfo
[15Aug2026 02:26:06.353] [main/DEBUG] [mixin/]: Registering new injector for @ModifyVariable with org.spongepowered.asm.mixin.injection.struct.ModifyVariableInjectionInfo
[15Aug2026 02:26:06.354] [main/DEBUG] [mixin/]: Registering new injector for @ModifyConstant with org.spongepowered.asm.mixin.injection.struct.ModifyConstantInjectionInfo
[15Aug2026 02:26:06.364] [main/DEBUG] [mixin/]: Preparing neoforge.mixins.json (2)
[15Aug2026 02:26:06.383] [main/DEBUG] [net.neoforged.accesstransformer.AccessTransformer/AXFORM]: Transforming net.minecraft.world.level.block.entity.BlockEntityType INNERCLASS BlockEntitySupplier to access PUBLIC and LEAVE
[15Aug2026 02:26:06.410] [main/TRACE] [mixin/]: Added class metadata for net/minecraft/world/level/block/entity/BlockEntityType to metadata cache
[15Aug2026 02:26:06.422] [main/TRACE] [mixin/]: Added class metadata for net/minecraft/core/MappedRegistry to metadata cache
[15Aug2026 02:26:06.422] [main/DEBUG] [mixin/]: Preparing mixinsquared.init.mixins.json (0)
[15Aug2026 02:26:06.422] [main/DEBUG] [mixin/]: Preparing mixinextras.init.mixins.json (0)
[15Aug2026 02:26:06.687] [main/DEBUG] [io.netty.util.internal.logging.InternalLoggerFactory/]: Using SLF4J as the default logging framework
[15Aug2026 02:26:06.690] [main/DEBUG] [io.netty.util.ResourceLeakDetector/]: -Dio.netty.leakDetection.level: simple
[15Aug2026 02:26:06.690] [main/DEBUG] [io.netty.util.ResourceLeakDetector/]: -Dio.netty.leakDetection.targetRecords: 4
[15Aug2026 02:26:07.171] [main/DEBUG] [oshi.util.FileUtil/]: No oshi.properties file found from ClassLoader cpw.mods.modlauncher.TransformingClassLoader@5584d9c6
[15Aug2026 02:26:07.171] [main/DEBUG] [oshi.util.FileUtil/]: No oshi.properties file found from ClassLoader jdk.internal.loader.ClassLoaders$AppClassLoader@639fee48
[15Aug2026 02:26:07.257] [main/DEBUG] [oshi.util.FileUtil/]: Reading file /proc/self/auxv
[15Aug2026 02:26:07.258] [main/DEBUG] [oshi.util.FileUtil/]: Reading file /proc/self/auxv
[15Aug2026 02:26:07.267] [main/DEBUG] [oshi.util.FileUtil/]: Reading file /proc/stat
[15Aug2026 02:26:07.275] [main/DEBUG] [oshi.util.FileUtil/]: Reading file /sys/devices/system/cpu/cpu0/topology/core_id
[15Aug2026 02:26:07.275] [main/DEBUG] [oshi.util.FileUtil/]: Reading file /sys/devices/system/cpu/cpu0/topology/core_id
[15Aug2026 02:26:07.276] [main/DEBUG] [oshi.util.FileUtil/]: Reading file /sys/devices/system/cpu/cpu0/topology/physical_package_id
[15Aug2026 02:26:07.276] [main/DEBUG] [oshi.util.FileUtil/]: Reading file /sys/devices/system/cpu/cpu0/topology/physical_package_id
[15Aug2026 02:26:07.276] [main/DEBUG] [oshi.util.FileUtil/]: Reading file /sys/devices/system/cpu/cpu0/cpu_capacity
[15Aug2026 02:26:07.277] [main/DEBUG] [oshi.util.FileUtil/]: Reading file /sys/devices/system/cpu/cpu0/cache/index2/level
[15Aug2026 02:26:07.278] [main/DEBUG] [oshi.util.FileUtil/]: Reading file /sys/devices/system/cpu/cpu0/cache/index2/level
[15Aug2026 02:26:07.278] [main/DEBUG] [oshi.util.FileUtil/]: Reading file /sys/devices/system/cpu/cpu0/cache/index2/type
[15Aug2026 02:26:07.278] [main/DEBUG] [oshi.util.FileUtil/]: Reading file /sys/devices/system/cpu/cpu0/cache/index2/type
[15Aug2026 02:26:07.278] [main/DEBUG] [oshi.util.FileUtil/]: Reading file /sys/devices/system/cpu/cpu0/cache/index2/ways_of_associativity
[15Aug2026 02:26:07.278] [main/DEBUG] [oshi.util.FileUtil/]: Reading file /sys/devices/system/cpu/cpu0/cache/index2/ways_of_associativity
[15Aug2026 02:26:07.279] [main/DEBUG] [oshi.util.FileUtil/]: Reading file /sys/devices/system/cpu/cpu0/cache/index2/coherency_line_size
[15Aug2026 02:26:07.279] [main/DEBUG] [oshi.util.FileUtil/]: Reading file /sys/devices/system/cpu/cpu0/cache/index2/coherency_line_size
[15Aug2026 02:26:07.279] [main/DEBUG] [oshi.util.FileUtil/]: Reading file /sys/devices/system/cpu/cpu0/cache/index2/size
[15Aug2026 02:26:07.279] [main/DEBUG] [oshi.util.FileUtil/]: Reading file /sys/devices/system/cpu/cpu0/cache/index2/size
[15Aug2026 02:26:07.279] [main/DEBUG] [oshi.util.FileUtil/]: Reading file /sys/devices/system/cpu/cpu0/cache/index0/level
[15Aug2026 02:26:07.279] [main/DEBUG] [oshi.util.FileUtil/]: Reading file /sys/devices/system/cpu/cpu0/cache/index0/level
[15Aug2026 02:26:07.279] [main/DEBUG] [oshi.util.FileUtil/]: Reading file /sys/devices/system/cpu/cpu0/cache/index0/type
[15Aug2026 02:26:07.280] [main/DEBUG] [oshi.util.FileUtil/]: Reading file /sys/devices/system/cpu/cpu0/cache/index0/type
[15Aug2026 02:26:07.280] [main/DEBUG] [oshi.util.FileUtil/]: Reading file /sys/devices/system/cpu/cpu0/cache/index0/ways_of_associativity
[15Aug2026 02:26:07.280] [main/DEBUG] [oshi.util.FileUtil/]: Reading file /sys/devices/system/cpu/cpu0/cache/index0/ways_of_associativity
[15Aug2026 02:26:07.280] [main/DEBUG] [oshi.util.FileUtil/]: Reading file /sys/devices/system/cpu/cpu0/cache/index0/coherency_line_size
[15Aug2026 02:26:07.280] [main/DEBUG] [oshi.util.FileUtil/]: Reading file /sys/devices/system/cpu/cpu0/cache/index0/coherency_line_size
[15Aug2026 02:26:07.280] [main/DEBUG] [oshi.util.FileUtil/]: Reading file /sys/devices/system/cpu/cpu0/cache/index0/size
[15Aug2026 02:26:07.280] [main/DEBUG] [oshi.util.FileUtil/]: Reading file /sys/devices/system/cpu/cpu0/cache/index0/size
[15Aug2026 02:26:07.280] [main/DEBUG] [oshi.util.FileUtil/]: Reading file /sys/devices/system/cpu/cpu0/cache/index3/level
[15Aug2026 02:26:07.280] [main/DEBUG] [oshi.util.FileUtil/]: Reading file /sys/devices/system/cpu/cpu0/cache/index3/level
[15Aug2026 02:26:07.280] [main/DEBUG] [oshi.util.FileUtil/]: Reading file /sys/devices/system/cpu/cpu0/cache/index3/type
[15Aug2026 02:26:07.280] [main/DEBUG] [oshi.util.FileUtil/]: Reading file /sys/devices/system/cpu/cpu0/cache/index3/type
[15Aug2026 02:26:07.280] [main/DEBUG] [oshi.util.FileUtil/]: Reading file /sys/devices/system/cpu/cpu0/cache/index3/ways_of_associativity
[15Aug2026 02:26:07.280] [main/DEBUG] [oshi.util.FileUtil/]: Reading file /sys/devices/system/cpu/cpu0/cache/index3/ways_of_associativity
[15Aug2026 02:26:07.280] [main/DEBUG] [oshi.util.FileUtil/]: Reading file /sys/devices/system/cpu/cpu0/cache/index3/coherency_line_size
[15Aug2026 02:26:07.280] [main/DEBUG] [oshi.util.FileUtil/]: Reading file /sys/devices/system/cpu/cpu0/cache/index3/coherency_line_size
[15Aug2026 02:26:07.281] [main/DEBUG] [oshi.util.FileUtil/]: Reading file /sys/devices/system/cpu/cpu0/cache/index3/size
[15Aug2026 02:26:07.281] [main/DEBUG] [oshi.util.FileUtil/]: Reading file /sys/devices/system/cpu/cpu0/cache/index3/size
[15Aug2026 02:26:07.281] [main/DEBUG] [oshi.util.FileUtil/]: Reading file /sys/devices/system/cpu/cpu0/cache/index1/level
[15Aug2026 02:26:07.281] [main/DEBUG] [oshi.util.FileUtil/]: Reading file /sys/devices/system/cpu/cpu0/cache/index1/level
[15Aug2026 02:26:07.281] [main/DEBUG] [oshi.util.FileUtil/]: Reading file /sys/devices/system/cpu/cpu0/cache/index1/type
[15Aug2026 02:26:07.281] [main/DEBUG] [oshi.util.FileUtil/]: Reading file /sys/devices/system/cpu/cpu0/cache/index1/type
[15Aug2026 02:26:07.281] [main/DEBUG] [oshi.util.FileUtil/]: Reading file /sys/devices/system/cpu/cpu0/cache/index1/ways_of_associativity
[15Aug2026 02:26:07.281] [main/DEBUG] [oshi.util.FileUtil/]: Reading file /sys/devices/system/cpu/cpu0/cache/index1/ways_of_associativity
[15Aug2026 02:26:07.281] [main/DEBUG] [oshi.util.FileUtil/]: Reading file /sys/devices/system/cpu/cpu0/cache/index1/coherency_line_size
[15Aug2026 02:26:07.281] [main/DEBUG] [oshi.util.FileUtil/]: Reading file /sys/devices/system/cpu/cpu0/cache/index1/coherency_line_size
[15Aug2026 02:26:07.281] [main/DEBUG] [oshi.util.FileUtil/]: Reading file /sys/devices/system/cpu/cpu0/cache/index1/size
[15Aug2026 02:26:07.281] [main/DEBUG] [oshi.util.FileUtil/]: Reading file /sys/devices/system/cpu/cpu0/cache/index1/size
[15Aug2026 02:26:07.283] [main/DEBUG] [oshi.util.FileUtil/]: Reading file /sys/devices/system/cpu/cpu1/topology/core_id
[15Aug2026 02:26:07.283] [main/DEBUG] [oshi.util.FileUtil/]: Reading file /sys/devices/system/cpu/cpu1/topology/core_id
[15Aug2026 02:26:07.283] [main/DEBUG] [oshi.util.FileUtil/]: Reading file /sys/devices/system/cpu/cpu1/topology/physical_package_id
[15Aug2026 02:26:07.283] [main/DEBUG] [oshi.util.FileUtil/]: Reading file /sys/devices/system/cpu/cpu1/topology/physical_package_id
[15Aug2026 02:26:07.284] [main/DEBUG] [oshi.util.FileUtil/]: Reading file /sys/devices/system/cpu/cpu1/cpu_capacity
[15Aug2026 02:26:07.285] [main/DEBUG] [oshi.util.FileUtil/]: Reading file /sys/devices/system/cpu/cpu1/cache/index2/level
[15Aug2026 02:26:07.285] [main/DEBUG] [oshi.util.FileUtil/]: Reading file /sys/devices/system/cpu/cpu1/cache/index2/level
[15Aug2026 02:26:07.285] [main/DEBUG] [oshi.util.FileUtil/]: Reading file /sys/devices/system/cpu/cpu1/cache/index2/type
[15Aug2026 02:26:07.285] [main/DEBUG] [oshi.util.FileUtil/]: Reading file /sys/devices/system/cpu/cpu1/cache/index2/type
[15Aug2026 02:26:07.285] [main/DEBUG] [oshi.util.FileUtil/]: Reading file /sys/devices/system/cpu/cpu1/cache/index2/ways_of_associativity
[15Aug2026 02:26:07.285] [main/DEBUG] [oshi.util.FileUtil/]: Reading file /sys/devices/system/cpu/cpu1/cache/index2/ways_of_associativity
[15Aug2026 02:26:07.285] [main/DEBUG] [oshi.util.FileUtil/]: Reading file /sys/devices/system/cpu/cpu1/cache/index2/coherency_line_size
[15Aug2026 02:26:07.285] [main/DEBUG] [oshi.util.FileUtil/]: Reading file /sys/devices/system/cpu/cpu1/cache/index2/coherency_line_size
[15Aug2026 02:26:07.285] [main/DEBUG] [oshi.util.FileUtil/]: Reading file /sys/devices/system/cpu/cpu1/cache/index2/size
[15Aug2026 02:26:07.285] [main/DEBUG] [oshi.util.FileUtil/]: Reading file /sys/devices/system/cpu/cpu1/cache/index2/size
[15Aug2026 02:26:07.286] [main/DEBUG] [oshi.util.FileUtil/]: Reading file /sys/devices/system/cpu/cpu1/cache/index0/level
[15Aug2026 02:26:07.286] [main/DEBUG] [oshi.util.FileUtil/]: Reading file /sys/devices/system/cpu/cpu1/cache/index0/level
[15Aug2026 02:26:07.286] [main/DEBUG] [oshi.util.FileUtil/]: Reading file /sys/devices/system/cpu/cpu1/cache/index0/type
[15Aug2026 02:26:07.286] [main/DEBUG] [oshi.util.FileUtil/]: Reading file /sys/devices/system/cpu/cpu1/cache/index0/type
[15Aug2026 02:26:07.286] [main/DEBUG] [oshi.util.FileUtil/]: Reading file /sys/devices/system/cpu/cpu1/cache/index0/ways_of_associativity
[15Aug2026 02:26:07.286] [main/DEBUG] [oshi.util.FileUtil/]: Reading file /sys/devices/system/cpu/cpu1/cache/index0/ways_of_associativity
[15Aug2026 02:26:07.286] [main/DEBUG] [oshi.util.FileUtil/]: Reading file /sys/devices/system/cpu/cpu1/cache/index0/coherency_line_size
[15Aug2026 02:26:07.286] [main/DEBUG] [oshi.util.FileUtil/]: Reading file /sys/devices/system/cpu/cpu1/cache/index0/coherency_line_size
[15Aug2026 02:26:07.286] [main/DEBUG] [oshi.util.FileUtil/]: Reading file /sys/devices/system/cpu/cpu1/cache/index0/size
[15Aug2026 02:26:07.286] [main/DEBUG] [oshi.util.FileUtil/]: Reading file /sys/devices/system/cpu/cpu1/cache/index0/size
[15Aug2026 02:26:07.286] [main/DEBUG] [oshi.util.FileUtil/]: Reading file /sys/devices/system/cpu/cpu1/cache/index3/level
[15Aug2026 02:26:07.287] [main/DEBUG] [oshi.util.FileUtil/]: Reading file /sys/devices/system/cpu/cpu1/cache/index3/level
[15Aug2026 02:26:07.287] [main/DEBUG] [oshi.util.FileUtil/]: Reading file /sys/devices/system/cpu/cpu1/cache/index3/type
[15Aug2026 02:26:07.287] [main/DEBUG] [oshi.util.FileUtil/]: Reading file /sys/devices/system/cpu/cpu1/cache/index3/type
[15Aug2026 02:26:07.287] [main/DEBUG] [oshi.util.FileUtil/]: Reading file /sys/devices/system/cpu/cpu1/cache/index3/ways_of_associativity
[15Aug2026 02:26:07.287] [main/DEBUG] [oshi.util.FileUtil/]: Reading file /sys/devices/system/cpu/cpu1/cache/index3/ways_of_associativity
[15Aug2026 02:26:07.287] [main/DEBUG] [oshi.util.FileUtil/]: Reading file /sys/devices/system/cpu/cpu1/cache/index3/coherency_line_size
[15Aug2026 02:26:07.287] [main/DEBUG] [oshi.util.FileUtil/]: Reading file /sys/devices/system/cpu/cpu1/cache/index3/coherency_line_size
[15Aug2026 02:26:07.287] [main/DEBUG] [oshi.util.FileUtil/]: Reading file /sys/devices/system/cpu/cpu1/cache/index3/size
[15Aug2026 02:26:07.287] [main/DEBUG] [oshi.util.FileUtil/]: Reading file /sys/devices/system/cpu/cpu1/cache/index3/size
[15Aug2026 02:26:07.287] [main/DEBUG] [oshi.util.FileUtil/]: Reading file /sys/devices/system/cpu/cpu1/cache/index1/level
[15Aug2026 02:26:07.287] [main/DEBUG] [oshi.util.FileUtil/]: Reading file /sys/devices/system/cpu/cpu1/cache/index1/level
[15Aug2026 02:26:07.287] [main/DEBUG] [oshi.util.FileUtil/]: Reading file /sys/devices/system/cpu/cpu1/cache/index1/type
[15Aug2026 02:26:07.288] [main/DEBUG] [oshi.util.FileUtil/]: Reading file /sys/devices/system/cpu/cpu1/cache/index1/type
[15Aug2026 02:26:07.288] [main/DEBUG] [oshi.util.FileUtil/]: Reading file /sys/devices/system/cpu/cpu1/cache/index1/ways_of_associativity
[15Aug2026 02:26:07.288] [main/DEBUG] [oshi.util.FileUtil/]: Reading file /sys/devices/system/cpu/cpu1/cache/index1/ways_of_associativity
[15Aug2026 02:26:07.288] [main/DEBUG] [oshi.util.FileUtil/]: Reading file /sys/devices/system/cpu/cpu1/cache/index1/coherency_line_size
[15Aug2026 02:26:07.288] [main/DEBUG] [oshi.util.FileUtil/]: Reading file /sys/devices/system/cpu/cpu1/cache/index1/coherency_line_size
[15Aug2026 02:26:07.288] [main/DEBUG] [oshi.util.FileUtil/]: Reading file /sys/devices/system/cpu/cpu1/cache/index1/size
[15Aug2026 02:26:07.288] [main/DEBUG] [oshi.util.FileUtil/]: Reading file /sys/devices/system/cpu/cpu1/cache/index1/size
[15Aug2026 02:26:07.288] [main/DEBUG] [oshi.util.FileUtil/]: Reading file /sys/devices/system/cpu/cpu2/topology/core_id
[15Aug2026 02:26:07.288] [main/DEBUG] [oshi.util.FileUtil/]: Reading file /sys/devices/system/cpu/cpu2/topology/core_id
[15Aug2026 02:26:07.288] [main/DEBUG] [oshi.util.FileUtil/]: Reading file /sys/devices/system/cpu/cpu2/topology/physical_package_id
[15Aug2026 02:26:07.288] [main/DEBUG] [oshi.util.FileUtil/]: Reading file /sys/devices/system/cpu/cpu2/topology/physical_package_id
[15Aug2026 02:26:07.289] [main/DEBUG] [oshi.util.FileUtil/]: Reading file /sys/devices/system/cpu/cpu2/cpu_capacity
[15Aug2026 02:26:07.289] [main/DEBUG] [oshi.util.FileUtil/]: Reading file /sys/devices/system/cpu/cpu2/cache/index2/level
[15Aug2026 02:26:07.290] [main/DEBUG] [oshi.util.FileUtil/]: Reading file /sys/devices/system/cpu/cpu2/cache/index2/level
[15Aug2026 02:26:07.290] [main/DEBUG] [oshi.util.FileUtil/]: Reading file /sys/devices/system/cpu/cpu2/cache/index2/type
[15Aug2026 02:26:07.290] [main/DEBUG] [oshi.util.FileUtil/]: Reading file /sys/devices/system/cpu/cpu2/cache/index2/type
[15Aug2026 02:26:07.290] [main/DEBUG] [oshi.util.FileUtil/]: Reading file /sys/devices/system/cpu/cpu2/cache/index2/ways_of_associativity
[15Aug2026 02:26:07.290] [main/DEBUG] [oshi.util.FileUtil/]: Reading file /sys/devices/system/cpu/cpu2/cache/index2/ways_of_associativity
[15Aug2026 02:26:07.290] [main/DEBUG] [oshi.util.FileUtil/]: Reading file /sys/devices/system/cpu/cpu2/cache/index2/coherency_line_size
[15Aug2026 02:26:07.290] [main/DEBUG] [oshi.util.FileUtil/]: Reading file /sys/devices/system/cpu/cpu2/cache/index2/coherency_line_size
[15Aug2026 02:26:07.290] [main/DEBUG] [oshi.util.FileUtil/]: Reading file /sys/devices/system/cpu/cpu2/cache/index2/size
[15Aug2026 02:26:07.290] [main/DEBUG] [oshi.util.FileUtil/]: Reading file /sys/devices/system/cpu/cpu2/cache/index2/size
[15Aug2026 02:26:07.291] [main/DEBUG] [oshi.util.FileUtil/]: Reading file /sys/devices/system/cpu/cpu2/cache/index0/level
[15Aug2026 02:26:07.291] [main/DEBUG] [oshi.util.FileUtil/]: Reading file /sys/devices/system/cpu/cpu2/cache/index0/level
[15Aug2026 02:26:07.291] [main/DEBUG] [oshi.util.FileUtil/]: Reading file /sys/devices/system/cpu/cpu2/cache/index0/type
[15Aug2026 02:26:07.291] [main/DEBUG] [oshi.util.FileUtil/]: Reading file /sys/devices/system/cpu/cpu2/cache/index0/type
[15Aug2026 02:26:07.291] [main/DEBUG] [oshi.util.FileUtil/]: Reading file /sys/devices/system/cpu/cpu2/cache/index0/ways_of_associativity
[15Aug2026 02:26:07.291] [main/DEBUG] [oshi.util.FileUtil/]: Reading file /sys/devices/system/cpu/cpu2/cache/index0/ways_of_associativity
[15Aug2026 02:26:07.291] [main/DEBUG] [oshi.util.FileUtil/]: Reading file /sys/devices/system/cpu/cpu2/cache/index0/coherency_line_size
[15Aug2026 02:26:07.291] [main/DEBUG] [oshi.util.FileUtil/]: Reading file /sys/devices/system/cpu/cpu2/cache/index0/coherency_line_size
[15Aug2026 02:26:07.291] [main/DEBUG] [oshi.util.FileUtil/]: Reading file /sys/devices/system/cpu/cpu2/cache/index0/size
[15Aug2026 02:26:07.291] [main/DEBUG] [oshi.util.FileUtil/]: Reading file /sys/devices/system/cpu/cpu2/cache/index0/size
[15Aug2026 02:26:07.291] [main/DEBUG] [oshi.util.FileUtil/]: Reading file /sys/devices/system/cpu/cpu2/cache/index3/level
[15Aug2026 02:26:07.291] [main/DEBUG] [oshi.util.FileUtil/]: Reading file /sys/devices/system/cpu/cpu2/cache/index3/level
[15Aug2026 02:26:07.292] [main/DEBUG] [oshi.util.FileUtil/]: Reading file /sys/devices/system/cpu/cpu2/cache/index3/type
[15Aug2026 02:26:07.292] [main/DEBUG] [oshi.util.FileUtil/]: Reading file /sys/devices/system/cpu/cpu2/cache/index3/type
[15Aug2026 02:26:07.292] [main/DEBUG] [oshi.util.FileUtil/]: Reading file /sys/devices/system/cpu/cpu2/cache/index3/ways_of_associativity
[15Aug2026 02:26:07.292] [main/DEBUG] [oshi.util.FileUtil/]: Reading file /sys/devices/system/cpu/cpu2/cache/index3/ways_of_associativity
[15Aug2026 02:26:07.293] [main/DEBUG] [oshi.util.FileUtil/]: Reading file /sys/devices/system/cpu/cpu2/cache/index3/coherency_line_size
[15Aug2026 02:26:07.293] [main/DEBUG] [oshi.util.FileUtil/]: Reading file /sys/devices/system/cpu/cpu2/cache/index3/coherency_line_size
[15Aug2026 02:26:07.293] [main/DEBUG] [oshi.util.FileUtil/]: Reading file /sys/devices/system/cpu/cpu2/cache/index3/size
[15Aug2026 02:26:07.293] [main/DEBUG] [oshi.util.FileUtil/]: Reading file /sys/devices/system/cpu/cpu2/cache/index3/size
[15Aug2026 02:26:07.293] [main/DEBUG] [oshi.util.FileUtil/]: Reading file /sys/devices/system/cpu/cpu2/cache/index1/level
[15Aug2026 02:26:07.293] [main/DEBUG] [oshi.util.FileUtil/]: Reading file /sys/devices/system/cpu/cpu2/cache/index1/level
[15Aug2026 02:26:07.293] [main/DEBUG] [oshi.util.FileUtil/]: Reading file /sys/devices/system/cpu/cpu2/cache/index1/type
[15Aug2026 02:26:07.293] [main/DEBUG] [oshi.util.FileUtil/]: Reading file /sys/devices/system/cpu/cpu2/cache/index1/type
[15Aug2026 02:26:07.294] [main/DEBUG] [oshi.util.FileUtil/]: Reading file /sys/devices/system/cpu/cpu2/cache/index1/ways_of_associativity
[15Aug2026 02:26:07.294] [main/DEBUG] [oshi.util.FileUtil/]: Reading file /sys/devices/system/cpu/cpu2/cache/index1/ways_of_associativity
[15Aug2026 02:26:07.294] [main/DEBUG] [oshi.util.FileUtil/]: Reading file /sys/devices/system/cpu/cpu2/cache/index1/coherency_line_size
[15Aug2026 02:26:07.294] [main/DEBUG] [oshi.util.FileUtil/]: Reading file /sys/devices/system/cpu/cpu2/cache/index1/coherency_line_size
[15Aug2026 02:26:07.294] [main/DEBUG] [oshi.util.FileUtil/]: Reading file /sys/devices/system/cpu/cpu2/cache/index1/size
[15Aug2026 02:26:07.294] [main/DEBUG] [oshi.util.FileUtil/]: Reading file /sys/devices/system/cpu/cpu2/cache/index1/size
[15Aug2026 02:26:07.295] [main/DEBUG] [oshi.util.FileUtil/]: Reading file /sys/devices/system/cpu/cpu3/topology/core_id
[15Aug2026 02:26:07.295] [main/DEBUG] [oshi.util.FileUtil/]: Reading file /sys/devices/system/cpu/cpu3/topology/core_id
[15Aug2026 02:26:07.295] [main/DEBUG] [oshi.util.FileUtil/]: Reading file /sys/devices/system/cpu/cpu3/topology/physical_package_id
[15Aug2026 02:26:07.295] [main/DEBUG] [oshi.util.FileUtil/]: Reading file /sys/devices/system/cpu/cpu3/topology/physical_package_id
[15Aug2026 02:26:07.295] [main/DEBUG] [oshi.util.FileUtil/]: Reading file /sys/devices/system/cpu/cpu3/cpu_capacity
[15Aug2026 02:26:07.296] [main/DEBUG] [oshi.util.FileUtil/]: Reading file /sys/devices/system/cpu/cpu3/cache/index2/level
[15Aug2026 02:26:07.296] [main/DEBUG] [oshi.util.FileUtil/]: Reading file /sys/devices/system/cpu/cpu3/cache/index2/level
[15Aug2026 02:26:07.296] [main/DEBUG] [oshi.util.FileUtil/]: Reading file /sys/devices/system/cpu/cpu3/cache/index2/type
[15Aug2026 02:26:07.296] [main/DEBUG] [oshi.util.FileUtil/]: Reading file /sys/devices/system/cpu/cpu3/cache/index2/type
[15Aug2026 02:26:07.297] [main/DEBUG] [oshi.util.FileUtil/]: Reading file /sys/devices/system/cpu/cpu3/cache/index2/ways_of_associativity
[15Aug2026 02:26:07.297] [main/DEBUG] [oshi.util.FileUtil/]: Reading file /sys/devices/system/cpu/cpu3/cache/index2/ways_of_associativity
[15Aug2026 02:26:07.297] [main/DEBUG] [oshi.util.FileUtil/]: Reading file /sys/devices/system/cpu/cpu3/cache/index2/coherency_line_size
[15Aug2026 02:26:07.297] [main/DEBUG] [oshi.util.FileUtil/]: Reading file /sys/devices/system/cpu/cpu3/cache/index2/coherency_line_size
[15Aug2026 02:26:07.297] [main/DEBUG] [oshi.util.FileUtil/]: Reading file /sys/devices/system/cpu/cpu3/cache/index2/size
[15Aug2026 02:26:07.297] [main/DEBUG] [oshi.util.FileUtil/]: Reading file /sys/devices/system/cpu/cpu3/cache/index2/size
[15Aug2026 02:26:07.297] [main/DEBUG] [oshi.util.FileUtil/]: Reading file /sys/devices/system/cpu/cpu3/cache/index0/level
[15Aug2026 02:26:07.297] [main/DEBUG] [oshi.util.FileUtil/]: Reading file /sys/devices/system/cpu/cpu3/cache/index0/level
[15Aug2026 02:26:07.297] [main/DEBUG] [oshi.util.FileUtil/]: Reading file /sys/devices/system/cpu/cpu3/cache/index0/type
[15Aug2026 02:26:07.297] [main/DEBUG] [oshi.util.FileUtil/]: Reading file /sys/devices/system/cpu/cpu3/cache/index0/type
[15Aug2026 02:26:07.297] [main/DEBUG] [oshi.util.FileUtil/]: Reading file /sys/devices/system/cpu/cpu3/cache/index0/ways_of_associativity
[15Aug2026 02:26:07.297] [main/DEBUG] [oshi.util.FileUtil/]: Reading file /sys/devices/system/cpu/cpu3/cache/index0/ways_of_associativity
[15Aug2026 02:26:07.297] [main/DEBUG] [oshi.util.FileUtil/]: Reading file /sys/devices/system/cpu/cpu3/cache/index0/coherency_line_size
[15Aug2026 02:26:07.297] [main/DEBUG] [oshi.util.FileUtil/]: Reading file /sys/devices/system/cpu/cpu3/cache/index0/coherency_line_size
[15Aug2026 02:26:07.297] [main/DEBUG] [oshi.util.FileUtil/]: Reading file /sys/devices/system/cpu/cpu3/cache/index0/size
[15Aug2026 02:26:07.297] [main/DEBUG] [oshi.util.FileUtil/]: Reading file /sys/devices/system/cpu/cpu3/cache/index0/size
[15Aug2026 02:26:07.298] [main/DEBUG] [oshi.util.FileUtil/]: Reading file /sys/devices/system/cpu/cpu3/cache/index3/level
[15Aug2026 02:26:07.298] [main/DEBUG] [oshi.util.FileUtil/]: Reading file /sys/devices/system/cpu/cpu3/cache/index3/level
[15Aug2026 02:26:07.298] [main/DEBUG] [oshi.util.FileUtil/]: Reading file /sys/devices/system/cpu/cpu3/cache/index3/type
[15Aug2026 02:26:07.298] [main/DEBUG] [oshi.util.FileUtil/]: Reading file /sys/devices/system/cpu/cpu3/cache/index3/type
[15Aug2026 02:26:07.298] [main/DEBUG] [oshi.util.FileUtil/]: Reading file /sys/devices/system/cpu/cpu3/cache/index3/ways_of_associativity
[15Aug2026 02:26:07.298] [main/DEBUG] [oshi.util.FileUtil/]: Reading file /sys/devices/system/cpu/cpu3/cache/index3/ways_of_associativity
[15Aug2026 02:26:07.298] [main/DEBUG] [oshi.util.FileUtil/]: Reading file /sys/devices/system/cpu/cpu3/cache/index3/coherency_line_size
[15Aug2026 02:26:07.298] [main/DEBUG] [oshi.util.FileUtil/]: Reading file /sys/devices/system/cpu/cpu3/cache/index3/coherency_line_size
[15Aug2026 02:26:07.298] [main/DEBUG] [oshi.util.FileUtil/]: Reading file /sys/devices/system/cpu/cpu3/cache/index3/size
[15Aug2026 02:26:07.298] [main/DEBUG] [oshi.util.FileUtil/]: Reading file /sys/devices/system/cpu/cpu3/cache/index3/size
[15Aug2026 02:26:07.298] [main/DEBUG] [oshi.util.FileUtil/]: Reading file /sys/devices/system/cpu/cpu3/cache/index1/level
[15Aug2026 02:26:07.298] [main/DEBUG] [oshi.util.FileUtil/]: Reading file /sys/devices/system/cpu/cpu3/cache/index1/level
[15Aug2026 02:26:07.298] [main/DEBUG] [oshi.util.FileUtil/]: Reading file /sys/devices/system/cpu/cpu3/cache/index1/type
[15Aug2026 02:26:07.299] [main/DEBUG] [oshi.util.FileUtil/]: Reading file /sys/devices/system/cpu/cpu3/cache/index1/type
[15Aug2026 02:26:07.300] [main/DEBUG] [oshi.util.FileUtil/]: Reading file /sys/devices/system/cpu/cpu3/cache/index1/ways_of_associativity
[15Aug2026 02:26:07.300] [main/DEBUG] [oshi.util.FileUtil/]: Reading file /sys/devices/system/cpu/cpu3/cache/index1/ways_of_associativity
[15Aug2026 02:26:07.300] [main/DEBUG] [oshi.util.FileUtil/]: Reading file /sys/devices/system/cpu/cpu3/cache/index1/coherency_line_size
[15Aug2026 02:26:07.301] [main/DEBUG] [oshi.util.FileUtil/]: Reading file /sys/devices/system/cpu/cpu3/cache/index1/coherency_line_size
[15Aug2026 02:26:07.301] [main/DEBUG] [oshi.util.FileUtil/]: Reading file /sys/devices/system/cpu/cpu3/cache/index1/size
[15Aug2026 02:26:07.301] [main/DEBUG] [oshi.util.FileUtil/]: Reading file /sys/devices/system/cpu/cpu3/cache/index1/size
[15Aug2026 02:26:07.306] [main/DEBUG] [oshi.util.FileUtil/]: Reading file /proc/cpuinfo
[15Aug2026 02:26:07.327] [main/DEBUG] [oshi.util.FileUtil/]: Reading file /proc/self/auxv
[15Aug2026 02:26:07.329] [main/DEBUG] [oshi.util.FileUtil/]: No oshi.architecture.properties file found from ClassLoader cpw.mods.modlauncher.TransformingClassLoader@5584d9c6
[15Aug2026 02:26:07.329] [main/DEBUG] [oshi.util.FileUtil/]: No oshi.architecture.properties file found from ClassLoader jdk.internal.loader.ClassLoaders$AppClassLoader@639fee48
[15Aug2026 02:26:07.373] [main/DEBUG] [oshi.util.FileUtil/]: Reading file /proc/meminfo
[15Aug2026 02:26:07.375] [main/DEBUG] [oshi.util.FileUtil/]: Reading file /proc/meminfo
[15Aug2026 02:26:07.545] [main/INFO] [MixinExtras|Service/]: Initializing MixinExtras via com.llamalad7.mixinextras.service.MixinExtrasServiceImpl(version=0.5.3).
[15Aug2026 02:26:07.548] [main/DEBUG] [mixin/]: Registering new injector for @SugarWrapper with com.llamalad7.mixinextras.sugar.impl.SugarWrapperInjectionInfo
[15Aug2026 02:26:07.548] [main/DEBUG] [mixin/]: Registering new injector for @FactoryRedirectWrapper with com.llamalad7.mixinextras.wrapper.factory.FactoryRedirectWrapperInjectionInfo
[15Aug2026 02:26:07.549] [main/DEBUG] [mixin/]: Registering new injector for @ExpressionInjectorWrapper with com.llamalad7.mixinextras.expression.impl.wrapper.ExpressionInjectorWrapperInjectionInfo
[15Aug2026 02:26:07.577] [main/DEBUG] [mixin/]: Mixing MappedRegistryAccessor from neoforge.mixins.json into net.minecraft.core.MappedRegistry
[15Aug2026 02:26:07.581] [main/DEBUG] [mixin/]: neoforge.mixins.json:MappedRegistryAccessor from mod neoforge: Class version 65 required is higher than the class version supported by the current version of Mixin (JAVA_16 supports class version 60)
[15Aug2026 02:26:09.288] [main/DEBUG] [mixin/]: Mixing BlockEntityTypeAccessor from neoforge.mixins.json into net.minecraft.world.level.block.entity.BlockEntityType
[15Aug2026 02:26:09.289] [main/DEBUG] [mixin/]: neoforge.mixins.json:BlockEntityTypeAccessor from mod neoforge: Class version 65 required is higher than the class version supported by the current version of Mixin (JAVA_16 supports class version 60)
[15Aug2026 02:26:10.718] [main/DEBUG] [io.netty.util.internal.PlatformDependent0/]: -Dio.netty.noUnsafe: false
[15Aug2026 02:26:10.718] [main/DEBUG] [io.netty.util.internal.PlatformDependent0/]: Java version: 21
[15Aug2026 02:26:10.718] [main/DEBUG] [io.netty.util.internal.PlatformDependent0/]: sun.misc.Unsafe.theUnsafe: available
[15Aug2026 02:26:10.719] [main/DEBUG] [io.netty.util.internal.PlatformDependent0/]: sun.misc.Unsafe.copyMemory: available
[15Aug2026 02:26:10.719] [main/DEBUG] [io.netty.util.internal.PlatformDependent0/]: sun.misc.Unsafe.storeFence: available
[15Aug2026 02:26:10.719] [main/DEBUG] [io.netty.util.internal.PlatformDependent0/]: java.nio.Buffer.address: available
[15Aug2026 02:26:10.720] [main/DEBUG] [io.netty.util.internal.PlatformDependent0/]: java.nio.Bits.unaligned: available, true
[15Aug2026 02:26:10.721] [main/DEBUG] [io.netty.util.internal.PlatformDependent0/]: java.nio.DirectByteBuffer.<init>(long, {int,long}): unavailable
[15Aug2026 02:26:10.721] [main/DEBUG] [io.netty.util.internal.PlatformDependent/]: sun.misc.Unsafe: available
[15Aug2026 02:26:10.722] [main/DEBUG] [io.netty.util.internal.PlatformDependent/]: maxDirectMemory: 15032385536 bytes (maybe)
[15Aug2026 02:26:10.722] [main/DEBUG] [io.netty.util.internal.PlatformDependent/]: -Dio.netty.tmpdir: /tmp (java.io.tmpdir)
[15Aug2026 02:26:10.722] [main/DEBUG] [io.netty.util.internal.PlatformDependent/]: -Dio.netty.bitMode: 64 (sun.arch.data.model)
[15Aug2026 02:26:10.723] [main/DEBUG] [io.netty.util.internal.PlatformDependent/]: -Dio.netty.maxDirectMemory: -1 bytes
[15Aug2026 02:26:10.723] [main/DEBUG] [io.netty.util.internal.PlatformDependent/]: -Dio.netty.uninitializedArrayAllocationThreshold: -1
[15Aug2026 02:26:10.724] [main/DEBUG] [io.netty.util.internal.CleanerJava9/]: java.nio.ByteBuffer.cleaner(): available
[15Aug2026 02:26:10.724] [main/DEBUG] [io.netty.util.internal.PlatformDependent/]: -Dio.netty.noPreferDirect: false
[15Aug2026 02:26:13.636] [main/DEBUG] [net.neoforged.fml.ModWorkManager/LOADING]: Using 4 threads for parallel mod-loading
[15Aug2026 02:26:13.648] [main/FATAL] [net.neoforged.fml.ModLoader/CORE]: Error during pre-loading phase: Mod enderscape requires trimmed 3.0.0 or above
Currently, trimmed is not installed

[15Aug2026 02:26:13.649] [main/FATAL] [net.neoforged.fml.ModLoader/CORE]: Error during pre-loading phase: Mod sodiumoptionsapi requires reeses_sodium_options any
Currently, reeses_sodium_options is not installed

[15Aug2026 02:26:13.649] [main/FATAL] [net.neoforged.fml.ModLoader/CORE]: Error during pre-loading phase: Mod rogues requires structure_pool_api any
Currently, structure_pool_api is not installed

[15Aug2026 02:26:13.650] [main/FATAL] [net.neoforged.fml.ModLoader/CORE]: Error during pre-loading phase: Mod particle_core requires fzzy_config 0.7.5 or above
Currently, fzzy_config is not installed

[15Aug2026 02:26:13.675] [main/DEBUG] [oshi.util.FileUtil/]: Reading file /sys/devices/system/cpu/cpu0/topology/core_id
[15Aug2026 02:26:13.675] [main/DEBUG] [oshi.util.FileUtil/]: Reading file /sys/devices/system/cpu/cpu0/topology/core_id
[15Aug2026 02:26:13.675] [main/DEBUG] [oshi.util.FileUtil/]: Reading file /sys/devices/system/cpu/cpu0/topology/physical_package_id
[15Aug2026 02:26:13.675] [main/DEBUG] [oshi.util.FileUtil/]: Reading file /sys/devices/system/cpu/cpu0/topology/physical_package_id
[15Aug2026 02:26:13.675] [main/DEBUG] [oshi.util.FileUtil/]: Reading file /sys/devices/system/cpu/cpu0/cpu_capacity
[15Aug2026 02:26:13.676] [main/DEBUG] [oshi.util.FileUtil/]: Reading file /sys/devices/system/cpu/cpu0/cache/index2/level
[15Aug2026 02:26:13.676] [main/DEBUG] [oshi.util.FileUtil/]: Reading file /sys/devices/system/cpu/cpu0/cache/index2/level
[15Aug2026 02:26:13.676] [main/DEBUG] [oshi.util.FileUtil/]: Reading file /sys/devices/system/cpu/cpu0/cache/index2/type
[15Aug2026 02:26:13.676] [main/DEBUG] [oshi.util.FileUtil/]: Reading file /sys/devices/system/cpu/cpu0/cache/index2/type
[15Aug2026 02:26:13.676] [main/DEBUG] [oshi.util.FileUtil/]: Reading file /sys/devices/system/cpu/cpu0/cache/index2/ways_of_associativity
[15Aug2026 02:26:13.676] [main/DEBUG] [oshi.util.FileUtil/]: Reading file /sys/devices/system/cpu/cpu0/cache/index2/ways_of_associativity
[15Aug2026 02:26:13.676] [main/DEBUG] [oshi.util.FileUtil/]: Reading file /sys/devices/system/cpu/cpu0/cache/index2/coherency_line_size
[15Aug2026 02:26:13.676] [main/DEBUG] [oshi.util.FileUtil/]: Reading file /sys/devices/system/cpu/cpu0/cache/index2/coherency_line_size
[15Aug2026 02:26:13.676] [main/DEBUG] [oshi.util.FileUtil/]: Reading file /sys/devices/system/cpu/cpu0/cache/index2/size
[15Aug2026 02:26:13.676] [main/DEBUG] [oshi.util.FileUtil/]: Reading file /sys/devices/system/cpu/cpu0/cache/index2/size
[15Aug2026 02:26:13.676] [main/DEBUG] [oshi.util.FileUtil/]: Reading file /sys/devices/system/cpu/cpu0/cache/index0/level
[15Aug2026 02:26:13.676] [main/DEBUG] [oshi.util.FileUtil/]: Reading file /sys/devices/system/cpu/cpu0/cache/index0/level
[15Aug2026 02:26:13.677] [main/DEBUG] [oshi.util.FileUtil/]: Reading file /sys/devices/system/cpu/cpu0/cache/index0/type
[15Aug2026 02:26:13.677] [main/DEBUG] [oshi.util.FileUtil/]: Reading file /sys/devices/system/cpu/cpu0/cache/index0/type
[15Aug2026 02:26:13.677] [main/DEBUG] [oshi.util.FileUtil/]: Reading file /sys/devices/system/cpu/cpu0/cache/index0/ways_of_associativity
[15Aug2026 02:26:13.677] [main/DEBUG] [oshi.util.FileUtil/]: Reading file /sys/devices/system/cpu/cpu0/cache/index0/ways_of_associativity
[15Aug2026 02:26:13.677] [main/DEBUG] [oshi.util.FileUtil/]: Reading file /sys/devices/system/cpu/cpu0/cache/index0/coherency_line_size
[15Aug2026 02:26:13.677] [main/DEBUG] [oshi.util.FileUtil/]: Reading file /sys/devices/system/cpu/cpu0/cache/index0/coherency_line_size
[15Aug2026 02:26:13.677] [main/DEBUG] [oshi.util.FileUtil/]: Reading file /sys/devices/system/cpu/cpu0/cache/index0/size
[15Aug2026 02:26:13.677] [main/DEBUG] [oshi.util.FileUtil/]: Reading file /sys/devices/system/cpu/cpu0/cache/index0/size
[15Aug2026 02:26:13.677] [main/DEBUG] [oshi.util.FileUtil/]: Reading file /sys/devices/system/cpu/cpu0/cache/index3/level
[15Aug2026 02:26:13.677] [main/DEBUG] [oshi.util.FileUtil/]: Reading file /sys/devices/system/cpu/cpu0/cache/index3/level
[15Aug2026 02:26:13.677] [main/DEBUG] [oshi.util.FileUtil/]: Reading file /sys/devices/system/cpu/cpu0/cache/index3/type
[15Aug2026 02:26:13.677] [main/DEBUG] [oshi.util.FileUtil/]: Reading file /sys/devices/system/cpu/cpu0/cache/index3/type
[15Aug2026 02:26:13.677] [main/DEBUG] [oshi.util.FileUtil/]: Reading file /sys/devices/system/cpu/cpu0/cache/index3/ways_of_associativity
[15Aug2026 02:26:13.677] [main/DEBUG] [oshi.util.FileUtil/]: Reading file /sys/devices/system/cpu/cpu0/cache/index3/ways_of_associativity
[15Aug2026 02:26:13.677] [main/DEBUG] [oshi.util.FileUtil/]: Reading file /sys/devices/system/cpu/cpu0/cache/index3/coherency_line_size
[15Aug2026 02:26:13.677] [main/DEBUG] [oshi.util.FileUtil/]: Reading file /sys/devices/system/cpu/cpu0/cache/index3/coherency_line_size
[15Aug2026 02:26:13.677] [main/DEBUG] [oshi.util.FileUtil/]: Reading file /sys/devices/system/cpu/cpu0/cache/index3/size
[15Aug2026 02:26:13.678] [main/DEBUG] [oshi.util.FileUtil/]: Reading file /sys/devices/system/cpu/cpu0/cache/index3/size
[15Aug2026 02:26:13.678] [main/DEBUG] [oshi.util.FileUtil/]: Reading file /sys/devices/system/cpu/cpu0/cache/index1/level
[15Aug2026 02:26:13.678] [main/DEBUG] [oshi.util.FileUtil/]: Reading file /sys/devices/system/cpu/cpu0/cache/index1/level
[15Aug2026 02:26:13.678] [main/DEBUG] [oshi.util.FileUtil/]: Reading file /sys/devices/system/cpu/cpu0/cache/index1/type
[15Aug2026 02:26:13.678] [main/DEBUG] [oshi.util.FileUtil/]: Reading file /sys/devices/system/cpu/cpu0/cache/index1/type
[15Aug2026 02:26:13.678] [main/DEBUG] [oshi.util.FileUtil/]: Reading file /sys/devices/system/cpu/cpu0/cache/index1/ways_of_associativity
[15Aug2026 02:26:13.678] [main/DEBUG] [oshi.util.FileUtil/]: Reading file /sys/devices/system/cpu/cpu0/cache/index1/ways_of_associativity
[15Aug2026 02:26:13.678] [main/DEBUG] [oshi.util.FileUtil/]: Reading file /sys/devices/system/cpu/cpu0/cache/index1/coherency_line_size
[15Aug2026 02:26:13.678] [main/DEBUG] [oshi.util.FileUtil/]: Reading file /sys/devices/system/cpu/cpu0/cache/index1/coherency_line_size
[15Aug2026 02:26:13.678] [main/DEBUG] [oshi.util.FileUtil/]: Reading file /sys/devices/system/cpu/cpu0/cache/index1/size
[15Aug2026 02:26:13.678] [main/DEBUG] [oshi.util.FileUtil/]: Reading file /sys/devices/system/cpu/cpu0/cache/index1/size
[15Aug2026 02:26:13.679] [main/DEBUG] [oshi.util.FileUtil/]: Reading file /sys/devices/system/cpu/cpu1/topology/core_id
[15Aug2026 02:26:13.679] [main/DEBUG] [oshi.util.FileUtil/]: Reading file /sys/devices/system/cpu/cpu1/topology/core_id
[15Aug2026 02:26:13.679] [main/DEBUG] [oshi.util.FileUtil/]: Reading file /sys/devices/system/cpu/cpu1/topology/physical_package_id
[15Aug2026 02:26:13.679] [main/DEBUG] [oshi.util.FileUtil/]: Reading file /sys/devices/system/cpu/cpu1/topology/physical_package_id
[15Aug2026 02:26:13.679] [main/DEBUG] [oshi.util.FileUtil/]: Reading file /sys/devices/system/cpu/cpu1/cpu_capacity
[15Aug2026 02:26:13.679] [main/DEBUG] [oshi.util.FileUtil/]: Reading file /sys/devices/system/cpu/cpu1/cache/index2/level
[15Aug2026 02:26:13.679] [main/DEBUG] [oshi.util.FileUtil/]: Reading file /sys/devices/system/cpu/cpu1/cache/index2/level
[15Aug2026 02:26:13.679] [main/DEBUG] [oshi.util.FileUtil/]: Reading file /sys/devices/system/cpu/cpu1/cache/index2/type
[15Aug2026 02:26:13.679] [main/DEBUG] [oshi.util.FileUtil/]: Reading file /sys/devices/system/cpu/cpu1/cache/index2/type
[15Aug2026 02:26:13.679] [main/DEBUG] [oshi.util.FileUtil/]: Reading file /sys/devices/system/cpu/cpu1/cache/index2/ways_of_associativity
[15Aug2026 02:26:13.679] [main/DEBUG] [oshi.util.FileUtil/]: Reading file /sys/devices/system/cpu/cpu1/cache/index2/ways_of_associativity
[15Aug2026 02:26:13.679] [main/DEBUG] [oshi.util.FileUtil/]: Reading file /sys/devices/system/cpu/cpu1/cache/index2/coherency_line_size
[15Aug2026 02:26:13.679] [main/DEBUG] [oshi.util.FileUtil/]: Reading file /sys/devices/system/cpu/cpu1/cache/index2/coherency_line_size
[15Aug2026 02:26:13.680] [main/DEBUG] [oshi.util.FileUtil/]: Reading file /sys/devices/system/cpu/cpu1/cache/index2/size
[15Aug2026 02:26:13.680] [main/DEBUG] [oshi.util.FileUtil/]: Reading file /sys/devices/system/cpu/cpu1/cache/index2/size
[15Aug2026 02:26:13.680] [main/DEBUG] [oshi.util.FileUtil/]: Reading file /sys/devices/system/cpu/cpu1/cache/index0/level
[15Aug2026 02:26:13.680] [main/DEBUG] [oshi.util.FileUtil/]: Reading file /sys/devices/system/cpu/cpu1/cache/index0/level
[15Aug2026 02:26:13.680] [main/DEBUG] [oshi.util.FileUtil/]: Reading file /sys/devices/system/cpu/cpu1/cache/index0/type
[15Aug2026 02:26:13.680] [main/DEBUG] [oshi.util.FileUtil/]: Reading file /sys/devices/system/cpu/cpu1/cache/index0/type
[15Aug2026 02:26:13.680] [main/DEBUG] [oshi.util.FileUtil/]: Reading file /sys/devices/system/cpu/cpu1/cache/index0/ways_of_associativity
[15Aug2026 02:26:13.680] [main/DEBUG] [oshi.util.FileUtil/]: Reading file /sys/devices/system/cpu/cpu1/cache/index0/ways_of_associativity
[15Aug2026 02:26:13.680] [main/DEBUG] [oshi.util.FileUtil/]: Reading file /sys/devices/system/cpu/cpu1/cache/index0/coherency_line_size
[15Aug2026 02:26:13.680] [main/DEBUG] [oshi.util.FileUtil/]: Reading file /sys/devices/system/cpu/cpu1/cache/index0/coherency_line_size
[15Aug2026 02:26:13.680] [main/DEBUG] [oshi.util.FileUtil/]: Reading file /sys/devices/system/cpu/cpu1/cache/index0/size
[15Aug2026 02:26:13.680] [main/DEBUG] [oshi.util.FileUtil/]: Reading file /sys/devices/system/cpu/cpu1/cache/index0/size
[15Aug2026 02:26:13.680] [main/DEBUG] [oshi.util.FileUtil/]: Reading file /sys/devices/system/cpu/cpu1/cache/index3/level
[15Aug2026 02:26:13.680] [main/DEBUG] [oshi.util.FileUtil/]: Reading file /sys/devices/system/cpu/cpu1/cache/index3/level
[15Aug2026 02:26:13.680] [main/DEBUG] [oshi.util.FileUtil/]: Reading file /sys/devices/system/cpu/cpu1/cache/index3/type
[15Aug2026 02:26:13.680] [main/DEBUG] [oshi.util.FileUtil/]: Reading file /sys/devices/system/cpu/cpu1/cache/index3/type
[15Aug2026 02:26:13.680] [main/DEBUG] [oshi.util.FileUtil/]: Reading file /sys/devices/system/cpu/cpu1/cache/index3/ways_of_associativity
[15Aug2026 02:26:13.680] [main/DEBUG] [oshi.util.FileUtil/]: Reading file /sys/devices/system/cpu/cpu1/cache/index3/ways_of_associativity
[15Aug2026 02:26:13.680] [main/DEBUG] [oshi.util.FileUtil/]: Reading file /sys/devices/system/cpu/cpu1/cache/index3/coherency_line_size
[15Aug2026 02:26:13.680] [main/DEBUG] [oshi.util.FileUtil/]: Reading file /sys/devices/system/cpu/cpu1/cache/index3/coherency_line_size
[15Aug2026 02:26:13.681] [main/DEBUG] [oshi.util.FileUtil/]: Reading file /sys/devices/system/cpu/cpu1/cache/index3/size
[15Aug2026 02:26:13.681] [main/DEBUG] [oshi.util.FileUtil/]: Reading file /sys/devices/system/cpu/cpu1/cache/index3/size
[15Aug2026 02:26:13.681] [main/DEBUG] [oshi.util.FileUtil/]: Reading file /sys/devices/system/cpu/cpu1/cache/index1/level
[15Aug2026 02:26:13.681] [main/DEBUG] [oshi.util.FileUtil/]: Reading file /sys/devices/system/cpu/cpu1/cache/index1/level
[15Aug2026 02:26:13.681] [main/DEBUG] [oshi.util.FileUtil/]: Reading file /sys/devices/system/cpu/cpu1/cache/index1/type
[15Aug2026 02:26:13.681] [main/DEBUG] [oshi.util.FileUtil/]: Reading file /sys/devices/system/cpu/cpu1/cache/index1/type
[15Aug2026 02:26:13.681] [main/DEBUG] [oshi.util.FileUtil/]: Reading file /sys/devices/system/cpu/cpu1/cache/index1/ways_of_associativity
[15Aug2026 02:26:13.681] [main/DEBUG] [oshi.util.FileUtil/]: Reading file /sys/devices/system/cpu/cpu1/cache/index1/ways_of_associativity
[15Aug2026 02:26:13.681] [main/DEBUG] [oshi.util.FileUtil/]: Reading file /sys/devices/system/cpu/cpu1/cache/index1/coherency_line_size
[15Aug2026 02:26:13.681] [main/DEBUG] [oshi.util.FileUtil/]: Reading file /sys/devices/system/cpu/cpu1/cache/index1/coherency_line_size
[15Aug2026 02:26:13.681] [main/DEBUG] [oshi.util.FileUtil/]: Reading file /sys/devices/system/cpu/cpu1/cache/index1/size
[15Aug2026 02:26:13.681] [main/DEBUG] [oshi.util.FileUtil/]: Reading file /sys/devices/system/cpu/cpu1/cache/index1/size
[15Aug2026 02:26:13.682] [main/DEBUG] [oshi.util.FileUtil/]: Reading file /sys/devices/system/cpu/cpu2/topology/core_id
[15Aug2026 02:26:13.682] [main/DEBUG] [oshi.util.FileUtil/]: Reading file /sys/devices/system/cpu/cpu2/topology/core_id
[15Aug2026 02:26:13.682] [main/DEBUG] [oshi.util.FileUtil/]: Reading file /sys/devices/system/cpu/cpu2/topology/physical_package_id
[15Aug2026 02:26:13.682] [main/DEBUG] [oshi.util.FileUtil/]: Reading file /sys/devices/system/cpu/cpu2/topology/physical_package_id
[15Aug2026 02:26:13.682] [main/DEBUG] [oshi.util.FileUtil/]: Reading file /sys/devices/system/cpu/cpu2/cpu_capacity
[15Aug2026 02:26:13.682] [main/DEBUG] [oshi.util.FileUtil/]: Reading file /sys/devices/system/cpu/cpu2/cache/index2/level
[15Aug2026 02:26:13.683] [main/DEBUG] [oshi.util.FileUtil/]: Reading file /sys/devices/system/cpu/cpu2/cache/index2/level
[15Aug2026 02:26:13.683] [main/DEBUG] [oshi.util.FileUtil/]: Reading file /sys/devices/system/cpu/cpu2/cache/index2/type
[15Aug2026 02:26:13.683] [main/DEBUG] [oshi.util.FileUtil/]: Reading file /sys/devices/system/cpu/cpu2/cache/index2/type
[15Aug2026 02:26:13.683] [main/DEBUG] [oshi.util.FileUtil/]: Reading file /sys/devices/system/cpu/cpu2/cache/index2/ways_of_associativity
[15Aug2026 02:26:13.683] [main/DEBUG] [oshi.util.FileUtil/]: Reading file /sys/devices/system/cpu/cpu2/cache/index2/ways_of_associativity
[15Aug2026 02:26:13.683] [main/DEBUG] [oshi.util.FileUtil/]: Reading file /sys/devices/system/cpu/cpu2/cache/index2/coherency_line_size
[15Aug2026 02:26:13.683] [main/DEBUG] [oshi.util.FileUtil/]: Reading file /sys/devices/system/cpu/cpu2/cache/index2/coherency_line_size
[15Aug2026 02:26:13.683] [main/DEBUG] [oshi.util.FileUtil/]: Reading file /sys/devices/system/cpu/cpu2/cache/index2/size
[15Aug2026 02:26:13.683] [main/DEBUG] [oshi.util.FileUtil/]: Reading file /sys/devices/system/cpu/cpu2/cache/index2/size
[15Aug2026 02:26:13.683] [main/DEBUG] [oshi.util.FileUtil/]: Reading file /sys/devices/system/cpu/cpu2/cache/index0/level
[15Aug2026 02:26:13.683] [main/DEBUG] [oshi.util.FileUtil/]: Reading file /sys/devices/system/cpu/cpu2/cache/index0/level
[15Aug2026 02:26:13.683] [main/DEBUG] [oshi.util.FileUtil/]: Reading file /sys/devices/system/cpu/cpu2/cache/index0/type
[15Aug2026 02:26:13.683] [main/DEBUG] [oshi.util.FileUtil/]: Reading file /sys/devices/system/cpu/cpu2/cache/index0/type
[15Aug2026 02:26:13.683] [main/DEBUG] [oshi.util.FileUtil/]: Reading file /sys/devices/system/cpu/cpu2/cache/index0/ways_of_associativity
[15Aug2026 02:26:13.683] [main/DEBUG] [oshi.util.FileUtil/]: Reading file /sys/devices/system/cpu/cpu2/cache/index0/ways_of_associativity
[15Aug2026 02:26:13.683] [main/DEBUG] [oshi.util.FileUtil/]: Reading file /sys/devices/system/cpu/cpu2/cache/index0/coherency_line_size
[15Aug2026 02:26:13.683] [main/DEBUG] [oshi.util.FileUtil/]: Reading file /sys/devices/system/cpu/cpu2/cache/index0/coherency_line_size
[15Aug2026 02:26:13.683] [main/DEBUG] [oshi.util.FileUtil/]: Reading file /sys/devices/system/cpu/cpu2/cache/index0/size
[15Aug2026 02:26:13.683] [main/DEBUG] [oshi.util.FileUtil/]: Reading file /sys/devices/system/cpu/cpu2/cache/index0/size
[15Aug2026 02:26:13.684] [main/DEBUG] [oshi.util.FileUtil/]: Reading file /sys/devices/system/cpu/cpu2/cache/index3/level
[15Aug2026 02:26:13.684] [main/DEBUG] [oshi.util.FileUtil/]: Reading file /sys/devices/system/cpu/cpu2/cache/index3/level
[15Aug2026 02:26:13.684] [main/DEBUG] [oshi.util.FileUtil/]: Reading file /sys/devices/system/cpu/cpu2/cache/index3/type
[15Aug2026 02:26:13.684] [main/DEBUG] [oshi.util.FileUtil/]: Reading file /sys/devices/system/cpu/cpu2/cache/index3/type
[15Aug2026 02:26:13.684] [main/DEBUG] [oshi.util.FileUtil/]: Reading file /sys/devices/system/cpu/cpu2/cache/index3/ways_of_associativity
[15Aug2026 02:26:13.684] [main/DEBUG] [oshi.util.FileUtil/]: Reading file /sys/devices/system/cpu/cpu2/cache/index3/ways_of_associativity
[15Aug2026 02:26:13.684] [main/DEBUG] [oshi.util.FileUtil/]: Reading file /sys/devices/system/cpu/cpu2/cache/index3/coherency_line_size
[15Aug2026 02:26:13.684] [main/DEBUG] [oshi.util.FileUtil/]: Reading file /sys/devices/system/cpu/cpu2/cache/index3/coherency_line_size
[15Aug2026 02:26:13.684] [main/DEBUG] [oshi.util.FileUtil/]: Reading file /sys/devices/system/cpu/cpu2/cache/index3/size
[15Aug2026 02:26:13.684] [main/DEBUG] [oshi.util.FileUtil/]: Reading file /sys/devices/system/cpu/cpu2/cache/index3/size
[15Aug2026 02:26:13.684] [main/DEBUG] [oshi.util.FileUtil/]: Reading file /sys/devices/system/cpu/cpu2/cache/index1/level
[15Aug2026 02:26:13.684] [main/DEBUG] [oshi.util.FileUtil/]: Reading file /sys/devices/system/cpu/cpu2/cache/index1/level
[15Aug2026 02:26:13.684] [main/DEBUG] [oshi.util.FileUtil/]: Reading file /sys/devices/system/cpu/cpu2/cache/index1/type
[15Aug2026 02:26:13.684] [main/DEBUG] [oshi.util.FileUtil/]: Reading file /sys/devices/system/cpu/cpu2/cache/index1/type
[15Aug2026 02:26:13.684] [main/DEBUG] [oshi.util.FileUtil/]: Reading file /sys/devices/system/cpu/cpu2/cache/index1/ways_of_associativity
[15Aug2026 02:26:13.684] [main/DEBUG] [oshi.util.FileUtil/]: Reading file /sys/devices/system/cpu/cpu2/cache/index1/ways_of_associativity
[15Aug2026 02:26:13.684] [main/DEBUG] [oshi.util.FileUtil/]: Reading file /sys/devices/system/cpu/cpu2/cache/index1/coherency_line_size
[15Aug2026 02:26:13.684] [main/DEBUG] [oshi.util.FileUtil/]: Reading file /sys/devices/system/cpu/cpu2/cache/index1/coherency_line_size
[15Aug2026 02:26:13.684] [main/DEBUG] [oshi.util.FileUtil/]: Reading file /sys/devices/system/cpu/cpu2/cache/index1/size
[15Aug2026 02:26:13.684] [main/DEBUG] [oshi.util.FileUtil/]: Reading file /sys/devices/system/cpu/cpu2/cache/index1/size
[15Aug2026 02:26:13.685] [main/DEBUG] [oshi.util.FileUtil/]: Reading file /sys/devices/system/cpu/cpu3/topology/core_id
[15Aug2026 02:26:13.685] [main/DEBUG] [oshi.util.FileUtil/]: Reading file /sys/devices/system/cpu/cpu3/topology/core_id
[15Aug2026 02:26:13.685] [main/DEBUG] [oshi.util.FileUtil/]: Reading file /sys/devices/system/cpu/cpu3/topology/physical_package_id
[15Aug2026 02:26:13.685] [main/DEBUG] [oshi.util.FileUtil/]: Reading file /sys/devices/system/cpu/cpu3/topology/physical_package_id
[15Aug2026 02:26:13.685] [main/DEBUG] [oshi.util.FileUtil/]: Reading file /sys/devices/system/cpu/cpu3/cpu_capacity
[15Aug2026 02:26:13.685] [main/DEBUG] [oshi.util.FileUtil/]: Reading file /sys/devices/system/cpu/cpu3/cache/index2/level
[15Aug2026 02:26:13.685] [main/DEBUG] [oshi.util.FileUtil/]: Reading file /sys/devices/system/cpu/cpu3/cache/index2/level
[15Aug2026 02:26:13.685] [main/DEBUG] [oshi.util.FileUtil/]: Reading file /sys/devices/system/cpu/cpu3/cache/index2/type
[15Aug2026 02:26:13.685] [main/DEBUG] [oshi.util.FileUtil/]: Reading file /sys/devices/system/cpu/cpu3/cache/index2/type
[15Aug2026 02:26:13.686] [main/DEBUG] [oshi.util.FileUtil/]: Reading file /sys/devices/system/cpu/cpu3/cache/index2/ways_of_associativity
[15Aug2026 02:26:13.686] [main/DEBUG] [oshi.util.FileUtil/]: Reading file /sys/devices/system/cpu/cpu3/cache/index2/ways_of_associativity
[15Aug2026 02:26:13.686] [main/DEBUG] [oshi.util.FileUtil/]: Reading file /sys/devices/system/cpu/cpu3/cache/index2/coherency_line_size
[15Aug2026 02:26:13.686] [main/DEBUG] [oshi.util.FileUtil/]: Reading file /sys/devices/system/cpu/cpu3/cache/index2/coherency_line_size
[15Aug2026 02:26:13.686] [main/DEBUG] [oshi.util.FileUtil/]: Reading file /sys/devices/system/cpu/cpu3/cache/index2/size
[15Aug2026 02:26:13.686] [main/DEBUG] [oshi.util.FileUtil/]: Reading file /sys/devices/system/cpu/cpu3/cache/index2/size
[15Aug2026 02:26:13.686] [main/DEBUG] [oshi.util.FileUtil/]: Reading file /sys/devices/system/cpu/cpu3/cache/index0/level
[15Aug2026 02:26:13.686] [main/DEBUG] [oshi.util.FileUtil/]: Reading file /sys/devices/system/cpu/cpu3/cache/index0/level
[15Aug2026 02:26:13.686] [main/DEBUG] [oshi.util.FileUtil/]: Reading file /sys/devices/system/cpu/cpu3/cache/index0/type
[15Aug2026 02:26:13.686] [main/DEBUG] [oshi.util.FileUtil/]: Reading file /sys/devices/system/cpu/cpu3/cache/index0/type
[15Aug2026 02:26:13.686] [main/DEBUG] [oshi.util.FileUtil/]: Reading file /sys/devices/system/cpu/cpu3/cache/index0/ways_of_associativity
[15Aug2026 02:26:13.686] [main/DEBUG] [oshi.util.FileUtil/]: Reading file /sys/devices/system/cpu/cpu3/cache/index0/ways_of_associativity
[15Aug2026 02:26:13.686] [main/DEBUG] [oshi.util.FileUtil/]: Reading file /sys/devices/system/cpu/cpu3/cache/index0/coherency_line_size
[15Aug2026 02:26:13.686] [main/DEBUG] [oshi.util.FileUtil/]: Reading file /sys/devices/system/cpu/cpu3/cache/index0/coherency_line_size
[15Aug2026 02:26:13.686] [main/DEBUG] [oshi.util.FileUtil/]: Reading file /sys/devices/system/cpu/cpu3/cache/index0/size
[15Aug2026 02:26:13.686] [main/DEBUG] [oshi.util.FileUtil/]: Reading file /sys/devices/system/cpu/cpu3/cache/index0/size
[15Aug2026 02:26:13.686] [main/DEBUG] [oshi.util.FileUtil/]: Reading file /sys/devices/system/cpu/cpu3/cache/index3/level
[15Aug2026 02:26:13.686] [main/DEBUG] [oshi.util.FileUtil/]: Reading file /sys/devices/system/cpu/cpu3/cache/index3/level
[15Aug2026 02:26:13.686] [main/DEBUG] [oshi.util.FileUtil/]: Reading file /sys/devices/system/cpu/cpu3/cache/index3/type
[15Aug2026 02:26:13.686] [main/DEBUG] [oshi.util.FileUtil/]: Reading file /sys/devices/system/cpu/cpu3/cache/index3/type
[15Aug2026 02:26:13.686] [main/DEBUG] [oshi.util.FileUtil/]: Reading file /sys/devices/system/cpu/cpu3/cache/index3/ways_of_associativity
[15Aug2026 02:26:13.687] [main/DEBUG] [oshi.util.FileUtil/]: Reading file /sys/devices/system/cpu/cpu3/cache/index3/ways_of_associativity
[15Aug2026 02:26:13.687] [main/DEBUG] [oshi.util.FileUtil/]: Reading file /sys/devices/system/cpu/cpu3/cache/index3/coherency_line_size
[15Aug2026 02:26:13.687] [main/DEBUG] [oshi.util.FileUtil/]: Reading file /sys/devices/system/cpu/cpu3/cache/index3/coherency_line_size
[15Aug2026 02:26:13.687] [main/DEBUG] [oshi.util.FileUtil/]: Reading file /sys/devices/system/cpu/cpu3/cache/index3/size
[15Aug2026 02:26:13.687] [main/DEBUG] [oshi.util.FileUtil/]: Reading file /sys/devices/system/cpu/cpu3/cache/index3/size
[15Aug2026 02:26:13.687] [main/DEBUG] [oshi.util.FileUtil/]: Reading file /sys/devices/system/cpu/cpu3/cache/index1/level
[15Aug2026 02:26:13.687] [main/DEBUG] [oshi.util.FileUtil/]: Reading file /sys/devices/system/cpu/cpu3/cache/index1/level
[15Aug2026 02:26:13.687] [main/DEBUG] [oshi.util.FileUtil/]: Reading file /sys/devices/system/cpu/cpu3/cache/index1/type
[15Aug2026 02:26:13.687] [main/DEBUG] [oshi.util.FileUtil/]: Reading file /sys/devices/system/cpu/cpu3/cache/index1/type
[15Aug2026 02:26:13.687] [main/DEBUG] [oshi.util.FileUtil/]: Reading file /sys/devices/system/cpu/cpu3/cache/index1/ways_of_associativity
[15Aug2026 02:26:13.687] [main/DEBUG] [oshi.util.FileUtil/]: Reading file /sys/devices/system/cpu/cpu3/cache/index1/ways_of_associativity
[15Aug2026 02:26:13.687] [main/DEBUG] [oshi.util.FileUtil/]: Reading file /sys/devices/system/cpu/cpu3/cache/index1/coherency_line_size
[15Aug2026 02:26:13.687] [main/DEBUG] [oshi.util.FileUtil/]: Reading file /sys/devices/system/cpu/cpu3/cache/index1/coherency_line_size
[15Aug2026 02:26:13.687] [main/DEBUG] [oshi.util.FileUtil/]: Reading file /sys/devices/system/cpu/cpu3/cache/index1/size
[15Aug2026 02:26:13.687] [main/DEBUG] [oshi.util.FileUtil/]: Reading file /sys/devices/system/cpu/cpu3/cache/index1/size
[15Aug2026 02:26:13.688] [main/DEBUG] [oshi.util.FileUtil/]: Reading file /proc/cpuinfo
[15Aug2026 02:26:13.703] [main/DEBUG] [oshi.util.FileUtil/]: Reading file /proc/self/auxv
[15Aug2026 02:26:13.704] [main/DEBUG] [oshi.util.FileUtil/]: No oshi.architecture.properties file found from ClassLoader cpw.mods.modlauncher.TransformingClassLoader@5584d9c6
[15Aug2026 02:26:13.704] [main/DEBUG] [oshi.util.FileUtil/]: No oshi.architecture.properties file found from ClassLoader jdk.internal.loader.ClassLoaders$AppClassLoader@639fee48
[15Aug2026 02:26:13.719] [main/DEBUG] [oshi.util.FileUtil/]: Reading file /proc/meminfo
[15Aug2026 02:26:13.720] [main/DEBUG] [oshi.util.FileUtil/]: Reading file /proc/meminfo
[15Aug2026 02:26:13.724] [main/ERROR] [net.minecraft.CrashReport/]: Negative index in crash report handler (0/25)
[15Aug2026 02:26:13.746] [main/FATAL] [net.neoforged.neoforge.server.loading.ServerModLoader/]: Crash report saved to ./crash-reports/crash-2026-08-15_02.26.13-fml.txt
[15Aug2026 02:26:13.747] [main/ERROR] [net.minecraft.server.Main/FATAL]: Failed to start the minecraft server
net.neoforged.fml.ModLoadingException: Loading errors encountered:
	- Mod enderscape requires trimmed 3.0.0 or above
	  Currently, trimmed is not installed
	  
	- Mod sodiumoptionsapi requires reeses_sodium_options any
	  Currently, reeses_sodium_options is not installed
	  
	- Mod rogues requires structure_pool_api any
	  Currently, structure_pool_api is not installed
	  
	- Mod particle_core requires fzzy_config 0.7.5 or above
	  Currently, fzzy_config is not installed
	  

	at MC-BOOTSTRAP/fml_loader@4.0.43/net.neoforged.fml.ModLoader.gatherAndInitializeMods(ModLoader.java:110) ~[loader-4.0.43.jar%2359!/:4.0]
	at TRANSFORMER/neoforge@21.1.248/net.neoforged.neoforge.internal.CommonModLoader.begin(CommonModLoader.java:49) ~[neoforge-21.1.248-universal.jar%23290!/:?]
	at TRANSFORMER/neoforge@21.1.248/net.neoforged.neoforge.server.loading.ServerModLoader.load(ServerModLoader.java:34) ~[neoforge-21.1.248-universal.jar%23290!/:?]
	at TRANSFORMER/minecraft@1.21.1/net.minecraft.server.Main.main(Main.java:124) ~[server-1.21.1-20240808.144430-srg.jar%23289!/:?]
	at java.base/jdk.internal.reflect.DirectMethodHandleAccessor.invoke(DirectMethodHandleAccessor.java:103) ~[?:?]
	at java.base/java.lang.reflect.Method.invoke(Method.java:580) ~[?:?]
	at MC-BOOTSTRAP/fml_loader@4.0.43/net.neoforged.fml.loading.targets.CommonLaunchHandler.runTarget(CommonLaunchHandler.java:136) ~[loader-4.0.43.jar%2359!/:4.0]
	at MC-BOOTSTRAP/fml_loader@4.0.43/net.neoforged.fml.loading.targets.CommonLaunchHandler.serverService(CommonLaunchHandler.java:128) ~[loader-4.0.43.jar%2359!/:4.0]
	at MC-BOOTSTRAP/fml_loader@4.0.43/net.neoforged.fml.loading.targets.CommonServerLaunchHandler.runService(CommonServerLaunchHandler.java:32) ~[loader-4.0.43.jar%2359!/:4.0]
	at MC-BOOTSTRAP/fml_loader@4.0.43/net.neoforged.fml.loading.targets.CommonLaunchHandler.lambda$launchService$4(CommonLaunchHandler.java:118) ~[loader-4.0.43.jar%2359!/:4.0]
	at MC-BOOTSTRAP/cpw.mods.modlauncher@11.0.5/cpw.mods.modlauncher.LaunchServiceHandlerDecorator.launch(LaunchServiceHandlerDecorator.java:30) [modlauncher-11.0.5.jar%2364!/:?]
	at MC-BOOTSTRAP/cpw.mods.modlauncher@11.0.5/cpw.mods.modlauncher.LaunchServiceHandler.launch(LaunchServiceHandler.java:53) [modlauncher-11.0.5.jar%2364!/:?]
	at MC-BOOTSTRAP/cpw.mods.modlauncher@11.0.5/cpw.mods.modlauncher.LaunchServiceHandler.launch(LaunchServiceHandler.java:71) [modlauncher-11.0.5.jar%2364!/:?]
	at MC-BOOTSTRAP/cpw.mods.modlauncher@11.0.5/cpw.mods.modlauncher.Launcher.run(Launcher.java:103) [modlauncher-11.0.5.jar%2364!/:?]
	at MC-BOOTSTRAP/cpw.mods.modlauncher@11.0.5/cpw.mods.modlauncher.Launcher.main(Launcher.java:74) [modlauncher-11.0.5.jar%2364!/:?]
	at MC-BOOTSTRAP/cpw.mods.modlauncher@11.0.5/cpw.mods.modlauncher.BootstrapLaunchConsumer.accept(BootstrapLaunchConsumer.java:26) [modlauncher-11.0.5.jar%2364!/:?]
	at MC-BOOTSTRAP/cpw.mods.modlauncher@11.0.5/cpw.mods.modlauncher.BootstrapLaunchConsumer.accept(BootstrapLaunchConsumer.java:23) [modlauncher-11.0.5.jar%2364!/:?]
	at cpw.mods.bootstraplauncher@2.0.2/cpw.mods.bootstraplauncher.BootstrapLauncher.run(BootstrapLauncher.java:210) [bootstraplauncher-2.0.2.jar:?]
	at cpw.mods.bootstraplauncher@2.0.2/cpw.mods.bootstraplauncher.BootstrapLauncher.main(BootstrapLauncher.java:69) [bootstraplauncher-2.0.2.jar:?]
	at java.base/jdk.internal.reflect.DirectMethodHandleAccessor.invoke(DirectMethodHandleAccessor.java:103) ~[?:?]
	at java.base/java.lang.reflect.Method.invoke(Method.java:580) ~[?:?]
	at net.neoforged.serverstarterjar.Main.mainLaunch(Main.java:306) [neoforge.jar:0.1.35]
	at net.neoforged.serverstarterjar.Main.main(Main.java:76) [neoforge.jar:0.1.35]
	at java.base/jdk.internal.reflect.DirectMethodHandleAccessor.invoke(DirectMethodHandleAccessor.java:103) ~[?:?]
	at java.base/java.lang.reflect.Method.invoke(Method.java:580) ~[?:?]
	at net.neoforged.serverstarterjar.Main8.main(Main8.java:19) [neoforge.jar:0.1.35]
